{
    "logistics_signavio_2.txt": {
        "0": [
            0.83,
            0.63375,
            1.0,
            0.9999999999999999
        ],
        "1": [
            0.83,
            0.6025,
            1.0,
            0.9999999999999999
        ],
        "2": [
            0.81,
            0.5925,
            1.0,
            0.9999999999999999
        ]
    },
    "manufacturing_aris_3.txt": {
        "0": [
            0.74,
            0.5700000000000001,
            0.9870226177233965,
            0.9827586206896551
        ],
        "1": [
            0.8,
            0.5666666666666667,
            0.9472389894925108,
            0.8888888888888888
        ],
        "2": [
            0.73,
            0.565,
            0.9743589743589743,
            0.9166666666666666
        ]
    },
    "logistics_cimino_3.txt": {
        "0": [
            0.81,
            0.5102631578947369,
            0.9598461538461538,
            0.9416666666666665
        ],
        "1": [
            0.76,
            0.48526315789473684,
            0.9513903371567605,
            0.9194444444444443
        ],
        "2": [
            0.76,
            0.5115789473684211,
            0.8950587936990905,
            0.8504273504273504
        ]
    },
    "tourism_fouad_3.txt": {
        "0": [
            0.78,
            0.5076470588235295,
            0.8969267139479905,
            0.8444444444444443
        ],
        "1": [
            0.79,
            0.5126470588235295,
            0.9234042553191488,
            0.8777777777777778
        ],
        "2": [
            0.79,
            0.5126470588235295,
            0.8767676767676768,
            0.8222222222222222
        ]
    },
    "tourism_web_5.txt": {
        "0": [
            0.76,
            0.48714285714285716,
            0.8880313309081375,
            0.8373015873015872
        ],
        "1": [
            0.78,
            0.5328571428571429,
            0.9036707937725055,
            0.8582375478927202
        ],
        "2": [
            0.77,
            0.49214285714285716,
            0.8880313309081375,
            0.8373015873015872
        ]
    },
    "gdpr_2_consent_to_use_the_data.txt": {
        "0": [
            0.81,
            0.465,
            0.7318723620299014,
            0.7026374859708193
        ],
        "1": [
            0.79,
            0.505,
            0.7318723620299014,
            0.7026374859708193
        ],
        "2": [
            0.86,
            0.54,
            0.6882319079462198,
            0.6715341824037476
        ]
    },
    "healthcare_klessascheck_1.txt": {
        "0": [
            0.83,
            0.4388095238095238,
            0.9109990856747474,
            0.9015873015873015
        ],
        "1": [
            0.84,
            0.4676190476190476,
            0.8809634809634811,
            0.8686868686868687
        ],
        "2": [
            0.84,
            0.5152380952380953,
            0.8502095517562273,
            0.8315412186379927
        ]
    },
    "gdpr_7_right_to_be_forgotten.txt": {
        "0": [
            0.83,
            0.6372222222222221,
            0.9619841683416462,
            0.9181286549707601
        ],
        "1": [
            0.83,
            0.6372222222222221,
            0.9619841683416462,
            0.9181286549707601
        ],
        "2": [
            0.83,
            0.6372222222222221,
            0.9619841683416462,
            0.9181286549707601
        ]
    },
    "logistics_klessascheck_5.txt": {
        "0": [
            0.82,
            0.49823529411764705,
            0.8864514348785874,
            0.8506944444444444
        ],
        "1": [
            0.83,
            0.5620588235294117,
            0.8889876192168711,
            0.8562091503267972
        ],
        "2": [
            0.85,
            0.6602941176470588,
            0.7873459873459875,
            0.7525252525252525
        ]
    },
    "gdpr_4_right_of_portability.txt": {
        "0": [
            0.8,
            0.6000000000000001,
            0.9843137254901961,
            0.9444444444444444
        ],
        "1": [
            0.83,
            0.665,
            0.9843137254901961,
            0.9444444444444444
        ],
        "2": [
            0.81,
            0.655,
            1.0,
            0.9999999999999999
        ]
    },
    "gdpr_5_right_to_withdraw.txt": {
        "0": [
            0.84,
            0.62,
            0.9257552483358934,
            0.8888888888888888
        ],
        "1": [
            0.83,
            0.5816666666666667,
            0.8809523809523808,
            0.8373015873015872
        ],
        "2": [
            0.83,
            0.5816666666666667,
            0.8946919269499913,
            0.8518518518518519
        ]
    },
    "healthcare_bpmai_2.txt": {
        "0": [
            0.79,
            0.395,
            0.7720068140823312,
            0.8309023906849993
        ],
        "1": [
            0.74,
            0.3804166666666667,
            0.7611966103170841,
            0.8512691012691013
        ],
        "2": [
            0.79,
            0.42625,
            0.7024734553134921,
            0.7895807895807896
        ]
    },
    "tourism_corradini_2.txt": {
        "0": [
            0.72,
            0.47904761904761906,
            0.8696581196581198,
            0.7916666666666666
        ],
        "1": [
            0.73,
            0.48404761904761906,
            0.8727684448891464,
            0.8006535947712418
        ],
        "2": [
            0.75,
            0.44642857142857145,
            0.876376858090044,
            0.8333333333333333
        ]
    },
    "manufacturing_bpmai_1.txt": {
        "0": [
            0.81,
            0.855,
            1.0,
            1.0
        ],
        "1": [
            0.79,
            0.795,
            1.0,
            1.0
        ],
        "2": [
            0.8,
            0.8500000000000001,
            1.0,
            1.0
        ]
    },
    "healthcare_redeker_5.txt": {
        "0": [
            0.78,
            0.515,
            0.9092567073274468,
            0.8835978835978835
        ],
        "1": [
            0.72,
            0.4433333333333333,
            0.8590626024254343,
            0.7962962962962963
        ],
        "2": [
            0.72,
            0.4433333333333333,
            0.9396008778645434,
            0.9206349206349205
        ]
    },
    "manufacturing_tomaskova_4.txt": {
        "0": [
            0.81,
            0.605,
            0.8816049480502933,
            0.7860215053763441
        ],
        "1": [
            0.81,
            0.6716666666666666,
            0.911780230582654,
            0.8193548387096774
        ],
        "2": [
            0.82,
            0.6433333333333333,
            0.8926610644257703,
            0.7999999999999999
        ]
    },
    "logistics_bpmai_1.txt": {
        "0": [
            0.83,
            0.5620588235294117,
            0.9358891982580139,
            0.89272030651341
        ],
        "1": [
            0.8,
            0.4882352941176471,
            0.901994301994302,
            0.8240740740740741
        ],
        "2": [
            0.8,
            0.4882352941176471,
            0.901994301994302,
            0.8240740740740741
        ]
    },
    "tourism_bpmai_1.txt": {
        "0": [
            0.78,
            0.55,
            0.8018404923714747,
            0.7791327913279132
        ],
        "1": [
            0.77,
            0.485,
            0.8805520229852574,
            0.8646825396825395
        ],
        "2": [
            0.76,
            0.48,
            0.8390089962790259,
            0.8480158730158729
        ]
    },