{
    "logistics_signavio_2.txt": {
        "0": [
            0.820540726184845,
            0.5977703630924225,
            1.0,
            0.9999999999999999
        ],
        "1": [
            0.8382723927497864,
            0.5753861963748932,
            0.96,
            0.95
        ],
        "2": [
            0.814993143081665,
            0.5637465715408325,
            0.96,
            0.95
        ]
    },
    "manufacturing_aris_3.txt": {
        "0": [
            0.7726417183876038,
            0.48632085919380186,
            0.9012551652584567,
            0.8149425287356321
        ],
        "1": [
            0.7986454367637634,
            0.4993227183818817,
            0.9012551652584567,
            0.8149425287356321
        ],
        "2": [
            0.7625905871391296,
            0.5146286269028981,
            0.8901377410468321,
            0.7999999999999999
        ]
    },
    "logistics_cimino_3.txt": {
        "0": [
            0.7502933740615845,
            0.4540940554518449,
            0.8906645056726094,
            0.85
        ],
        "1": [
            0.7320300936698914,
            0.3923308363086299,
            0.9100648298217179,
            0.8749999999999999
        ],
        "2": [
            0.7371530532836914,
            0.44752389506289836,
            0.9100648298217179,
            0.8749999999999999
        ]
    },
    "tourism_fouad_3.txt": {
        "0": [
            0.7042152285575867,
            0.41093114369055805,
            0.8516273849607182,
            0.7888888888888889
        ],
        "1": [
            0.7164235711097717,
            0.4170353149666506,
            0.8516273849607182,
            0.7888888888888889
        ],
        "2": [
            0.716583788394928,
            0.44652718831511107,
            0.8516273849607182,
            0.7888888888888889
        ]
    },
    "tourism_web_5.txt": {
        "0": [
            0.7827184200286865,
            0.534216352871486,
            0.8880313309081375,
            0.8373015873015872
        ],
        "1": [
            0.7856003642082214,
            0.49994303924696787,
            0.8880313309081375,
            0.8373015873015872
        ],
        "2": [
            0.7729464173316956,
            0.49361606580870493,
            0.8880313309081375,
            0.8373015873015872
        ]
    },
    "gdpr_2_consent_to_use_the_data.txt": {
        "0": [
            0.8569133281707764,
            0.5084566640853883,
            0.69281045751634,
            0.3117283950617284
        ],
        "1": [
            0.8287925124168396,
            0.5143962562084198,
            0.69281045751634,
            0.3117283950617284
        ],
        "2": [
            0.8194504380226135,
            0.46972521901130676,
            0.7717991791212787,
            0.740299823633157
        ]
    },
    "healthcare_klessascheck_1.txt": {
        "0": [
            0.8144596219062805,
            0.5435934473167766,
            0.7608149917637692,
            0.7759856630824372
        ],
        "1": [
            0.8140418529510498,
            0.4752027446573431,
            0.7608149917637692,
            0.7759856630824372
        ],
        "2": [
            0.793511152267456,
            0.4649373943155462,
            0.7608149917637692,
            0.7759856630824372
        ]
    },
    "gdpr_7_right_to_be_forgotten.txt": {
        "0": [
            0.8175008296966553,
            0.5754170815149944,
            0.9619841683416462,
            0.9181286549707601
        ],
        "1": [
            0.8096213936805725,
            0.6270329190625085,
            1.0,
            0.9999999999999999
        ],
        "2": [
            0.83065265417099,
            0.5819929937521617,
            0.9619841683416462,
            0.9181286549707601
        ]
    },
    "logistics_klessascheck_5.txt": {
        "0": [
            0.7709185481071472,
            0.503106332877103,
            0.8211912065439674,
            0.7951388888888888
        ],
        "1": [
            0.8454756140708923,
            0.6286201599766226,
            0.8069100943779791,
            0.7759856630824372
        ],
        "2": [
            0.7923347353935242,
            0.5138144265202915,
            0.8069100943779791,
            0.7759856630824372
        ]
    },
    "gdpr_4_right_of_portability.txt": {
        "0": [
            0.8144018650054932,
            0.6072009325027465,
            1.0,
            0.9999999999999999
        ],
        "1": [
            0.838419497013092,
            0.669209748506546,
            1.0,
            0.9999999999999999
        ],
        "2": [
            0.8260078430175781,
            0.613003921508789,
            1.0,
            0.9999999999999999
        ]
    },
    "gdpr_5_right_to_withdraw.txt": {
        "0": [
            0.8250919580459595,
            0.6125459790229797,
            0.908924408924409,
            0.8675213675213675
        ],
        "1": [
            0.8427455425262451,
            0.5880394379297893,
            0.9403929403929404,
            0.9059829059829059
        ],
        "2": [
            0.8217822313308716,
            0.5775577823321025,
            0.908924408924409,
            0.8675213675213675
        ]
    },
    "healthcare_bpmai_2.txt": {
        "0": [
            0.7830424308776855,
            0.40193788210550946,
            0.8813468441414288,
            0.8472527472527472
        ],
        "1": [
            0.8056656122207642,
            0.4028328061103821,
            0.8884459372916742,
            0.8559046587215601
        ],
        "2": [
            0.7875530123710632,
            0.4041931728521983,
            0.8884459372916742,
            0.8559046587215601
        ]
    },
    "tourism_corradini_2.txt": {
        "1": [
            0.7334005236625671,
            0.48574788087890264,
            0.8670988992227727,
            0.8213213213213213
        ],
        "2": [
            0.7543269991874695,
            0.4962111186413538,
            0.8670988992227727,
            0.8213213213213213
        ]
    },
    "manufacturing_bpmai_1.txt": {
        "0": [
            0.8129342794418335,
            0.6842449174986945,
            1.0,
            1.0
        ],
        "1": [
            0.8183802366256714,
            0.6314123405350579,
            1.0,
            1.0
        ],
        "2": [
            0.8129342794418335,
            0.6842449174986945,
            1.0,
            1.0
        ]
    },
    "healthcare_redeker_5.txt": {
        "0": [
            0.7462224960327148,
            0.45644458134969074,
            0.8245104510451046,
            0.7488888888888888
        ],
        "1": [
            0.7588022351264954,
            0.5044011175632477,
            0.8550055005500551,
            0.7888888888888889
        ],
        "2": [
            0.7502437829971313,
            0.458455224831899,
            0.8721143861330779,
            0.811965811965812
        ]
    },
    "manufacturing_tomaskova_4.txt": {
        "0": [
            0.8112212419509888,
            0.5722772876421611,
            0.8816049480502933,
            0.7860215053763441
        ],
        "1": [
            0.8256709575653076,
            0.5795021454493205,
            0.8816049480502933,
            0.7860215053763441
        ],
        "2": [
            0.8143070936203003,
            0.5738202134768169,
            0.8816049480502933,
            0.7860215053763441
        ]
    },
    "logistics_bpmai_1.txt": {
        "0": [
            0.805696964263916,
            0.5695151487986247,
            0.9374999999999999,
            0.9166666666666666
        ],
        "1": [
            0.8134859204292297,
            0.6011874046590593,
            0.9019079685746352,
            0.8555555555555555
        ],