{
    "logistics_signavio_2.json": {
        "0": [
            0.8053705096244812,
            0.5901852548122406,
            0.9387597497876284,
            0.9427536231884057
        ],
        "1": [
            0.7925482392311096,
            0.6150241196155548,
            0.8518994114499734,
            0.8492063492063491
        ],
        "2": [
            0.7753151655197144,
            0.5126575827598572,
            0.8936148340044822,
            0.9059011164274321
        ]
    },
    "manufacturing_bpmai_1.json": {
        "0": [
            0.8303859829902649,
            0.6374152137173547,
            1.0,
            1.0
        ],
        "1": [
            0.8116596341133118,
            0.6836075948344337,
            1.0,
            1.0
        ],
        "2": [
            0.8231204748153687,
            0.6893380151854621,
            1.0,
            1.0
        ]
    },
    "logistics_bpmai_1.json": {
        "0": [
            0.7678403854370117,
            0.43947574827406144,
            0.827113633836295,
            0.8518883415435139
        ],
        "1": [
            0.7837885022163391,
            0.47522758444150287,
            0.8541633060262225,
            0.8863711001642035
        ],
        "2": [
            0.7986955642700195,
            0.5104588932461209,
            0.8833835121694735,
            0.8988711001642035
        ]
    },
    "tourism_corradini_2.json": {
        "0": [
            0.7434658408164978,
            0.4193519680272965,
            0.8425715776429922,
            0.7864035087719299
        ],
        "1": [
            0.737284779548645,
            0.44007096120289396,
            0.8032034158322063,
            0.7362731152204837
        ],
        "2": [
            0.7382932901382446,
            0.46438474030721755,
            0.8387932315050163,
            0.7986551562132957
        ]
    },
    "healthcare_klessascheck_1.json": {
        "0": [
            0.7465150356292725,
            0.4414393359964544,
            0.8381096608113673,
            0.8562770562770562
        ],
        "1": [
            0.7537338733673096,
            0.42232148213820025,
            0.8097957759539819,
            0.8192513942513943
        ],
        "2": [
            0.7649644017219543,
            0.42793674631552264,
            0.8002066122697661,
            0.7852159852159852
        ]
    },
    "manufacturing_lodhi_5.json": {
        "0": [
            0.7275552749633789,
            0.5304443041483562,
            0.9555589184826473,
            0.9642857142857142
        ],
        "1": [
            0.7578346729278564,
            0.5178062253528171,
            0.9778046811945117,
            0.992063492063492
        ],
        "2": [
            0.7128084897994995,
            0.49529313378863865,
            0.9555589184826473,
            0.9642857142857142
        ]
    },
    "gdpr_4_right_of_portability.json": {
        "0": [
            0.8347775340080261,
            0.617388767004013,
            0.8024709152681974,
            0.8545454545454545
        ],
        "1": [
            0.8379315733909607,
            0.6189657866954803,
            0.7067225383156491,
            0.8456349206349205
        ],
        "2": [
            0.8198484778404236,
            0.5599242389202118,
            0.7067225383156491,
            0.8456349206349205
        ]
    },
    "logistics_cimino_3.json": {
        "0": [
            0.7482626438140869,
            0.4793944798017803,
            0.8890463299926267,
            0.8949883449883449
        ],
        "1": [
            0.7208178639411926,
            0.46567208986533315,
            0.8890463299926267,
            0.8949883449883449
        ],
        "2": [
            0.7291654944419861,
            0.4698459051157299,
            0.8933643812106121,
            0.8989089501284622
        ]
    },
    "tourism_bpmai_1.json": {
        "0": [
            0.7460009455680847,
            0.47300047278404234,
            0.6914971613031078,
            0.7139733651361558
        ],
        "1": [
            0.7453323602676392,
            0.47266618013381956,
            0.7399768844135602,
            0.7637757667169431
        ],
        "2": [
            0.7263855338096619,
            0.4631927669048309,
            0.614362124626303,
            0.6382669724133139
        ]
    },
    "gdpr_1_data_breach.json": {
        "0": [
            0.8070124983787537,
            0.5035062491893768,
            0.8442456055467954,
            0.8409205406156625
        ],
        "1": [
            0.798515796661377,
            0.4792578983306885,
            0.7962636100984918,
            0.7775528565002249
        ],
        "2": [
            0.7655020952224731,
            0.48275104761123655,
            0.7694826007326009,
            0.7268518518518519
        ]
    },
    "healthcare_bpmai_2.json": {
        "0": [
            0.7661968469619751,
            0.38309842348098755,
            0.55347741712756,
            0.5771728271728271
        ],
        "1": [
            0.7686699032783508,
            0.3843349516391754,
            0.652837373105211,
            0.7615384615384615
        ],
        "2": [
            0.7907661199569702,
            0.3953830599784851,
            0.8500465378307569,
            0.8351217222184963
        ]
    },
    "gdpr_7_right_to_be_forgotten.json": {
        "0": [
            0.8321966528892517,
            0.5827649931112926,
            0.6663928698752228,
            0.6552287581699345
        ],
        "1": [
            0.8331847190856934,
            0.5832590262095134,
            0.7503343878343878,
            0.7545454545454546
        ],
        "2": [
            0.8273180723190308,
            0.5803257028261821,
            0.7083624708624707,
            0.698989898989899
        ]
    },
    "tourism_fouad_3.json": {
        "0": [
            0.7143775820732117,
            0.4748358498601353,
            0.7476120256484267,
            0.7290674603174603
        ],
        "1": [
            0.7014292478561401,
            0.43894991804571715,
            0.6220976945318697,
            0.6603174603174602
        ],
        "2": [
            0.7317976951599121,
            0.4835459064034855,
            0.6220976945318697,
            0.6603174603174602
        ]
    },
    "manufacturing_aris_3.json": {
        "0": [
            0.7403963804244995,
            0.5035315235455831,
            0.869372800812566,
            0.8342592592592591
        ],
        "1": [
            0.761201024055481,
            0.5139338453610738,
            0.869372800812566,
            0.8342592592592591
        ],
        "2": [
            0.7488887310028076,
            0.5077776988347371,
            0.7199795437209626,
            0.734903381642512
        ]
    },
    "healthcare_bpmai_3.json": {
        "0": [
            0.7563603520393372,
            0.46641547013731566,
            0.6755615174747277,
            0.6303661616161615
        ],
        "1": [
            0.7553026676177979,
            0.465886627926546,
            0.7426107791960258,
            0.6945335710041591
        ],
        "2": [
            0.7646509408950806,
            0.47056076456518736,
            0.7952803490785569,
            0.8086834733893556
        ]
    },
    "healthcare_redeker_5.json": {
        "0": [
            0.717625081539154,
            0.4004792074362437,
            0.8056916153507627,
            0.7432234432234432
        ],
        "1": [
            0.7421393990516663,
            0.4127363661924998,
            0.799914270771987,
            0.7298941798941798
        ],
        "2": [
            0.6733300089836121,
            0.3783316711584727,
            0.8179656052246163,
            0.7765567765567766
        ]
    },