{
    "G_g03.txt": {
        "0": [
            0.775550365447998,
            0.487775182723999,
            0.4836977784662406,
            0.5533910533910533
        ],
        "1": [
            0.7830979824066162,
            0.5915489912033081,
            0.5045331578050563,
            0.5698412698412698
        ],
        "2": [
            0.7656627893447876,
            0.5828313946723938,
            0.5045331578050563,
            0.5698412698412698
        ]
    },
    "E_j05.txt": {
        "0": [
            0.7549253702163696,
            0.44412935177485147,
            0.2350434865621585,
            0.1662337662337662
        ],
        "1": [
            0.7636438012123108,
            0.4818219006061554,
            0.235747034094084,
            0.14913793103448275
        ],
        "2": [
            0.7340883016586304,
            0.43371081749598184,
            0.24138142258566134,
            0.15651904439936892
        ]
    },
    "R_g01.txt": {
        "0": [
            0.7056071758270264,
            0.5528035879135131,
            0.3424122287245524,
            0.2805555555555556
        ],
        "1": [
            0.76186203956604,
            0.6809310197830201,
            0.3681288313196566,
            0.30471014492753623
        ],
        "2": [
            0.7380285859107971,
            0.6417415656826713,
            0.40803724257161145,
            0.31920289855072465
        ]
    },
    "E_j02.txt": {
        "0": [
            0.6003363728523254,
            0.38350151975949603,
            0.18039544106699207,
            0.16470818644731688
        ],
        "1": [
            0.6004684567451477,
            0.3716627998011453,
            0.18039544106699207,
            0.16470818644731688
        ],
        "2": [
            0.5997115969657898,
            0.3831891318162282,
            0.18039544106699207,
            0.16470818644731688
        ]
    },
    "V_g01.txt": {
        "0": [
            0.7294198870658875,
            0.5147099435329437,
            0.4244096185788433,
            0.39934620561720224
        ],
        "1": [
            0.7207329273223877,
            0.4603664636611938,
            0.4244096185788433,
            0.39934620561720224
        ],
        "2": [
            0.7290639877319336,
            0.5645319938659668,
            0.4244096185788433,
            0.39934620561720224
        ]
    },
    "X_g03.txt": {
        "0": [
            0.7844827771186829,
            0.5589080552260082,
            0.6035449842278984,
            0.5897759647759648
        ],
        "1": [
            0.7433081865310669,
            0.4870387086501488,
            0.5828549964457622,
            0.5481092981092981
        ],
        "2": [
            0.7839086651802063,
            0.5073389479747186,
            0.6225890229491283,
            0.6154169904169904
        ]
    },
    "M_g01.txt": {
        "0": [
            0.783631443977356,
            0.641815721988678,
            0.3032233803976819,
            0.37857142857142856
        ],
        "1": [
            0.7719663977622986,
            0.6359831988811493,
            0.3032233803976819,
            0.37857142857142856
        ],
        "2": [
            0.7728151679039001,
            0.6136803112246774,
            0.3032233803976819,
            0.37857142857142856
        ]
    },
    "V_k09.txt": {
        "0": [
            0.8541784882545471,
            0.7907256077636372,
            0.5931307836258897,
            0.5742054693274206
        ],
        "1": [
            0.8334721922874451,
            0.8334027628103893,
            0.6149637013208744,
            0.5913482652613087
        ],
        "2": [
            0.8399677872657776,
            0.8366505602995555,
            0.5624954791245125,
            0.5286435786435786
        ]
    },
    "R_j02.txt": {
        "0": [
            0.6771548390388489,
            0.5607996417416466,
            0.4724334287877292,
            0.49958228905597324
        ],
        "1": [
            0.7222439646720886,
            0.5754076966217586,
            0.4992315541342894,
            0.5083542188805346
        ],
        "2": [
            0.7109338045120239,
            0.5776891244782342,
            0.4797313258348512,
            0.4965790914066776
        ]
    },
    "M_j03.txt": {
        "0": [
            0.8165116906166077,
            0.4991649362173947,
            0.42218309859154923,
            0.3847222222222222
        ]
    },
    "E_j04.txt": {
        "0": [
            0.7988336682319641,
            0.6994168341159821,
            0.3956615311412233,
            0.33344142914035385
        ],
        "1": [
            0.786054790019989,
            0.7430273950099945,
            0.432224130195381,
            0.34887352790578596
        ],
        "2": [
            0.7906402945518494,
            0.7453201472759247,
            0.43063178684952064,
            0.343796992481203
        ]
    },
    "G_g01.txt": {
        "0": [
            0.7863568067550659,
            0.5470245572236868,
            0.5745400801500365,
            0.537051701685848
        ],
        "1": [
            0.7762902975082397,
            0.5699633305723018,
            0.5299197854138,
            0.4919524919524919
        ],
        "2": [
            0.7888476252555847,
            0.6216965399005197,
            0.5191210869467314,
            0.4975099426318938
        ]
    },
    "M_j02.txt": {
        "0": [
            0.8599691987037659,
            0.6522068215741051,
            0.38317358062411233,
            0.40326733954451344
        ],
        "1": [
            0.8306830525398254,
            0.64261425354264,
            0.3353214071867975,
            0.3893273393273393
        ],
        "2": [
            0.8427461981773376,
            0.6213730990886688,
            0.3319286337893386,
            0.3498416747621414
        ]
    },
    "M_k05.txt": {
        "0": [
            0.7713485956192017,
            0.5523409644762676,
            0.37104489370981575,
            0.31359649122807015
        ],
        "1": [
            0.7677316665649414,
            0.4949769443935818,
            0.34164527616247925,
            0.28346203346203347
        ],
        "2": [
            0.7458245754241943,
            0.5951345099343194,
            0.4811658019205189,
            0.37001287001287
        ]
    },
    "G_j01.txt": {
        "0": [
            0.7302315831184387,
            0.5014794279228557,
            0.2682411070154934,
            0.2312925170068027
        ],
        "1": [
            0.7306811809539795,
            0.5017042268406261,
            0.2562382814058323,
            0.21130952380952378
        ],
        "2": [
            0.7013327479362488,
            0.48703001033176074,
            0.2869523360004795,
            0.25170068027210885
        ]
    },
    "M_g02.txt": {
        "0": [
            0.7730795741081238,
            0.6643175648318397,
            0.5237968833349782,
            0.5624195624195624
        ],
        "1": [
            0.7777329683303833,
            0.6110887063874139,
            0.5029442256778495,
            0.5544830544830545
        ],
        "2": [
            0.7715620994567871,
            0.6357810497283936,
            0.6483042675703226,
            0.5972222222222223
        ]
    },
    "R_j01.txt": {
        "0": [
            0.7821457982063293,
            0.6132951213253869,
            0.46861063464837044,
            0.4333333333333333
        ],
        "1": [
            0.7986245155334473,
            0.7118122577667236,
            0.46013569078947375,
            0.4270833333333333
        ],
        "2": [
            0.7870799899101257,
            0.6078257092407772,
            0.4925100057175528,
            0.4666666666666666
        ]
    },