{
    "G_g03.txt": {
        "0": [
            0.74,
            0.4469230769230769,
            0.45939323785192965,
            0.5144087938205586
        ],
        "1": [
            0.75,
            0.575,
            0.47502361083916245,
            0.5111961131387646
        ],
        "2": [
            0.77,
            0.5933333333333333,
            0.4788616649013085,
            0.5272988915846059
        ]
    },
    "E_j05.txt": {
        "0": [
            0.73,
            0.3927777777777778,
            0.19045490210710828,
            0.13551161722800154
        ],
        "1": [
            0.67,
            0.335,
            0.21561042914144896,
            0.14683819764464925
        ],
        "2": [
            0.77,
            0.385,
            0.2187500823701517,
            0.13393719806763282
        ]
    },
    "R_g01.txt": {
        "0": [
            0.74,
            0.52,
            0.4413585304246543,
            0.37597751086123177
        ],
        "1": [
            0.75,
            0.575,
            0.42290550354804335,
            0.3948670509262554
        ],
        "2": [
            0.61,
            0.505,
            0.38303661023786073,
            0.34810815799187894
        ]
    },
    "E_j02.txt": {
        "0": [
            0.67,
            0.335,
            0.21691467135416803,
            0.16287878787878787
        ],
        "1": [
            0.67,
            0.335,
            0.20323136444321135,
            0.17557775166470818
        ],
        "2": [
            0.68,
            0.34,
            0.1986739499115386,
            0.1917352134743439
        ]
    },
    "V_g01.txt": {
        "0": [
            0.66,
            0.48000000000000004,
            0.4538103551457233,
            0.40808080808080804
        ],
        "1": [
            0.71,
            0.5822727272727273,
            0.595995777163986,
            0.5071430416698959
        ],
        "2": [
            0.84,
            0.6977777777777778,
            0.5578711150781326,
            0.4564953886693017
        ]
    },
    "X_g03.txt": {
        "0": [
            0.68,
            0.4309090909090909,
            0.4929673303173867,
            0.49975633528265107
        ],
        "1": [
            0.67,
            0.4888461538461539,
            0.5494389156502731,
            0.5340712893344471
        ],
        "2": [
            0.72,
            0.5907692307692307,
            0.5102576040158209,
            0.4643939393939393
        ]
    },
    "M_g01.txt": {
        "0": [
            0.76,
            0.6657142857142857,
            0.4797484345143377,
            0.5173769320110784
        ],
        "1": [
            0.76,
            0.6876923076923077,
            0.36829854728317396,
            0.42230449090205185
        ],
        "2": [
            0.71,
            0.5633333333333332,
            0.41356158837385537,
            0.44773040968693145
        ]
    },
    "V_k09.txt": {
        "0": [
            0.84,
            0.7949999999999999,
            0.4901106714435173,
            0.4440545808966861
        ],
        "1": [
            0.85,
            0.725,
            0.5247706819205659,
            0.540082425892317
        ],
        "2": [
            0.82,
            0.7849999999999999,
            0.5970360076681426,
            0.5815295815295816
        ]
    },
    "R_j02.txt": {
        "0": [
            0.69,
            0.5116666666666667,
            0.4286209260588054,
            0.4672843496372908
        ],
        "1": [
            0.66,
            0.5175000000000001,
            0.3900630455198321,
            0.42884920634920637
        ],
        "2": [
            0.7,
            0.5375,
            0.4186122044525467,
            0.439265873015873
        ]
    },
    "M_j03.txt": {
        "0": [
            0.75,
            0.525,
            0.3891707885610325,
            0.34974747474747475
        ],
        "1": [
            0.71,
            0.4726470588235294,
            0.35613890846448987,
            0.33964646464646464
        ],
        "2": [
            0.77,
            0.5278571428571428,
            0.5106296958362835,
            0.48290598290598286
        ]
    },
    "E_j04.txt": {
        "0": [
            0.76,
            0.5466666666666666,
            0.422008678996002,
            0.33337418300653593
        ],
        "1": [
            0.63,
            0.515,
            0.3936446870433055,
            0.3817460317460317
        ]
    },
    "G_g01.txt": {
        "0": [
            0.72,
            0.5266666666666666,
            0.5376259783981555,
            0.5219001865343329
        ],
        "1": [
            0.75,
            0.5833333333333333,
            0.4901915154648542,
            0.4373196248196248
        ],
        "2": [
            0.76,
            0.6072727272727273,
            0.5133680704067461,
            0.4890141058619319
        ]
    },
    "M_j02.txt": {
        "0": [
            0.82,
            0.5766666666666667,
            0.3697692611487712,
            0.327843137254902
        ],
        "1": [
            0.79,
            0.5616666666666668,
            0.4672292300487326,
            0.38730973327747514
        ],
        "2": [
            0.76,
            0.48,
            0.4181947503558395,
            0.37056277056277054
        ]
    },
    "M_k05.txt": {
        "0": [
            0.77,
            0.7183333333333334,
            0.37734136952510267,
            0.31049846839320516
        ],
        "1": [
            0.78,
            0.7081818181818182,
            0.37017748360020636,
            0.331453634085213
        ],
        "2": [
            0.79,
            0.6866666666666666,
            0.3917259139725456,
            0.359975106685633
        ]
    },
    "G_j01.txt": {
        "0": [
            0.67,
            0.4064285714285715,
            0.4218057553718417,
            0.41992533745264626
        ],
        "1": [
            0.63,
            0.415,
            0.34402661203029644,
            0.24893063285920428
        ],
        "2": [
            0.75,
            0.5673076923076923,
            0.2807655639322534,
            0.2643628967274051
        ]
    },
    "M_g02.txt": {
        "0": [
            0.72,
            0.5872727272727273,
            0.6465823621786924,
            0.5833333333333333
        ],
        "1": [
            0.71,
            0.605,
            0.5229462545252019,
            0.5761904761904761
        ],
        "2": [
            0.76,
            0.5338461538461539,
            0.5581931411502803,
            0.5638888888888889
        ]
    },
    "R_j01.txt": {
        "0": [
            0.8,
            0.5875,
            0.5362167530563626,
            0.46051587301587293
        ],
        "1": [
            0.8,
            0.5666666666666667,
            0.46624523381093774,
            0.40574712643678157
        ],
        "2": [
            0.79,
            0.645,
            0.4602908812553822,
            0.4285714285714286
        ]
    },
    "R_j03.txt": {
        "0": [
            0.81,
            0.655,
            0.5331943413594531,
            0.5166177908113392
        ],
        "1": [
            0.81,
            0.5925,
            0.5600879808697605,
            0.5560847162409662
        ],
        "2": [
            0.83,
            0.7483333333333333,
            0.5350695002447516,
            0.5189393939393939
        ]
    },
    "X_g01.txt": {
        "0": [
            0.7,
            0.5318181818181817,
            0.7116870566012871,
            0.6484848484848484
        ],
        "1": [
            0.67,
            0.47785714285714287,
            0.7601880525320662,
            0.6855555555555556
        ],