{
    "9_3.json": {
        "0": [
            0.8210330009460449,
            0.6605165004730225,
            0.8256642512077295,
            0.8496376811594203
        ],
        "1": [
            0.8379129767417908,
            0.6411787105931176,
            0.8827838827838829,
            0.8461538461538461
        ]
    },
    "10_7.json": {
        "0": [
            0.871841311454773,
            0.6234206557273865,
            0.8126188951350839,
            0.793659420289855
        ],
        "1": [
            0.8640964031219482,
            0.6195482015609741,
            0.786921712609193,
            0.8144927536231883
        ],
        "2": [
            0.8919230699539185,
            0.6459615349769592,
            0.9206701897669949,
            0.9243659420289854
        ]
    },
    "10_5.json": {
        "0": [
            0.9588150382041931,
            0.8794075191020966,
            1.0,
            1.0
        ],
        "1": [
            0.9351394176483154,
            0.7175697088241577,
            0.7373251748251749,
            0.8257575757575758
        ]
    },
    "10_13.json": {
        "1": [
            0.8857317566871643,
            0.8178658783435822,
            1.0,
            1.0
        ],
        "2": [
            0.9050891399383545,
            0.8275445699691772,
            0.88922983672387,
            0.9087301587301587
        ]
    },
    "10_11.json": {
        "0": [
            0.825770914554596,
            0.5282700726619134,
            0.6850172981674048,
            0.651333746898263
        ],
        "1": [
            0.8014301061630249,
            0.5435721959386552,
            0.5607726251038764,
            0.6984126984126984
        ]
    },
    "9_4.json": {},
    "3_1.json": {},
    "2_1.json": {
        "0": [
            0.8208503127098083,
            0.4592056441597822,
            0.7055842914361362,
            0.5549632788438759
        ],
        "1": [
            0.8318591117858887,
            0.501295409551481,
            0.5738999657968225,
            0.534005376344086
        ],
        "2": [
            0.8498885035514832,
            0.5225052273854977,
            0.48135121010926446,
            0.4948218801130448
        ]
    },
    "3_3.json": {
        "0": [
            0.8759742379188538,
            0.5879871189594269,
            0.749735113371477,
            0.747086247086247
        ],
        "1": [
            0.8690729141235352,
            0.6163546388799495,
            0.8089670762671267,
            0.7663541666666667
        ],
        "2": [
            0.9093125462532043,
            0.6213229397932689,
            0.9655172413793104,
            0.9545454545454545
        ]
    },
    "6_2.json": {
        "2": [
            0.7991079688072205,
            0.6495539844036102,
            0.7881160180294914,
            0.8080808080808081
        ]
    },
    "5_4.json": {
        "0": [
            0.8720353841781616,
            0.5922676920890808,
            0.66822867943641,
            0.7173669467787114
        ],
        "1": [
            0.8739895820617676,
            0.5307447910308838,
            0.7003762608212215,
            0.7349537037037036
        ],
        "2": [
            0.8800592422485352,
            0.5962796211242676,
            0.7387201537469743,
            0.7491228070175437
        ]
    },
    "3_6.json": {
        "0": [
            0.9447978734970093,
            0.6946211589707268,
            0.9744292237442923,
            0.9666666666666666
        ],
        "1": [
            0.9299245476722717,
            0.7149622738361359,
            0.8921523184195337,
            0.8801796580701247
        ],
        "2": [
            0.8769403100013733,
            0.6051368216673534,
            0.8721806237618043,
            0.8511430090377458
        ]
    },
    "10_1.json": {
        "0": [
            0.7407972812652588,
            0.4953986406326294,
            0.8259332865715844,
            0.8321428571428571
        ],
        "1": [
            0.7372300624847412,
            0.4797261423534817,
            0.7908816729466163,
            0.8159041394335511
        ]
    },
    "3_2.json": {
        "0": [
            0.8594692349433899,
            0.679734617471695,
            0.8709157968717149,
            0.8633699633699634
        ],
        "1": [
            0.8604645133018494,
            0.644517970936639,
            0.934159378036929,
            0.9027777777777777
        ],
        "2": [
            0.7767429351806641,
            0.5550381342569988,
            0.933550958021726,
            0.9161904761904762
        ]
    },
    "1_1.json": {
        "0": [
            0.8284964561462402,
            0.5571053709302629,
            0.7834852698687844,
            0.7834954900172292
        ],
        "1": [
            0.8188599944114685,
            0.6177633305390675,
            0.8095896726602121,
            0.786111111111111
        ],
        "2": [
            0.8474045395851135,
            0.5487022697925568,
            0.5853801024930093,
            0.5937546193643755
        ]
    },
    "5_2.json": {
        "0": [
            0.908029317855835,
            0.7040146589279175,
            0.8582844096542727,
            0.8492063492063491
        ],
        "1": [
            0.8904504179954529,
            0.6952252089977264,
            0.8582844096542727,
            0.8492063492063491
        ],
        "2": [
            0.9256804585456848,
            0.8795068959395091,
            0.7640962872297022,
            0.7968253968253969
        ]
    },
    "6_4.json": {
        "1": [
            0.809881865978241,
            0.49317622710676756,
            0.7730795274747666,
            0.7862808759867582
        ]
    },
    "10_12.json": {
        "0": [
            0.8242964744567871,
            0.6621482372283936,
            1.0,
            0.9999999999999999
        ],
        "2": [
            0.8225516676902771,
            0.6969901195594242,
            0.8852238157322903,
            0.9222222222222222
        ]
    },
    "3_7.json": {
        "0": [
            0.8931053876876831,
            0.8036955509866988,
            0.9523809523809523,
            0.9791666666666667
        ],
        "1": [
            0.8764790296554565,
            0.7953823719705855,
            0.8889695432068314,
            0.9282051282051282
        ],
        "2": [
            0.8755925297737122,
            0.7949391220297133,
            0.9523809523809523,
            0.9791666666666667
        ]
    },
    "9_1.json": {
        "0": [
            0.8468759655952454,
            0.5234379827976227,
            0.625,
            0.7157575757575757
        ],
        "1": [
            0.8491103649139404,
            0.5808051824569702,
            0.5303314121037463,
            0.6402777777777777
        ],
        "2": [
            0.8866511583328247,
            0.5504684363092696,
            0.5416669092528408,
            0.6547735078436832
        ]
    },
    "10_6.json": {
        "0": [
            0.8679342865943909,
            0.43396714329719543,
            0.8088457389428263,
            0.8222222222222222
        ],
        "1": [
            0.7542105913162231,
            0.5437719623247783,
            0.8837769297845616,
            0.8932461873638343
        ],
        "2": [
            0.8844292163848877,
            0.6922146081924438,
            0.8437352245862884,
            0.8236111111111111
        ]
    },
    "10_10.json": {
        "0": [
            0.8808844089508057,
            0.5558268198600183,
            0.7664971341885635,
            0.7345065562456867
        ],
        "1": [
            0.8855594396591187,
            0.6927797198295593,
            0.8636941350464482,
            0.8777056277056277
        ],