{
    "9_2.txt": {
        "0": [
            0.89,
            0.6950000000000001,
            0.6777348865124401,
            0.6723316912972085
        ],
        "1": [
            0.89,
            0.6116666666666667,
            0.554588098281334,
            0.5731209150326797
        ],
        "2": [
            0.88,
            0.7525,
            0.7309434505716629,
            0.7125448028673835
        ]
    },
    "1_1.txt": {
        "2": [
            0.8,
            0.5666666666666667,
            0.7671774277085874,
            0.755050505050505
        ]
    },
    "1_3.txt": {
        "0": [
            0.84,
            0.5353846153846153,
            0.6891630306045535,
            0.5970011206517954
        ],
        "2": [
            0.81,
            0.5203846153846154,
            0.6284555317429125,
            0.5637681159420289
        ]
    },
    "3_8.txt": {},
    "5_2.txt": {
        "0": [
            0.88,
            0.565,
            0.8582844096542727,
            0.8492063492063491
        ],
        "1": [
            0.91,
            0.6692857142857143,
            0.8285714285714286,
            0.8293650793650792
        ],
        "2": [
            0.92,
            0.6742857142857144,
            0.8011831905344757,
            0.7706349206349206
        ]
    },
    "8_2.txt": {
        "0": [
            0.84,
            0.5449999999999999,
            0.8020369529001968,
            0.797222222222222
        ],
        "1": [
            0.84,
            0.5449999999999999,
            0.7449903038138331,
            0.7142857142857143
        ],
        "2": [
            0.85,
            0.6125,
            0.715424994952554,
            0.7115384615384616
        ]
    },
    "10_13.txt": {
        "2": [
            0.84,
            0.6074999999999999,
            0.440487220367195,
            0.492989417989418
        ]
    },
    "10_11.txt": {
        "0": [
            0.95,
            0.85,
            0.7609573768094752,
            0.7663690476190477
        ],
        "1": [
            0.89,
            0.7575000000000001,
            0.8314063460538138,
            0.8002645502645502
        ],
        "2": [
            0.86,
            0.8674999999999999,
            0.7050858074332739,
            0.7287581699346404
        ]
    },
    "10_6.txt": {
        "0": [
            0.91,
            0.755,
            0.7907801418439716,
            0.7569444444444444
        ],
        "1": [
            0.9,
            0.75,
            0.7907801418439716,
            0.7569444444444444
        ],
        "2": [
            0.9,
            0.75,
            0.8361906910294006,
            0.8082264957264957
        ]
    },
    "6_1.txt": {
        "0": [
            0.78,
            0.5215789473684211,
            0.5535307205724701,
            0.5512032770097286
        ],
        "1": [
            0.71,
            0.43394736842105264,
            0.4704692816133741,
            0.5280606551792992
        ],
        "2": [
            0.8,
            0.5052631578947369,
            0.5140468969351756,
            0.5825262308313156
        ]
    },
    "8_3.txt": {
        "0": [
            0.82,
            0.6599999999999999,
            0.8150011811953698,
            0.7861111111111111
        ],
        "1": [
            0.85,
            0.6472222222222221,
            0.7743260494105279,
            0.7349033816425121
        ],
        "2": [
            0.83,
            0.5578571428571428,
            0.7844715093518921,
            0.7880116959064326
        ]
    },
    "10_1.txt": {
        "0": [
            0.87,
            0.735,
            0.9498817966903073,
            0.911111111111111
        ],
        "2": [
            0.89,
            0.6950000000000001,
            0.9498817966903073,
            0.911111111111111
        ]
    },
    "9_5.txt": {
        "0": [
            0.86,
            0.6572727272727272,
            0.7124694177643194,
            0.6887724678422353
        ],
        "1": [
            0.9,
            0.7227272727272727,
            0.6716118903791679,
            0.6666666666666666
        ],
        "2": [
            0.89,
            0.6950000000000001,
            0.46284493087969664,
            0.47852001799370214
        ]
    },
    "1_2.txt": {
        "2": [
            0.8,
            0.5666666666666667,
            0.689983567583692,
            0.7263345529599399
        ]
    },
    "9_3.txt": {
        "0": [
            0.76,
            0.5466666666666666,
            0.8087871287128713,
            0.828125
        ],
        "1": [
            0.81,
            0.6192857142857143,
            0.8890192329973352,
            0.9131944444444444
        ],
        "2": [
            0.87,
            0.685,
            0.815114123508284,
            0.8819444444444444
        ]
    },
    "10_14.txt": {
        "0": [
            0.92,
            0.7933333333333334,
            0.6023434900816482,
            0.6076023391812865
        ],
        "1": [
            0.91,
            0.6368181818181818,
            0.702798671163743,
            0.625630614002707
        ]
    },
    "3_3.txt": {
        "0": [
            0.93,
            0.7983333333333333,
            0.7697522816166884,
            0.8083333333333332
        ],
        "1": [
            0.84,
            0.6074999999999999,
            0.8726822197410432,
            0.868131868131868
        ],
        "2": [
            0.84,
            0.5866666666666667,
            0.6791413569443014,
            0.7045454545454545
        ]
    },
    "10_12.txt": {
        "0": [
            0.91,
            0.7407142857142857,
            0.8194914656510086,
            0.7807189542483659
        ],
        "1": [
            0.92,
            0.7457142857142858,
            0.652002123033543,
            0.6342840166369579
        ],
        "2": [
            0.95,
            0.875,
            0.74122258360437,
            0.6507936507936508
        ]
    },
    "10_7.txt": {
        "0": [
            0.94,
            0.6842857142857143,
            0.8262411347517731,
            0.7673611111111112
        ],
        "1": [
            0.83,
            0.415,
            0.7866268458602953,
            0.7896825396825395
        ],
        "2": [
            0.94,
            0.7557142857142857,
            0.7805541916883838,
            0.7404040404040404
        ]
    },
    "10_5.txt": {
        "2": [
            0.95,
            0.8083333333333333,
            0.8479318734793188,
            0.6944444444444444
        ]
    },
    "3_2.txt": {
        "0": [
            0.87,
            0.6492857142857142,
            0.852844452844453,
            0.7636363636363636
        ],
        "1": [
            0.88,
            0.7257142857142858,
            0.832910131939258,
            0.7333333333333333
        ],
        "2": [
            0.88,
            0.6275,
            0.852844452844453,
            0.7636363636363636
        ]
    },
    "10_8.txt": {
        "0": [
            0.96,
            0.7657142857142857,
            0.8073472671002223,
            0.7383756038647342
        ],
        "1": [
            0.92,
            0.6475,
            0.9525110827716038,
            0.898989898989899
        ],
        "2": [
            0.96,
            0.7657142857142857,
            0.8024039197672638,
            0.7197420634920635
        ]
    },
    "2_1.txt": {
        "1": [
            0.88,
            0.5497560975609757,
            0.7961137691858642,
            0.7196160983946904
        ],
        "2": [
            0.89,
            0.5669512195121951,
            0.657796398776437,
            0.607508541295306
        ]
    },
    "9_4.txt": {
        "0": [
            0.9,
            0.7277777777777779,
            0.8889031479640239,
            0.9022556390977443
        ],