{
    "logistics_signavio_2.json": {
        "0": [
            0.8291950225830078,
            0.6333475112915039,
            0.949628406275805,
            0.9261904761904762
        ],
        "1": [
            0.8272964954376221,
            0.7031219319293374,
            0.9363168676709416,
            0.9284035588383415
        ],
        "2": [
            0.8062258958816528,
            0.6218629479408264,
            0.9264275451538848,
            0.9163125204315135
        ]
    },
    "manufacturing_bpmai_1.json": {
        "0": [
            0.7986519932746887,
            0.7493259966373443,
            0.9206542436806644,
            0.949874686716792
        ],
        "1": [
            0.7948610782623291,
            0.7863194280200534,
            1.0,
            1.0
        ],
        "2": [
            0.7744026184082031,
            0.5538679758707683,
            0.9206542436806644,
            0.949874686716792
        ]
    },
    "logistics_bpmai_1.json": {
        "0": [
            0.7666784524917603,
            0.46667255957921344,
            0.8588975556361472,
            0.8664074825332431
        ],
        "1": [
            0.795700192451477,
            0.4534056517812941,
            0.8085923365175394,
            0.8285714285714285
        ],
        "2": [
            0.777708113193512,
            0.4721873899300893,
            0.9112216268741984,
            0.9106941627225602
        ]
    },
    "tourism_corradini_2.json": {
        "0": [
            0.7007232904434204,
            0.44559974045980544,
            0.8541225537375684,
            0.8305555555555555
        ],
        "1": [
            0.7135650515556335,
            0.4282110972063882,
            0.7938050937848898,
            0.7507518796992481
        ],
        "2": [
            0.6767295598983765,
            0.43360287518728347,
            0.7151204148164979,
            0.6161220043572985
        ]
    },
    "healthcare_klessascheck_1.json": {
        "0": [
            0.7506159543991089,
            0.4207625226540999,
            0.8612057678356021,
            0.8742877492877492
        ],
        "1": [
            0.7434980869293213,
            0.4172035889192061,
            0.8131692588337153,
            0.8260788260788261
        ],
        "2": [
            0.7287198901176453,
            0.4098144905133681,
            0.7453806590021452,
            0.7702380952380953
        ]
    },
    "manufacturing_lodhi_5.json": {
        "0": [
            0.8179635405540466,
            0.5200928813881345,
            0.9168071821753022,
            0.9098031598031597
        ],
        "1": [
            0.7404683232307434,
            0.5369008282820384,
            0.923063525284111,
            0.9244959244959244
        ],
        "2": [
            0.768301248550415,
            0.5230395131640964,
            0.8232016210739616,
            0.7063492063492064
        ]
    },
    "gdpr_4_right_of_portability.json": {
        "0": [
            0.8879923224449158,
            0.5939961612224579,
            0.6660727843296046,
            0.8062111801242235
        ],
        "1": [
            0.8081352710723877,
            0.5040676355361938,
            0.7641045229280523,
            0.8992673992673992
        ],
        "2": [
            0.8166711926460266,
            0.6083355963230133,
            0.6950890916992611,
            0.8527777777777777
        ]
    },
    "logistics_cimino_3.json": {
        "0": [
            0.7268599271774292,
            0.44237733200976725,
            0.809741984158002,
            0.780952380952381
        ],
        "1": [
            0.7284306883811951,
            0.41684692313796595,
            0.8733604283923773,
            0.8533852033852034
        ],
        "2": [
            0.7375038862228394,
            0.4740151010061565,
            0.7692790211414854,
            0.7258394758394758
        ]
    },
    "tourism_bpmai_1.json": {
        "0": [
            0.750699520111084,
            0.435349760055542,
            0.6605254457132685,
            0.669047619047619
        ],
        "1": [
            0.7669550180435181,
            0.44347750902175903,
            0.7234617757585955,
            0.738095238095238
        ],
        "2": [
            0.7509904503822327,
            0.45549522519111635,
            0.6993939764827765,
            0.7308982683982683
        ]
    },
    "gdpr_1_data_breach.json": {
        "0": [
            0.7336169481277466,
            0.40680847406387327,
            0.5870748299319728,
            0.6832611832611832
        ],
        "1": [
            0.781178891658783,
            0.4505894458293915,
            0.5300135189111131,
            0.622953216374269
        ],
        "2": [
            0.7675056457519531,
            0.4637528228759766,
            0.8453818433027119,
            0.8444774511847681
        ]
    },
    "healthcare_bpmai_2.json": {
        "0": [
            0.7481040358543396,
            0.3844686845938365,
            0.6215228928075973,
            0.7247474747474747
        ],
        "1": [
            0.7464134693145752,
            0.3836234013239543,
            0.653398643745734,
            0.7596638655462185
        ],
        "2": [
            0.7222702503204346,
            0.3923851251602173,
            0.5455776026574495,
            0.6077458256029685
        ]
    },
    "gdpr_7_right_to_be_forgotten.json": {
        "0": [
            0.8483667969703674,
            0.6464056207074059,
            0.5958008027877023,
            0.606060606060606
        ],
        "1": [
            0.8005420565605164,
            0.6002710282802581,
            0.7352835134790023,
            0.8452950558213715
        ],
        "2": [
            0.8291277885437012,
            0.6367861164940728,
            0.6660436785436785,
            0.7242424242424241
        ]
    },
    "tourism_fouad_3.json": {
        "0": [
            0.7125421166419983,
            0.5327416465562933,
            0.7998082712854363,
            0.7993697478991596
        ],
        "1": [
            0.6641097664833069,
            0.4497019420651829,
            0.8245405510606945,
            0.7966008771929824
        ],
        "2": [
            0.7011180520057678,
            0.40938255541464863,
            0.6672322538101778,
            0.6230392156862745
        ]
    },
    "manufacturing_aris_3.json": {
        "0": [
            0.6932973265647888,
            0.47998199661572777,
            0.7462347257743677,
            0.6928104575163399
        ],
        "1": [
            0.726539671421051,
            0.5299365023771923,
            0.7771354314672729,
            0.8080065359477123
        ],
        "2": [
            0.7219952940940857,
            0.5276643137137096,
            0.8462526348006462,
            0.8658873805932629
        ]
    },
    "healthcare_bpmai_3.json": {
        "0": [
            0.7567210793495178,
            0.466595833792406,
            0.7592224941022532,
            0.6888053467000834
        ],
        "1": [
            0.7432066798210144,
            0.48925039873403664,
            0.8243963266144412,
            0.7629629629629628
        ],
        "2": [
            0.7243651151657104,
            0.42100608699461994,
            0.8437496827894228,
            0.8254901960784313
        ]
    },
    "healthcare_redeker_5.json": {
        "0": [
            0.6809056401252747,
            0.382119486729304,
            0.7995088873127432,
            0.7510683760683761
        ],
        "1": [
            0.6832196116447449,
            0.46660980582237244,
            0.8506344365375204,
            0.7768620268620269
        ],
        "2": [
            0.6318545937538147,
            0.35759396354357403,
            0.848526684700318,
            0.8346560846560847
        ]
    },