{
    "M_j03.json": {
        "0": [
            0.764162003993988,
            0.44874766866366067,
            0.7590544364682742,
            0.7715419501133787
        ],
        "1": [
            0.7440134286880493,
            0.43450671434402466,
            0.7955062611301129,
            0.829656862745098
        ],
        "2": [
            0.7139939665794373,
            0.40962856223708705,
            0.7801905154594504,
            0.7764682539682539
        ]
    },
    "X_g03.json": {
        "0": [
            0.7672489285469055,
            0.5086244642734528,
            0.7703662482642338,
            0.6903703703703703
        ],
        "1": [
            0.7490823268890381,
            0.5668488557522113,
            0.8071629561216523,
            0.7387037037037036
        ],
        "2": [
            0.779384970664978,
            0.5682639139039176,
            0.745863519193432,
            0.7667171717171717
        ]
    },
    "M_j01.json": {
        "0": [
            0.7312380075454712,
            0.5218690037727356,
            0.602606438129791,
            0.5295962711325665
        ],
        "1": [
            0.7374062538146973,
            0.47981423801845974,
            0.6980137260488757,
            0.6367001991143867
        ],
        "2": [
            0.769218385219574,
            0.5274663354669298,
            0.6924679398346942,
            0.7236967821871592
        ]
    },
    "E_j02.json": {
        "0": [
            0.7111066579818726,
            0.42221999565760293,
            0.555429585623661,
            0.549561087061087
        ],
        "1": [
            0.7295467257499695,
            0.4203289184305403,
            0.6621317961284997,
            0.6626984126984127
        ],
        "2": [
            0.7026446461677551,
            0.4179889897505442,
            0.7476895186195915,
            0.7254887218045112
        ]
    },
    "G_g01.json": {
        "0": [
            0.6384990215301514,
            0.352582844098409,
            0.8288944342056753,
            0.821335592887317
        ],
        "1": [
            0.637727677822113,
            0.4953344271463506,
            0.8470341936356354,
            0.7917929292929293
        ],
        "2": [
            0.7165260910987854,
            0.4693741566605038,
            0.8178356576652307,
            0.783646646854194
        ]
    },
    "E_j01.json": {
        "0": [
            0.7246424555778503,
            0.5387918160242193,
            0.8067389659929168,
            0.838068408566189
        ],
        "1": [
            0.7002083659172058,
            0.45536734085333974,
            0.615037661557127,
            0.3514784946236559
        ],
        "2": [
            0.7274954319000244,
            0.4827953349976313,
            0.5761152205479967,
            0.5764310381114574
        ]
    },
    "V_g01.json": {
        "0": [
            0.758053183555603,
            0.48428974967253835,
            0.6449380347733872,
            0.6610949935529766
        ],
        "1": [
            0.7632247805595398,
            0.5816123902797699,
            0.5773657060514402,
            0.49889069264069263
        ],
        "2": [
            0.7670542597770691,
            0.5835271298885345,
            0.5232082795665083,
            0.46333874458874463
        ]
    },
    "X_g01.json": {
        "0": [
            0.7126898765563965,
            0.5438449382781982,
            0.8421817498154011,
            0.7870126170126169
        ],
        "1": [
            0.7503273487091064,
            0.4862747854656643,
            0.720719290511808,
            0.6662337662337663
        ],
        "2": [
            0.8079123497009277,
            0.5825276034218925,
            0.8590314037305328,
            0.8015416894727241
        ]
    },
    "M_k05.json": {
        "0": [
            0.6669102907180786,
            0.4584551453590393,
            0.5716009450567983,
            0.6258142407906557
        ],
        "1": [
            0.7163456082344055,
            0.45817280411720274,
            0.6341452241196881,
            0.5575396825396826
        ],
        "2": [
            0.7655727863311768,
            0.4880495510603252,
            0.7008698672748823,
            0.7248805392602385
        ]
    },
    "R_g01.json": {
        "0": [
            0.686188280582428,
            0.4542052514023251,
            0.6222325647565655,
            0.6838236342889744
        ],
        "1": [
            0.7350538969039917,
            0.5064158373408847,
            0.8071980862182268,
            0.7887639839252742
        ],
        "2": [
            0.6743091344833374,
            0.4371545672416687,
            0.7503251712081282,
            0.7590028201082968
        ]
    },
    "E_j04.json": {
        "0": [
            0.6421849131584167,
            0.5134001488869007,
            0.7309947603636924,
            0.7437169312169312
        ],
        "1": [
            0.6552932858467102,
            0.5199543352310474,
            0.719519217464423,
            0.7094001610305958
        ],
        "2": [
            0.6466930508613586,
            0.4233465254306793,
            0.7724109088611546,
            0.7545778086134238
        ]
    },
    "M_j02.json": {
        "0": [
            0.817537248134613,
            0.6171019574006398,
            0.6370836930940519,
            0.5995129398218062
        ],
        "1": [
            0.7413551807403564,
            0.5471481786054724,
            0.6424236512117949,
            0.5777617720854242
        ],
        "2": [
            0.794189453125,
            0.5304280598958333,
            0.6277346394297776,
            0.6504467754467755
        ]
    },
    "G_g03.json": {
        "0": [
            0.7155511975288391,
            0.5342461869997137,
            0.6405417148568009,
            0.7209401709401708
        ],
        "1": [
            0.7401424050331116,
            0.5279659393586611,
            0.6528248855264189,
            0.7148962148962148
        ],
        "2": [
            0.7655768394470215,
            0.5494550863901775,
            0.6464458078457459,
            0.7457640061088338
        ]
    },
    "R_j01.json": {
        "0": [
            0.7840785980224609,
            0.5170392990112305,
            0.8114917932803448,
            0.7824482377113956
        ],
        "1": [
            0.7827205657958984,
            0.5452064367441031,
            0.8197354138703413,
            0.8724087809614125
        ],
        "2": [
            0.7819429039955139,
            0.4981143091406141,
            0.8081154269273082,
            0.8438961988304093
        ]
    },
    "V_k09.json": {
        "0": [
            0.8257689476013184,
            0.7974998584160438,
            0.8278446622525578,
            0.7917516782734173
        ],
        "1": [
            0.815233588218689,
            0.6576167941093445,
            0.7821211193898182,
            0.7368961352657005
        ],
        "2": [
            0.8240206837654114,
            0.7966257264980903,
            0.6761894300514149,
            0.6413388543823326
        ]
    },
    "R_j02.json": {
        "0": [
            0.6329759955406189,
            0.3498213311036428,
            0.7238014644929538,
            0.7395833333333333
        ],
        "1": [
            0.5985764861106873,
            0.3409549097220103,
            0.7935339973503365,
            0.8112089768339769
        ],
        "2": [
            0.6069946885108948,
            0.3804204211785243,
            0.7324294811734485,
            0.7545100732600732
        ]
    },
    "R_j03.json": {
        "0": [
            0.7274553179740906,
            0.4887276589870453,
            0.6736693354528053,
            0.5782732732732733
        ],