{
    "M_j03.json": {
        "0": [
            0.7724090218544006,
            0.45287117759386697,
            0.7391204192491937,
            0.7424145299145299
        ],
        "1": [
            0.8023226261138916,
            0.4011613130569458,
            0.6013995569816003,
            0.6565567765567766
        ],
        "2": [
            0.7976101636886597,
            0.48213841517766315,
            0.6625677639314803,
            0.6765504610332196
        ]
    },
    "X_g03.json": {
        "0": [
            0.7179585695266724,
            0.42564595143000283,
            0.8245049486544568,
            0.8158212560386473
        ],
        "1": [
            0.7152737975120544,
            0.44097023208936054,
            0.7993786270486811,
            0.8104401502952228
        ],
        "2": [
            0.7298440337181091,
            0.48992201685905457,
            0.8554185077703667,
            0.8407632556568726
        ]
    },
    "M_j01.json": {
        "0": [
            0.7541592121124268,
            0.49246422144082874,
            0.7480334082345804,
            0.7878639107087384
        ],
        "1": [
            0.7502607107162476,
            0.46336564947577086,
            0.7177344581477556,
            0.7258986460717011
        ],
        "2": [
            0.7103670835494995,
            0.4604466996694866,
            0.6823088135878977,
            0.6126119669337754
        ]
    },
    "E_j02.json": {
        "0": [
            0.7093388438224792,
            0.384081186617122,
            0.7642050921018269,
            0.7555862446991479
        ],
        "1": [
            0.7125105857849121,
            0.39196957860674175,
            0.720814923281419,
            0.6622121173845311
        ],
        "2": [
            0.7281695008277893,
            0.39533475041389465,
            0.6805740685214237,
            0.6478664799253034
        ]
    },
    "G_g01.json": {
        "0": [
            0.7272990345954895,
            0.45455860820683563,
            0.7203978309054394,
            0.6393392542202067
        ],
        "1": [
            0.7215323448181152,
            0.4062207178636031,
            0.6731503482179434,
            0.6026190476190476
        ],
        "2": [
            0.7266145348548889,
            0.4017688058889829,
            0.7038508807865629,
            0.6285714285714286
        ]
    },
    "E_j01.json": {
        "0": [
            0.7309319972991943,
            0.4580585912421898,
            0.5948553850434524,
            0.6630762779420069
        ],
        "1": [
            0.7369459271430969,
            0.4484729635715485,
            0.5955201298180014,
            0.7010290282542605
        ],
        "2": [
            0.727655291557312,
            0.43525621720722746,
            0.5585045101986452,
            0.6029320297494549
        ]
    },
    "V_g01.json": {
        "0": [
            0.7736454606056213,
            0.5534893969694774,
            0.6007767729334885,
            0.6054434695739043
        ],
        "1": [
            0.7709567546844482,
            0.5521450440088909,
            0.6340698950832736,
            0.6283524367376234
        ],
        "2": [
            0.7770354747772217,
            0.4794268282977017,
            0.6176113368049645,
            0.6188950637463222
        ]
    },
    "X_g01.json": {
        "0": [
            0.690837025642395,
            0.48827565567834036,
            0.7690191220365508,
            0.7191895604395604
        ],
        "1": [
            0.7975105047225952,
            0.5654219190279643,
            0.684960419981464,
            0.6494663964876731
        ],
        "2": [
            0.7485928535461426,
            0.521355250302483,
            0.5726048414436302,
            0.5759711779448622
        ]
    },
    "M_k05.json": {
        "0": [
            0.6903429627418518,
            0.4039950107826906,
            0.629988906290934,
            0.5706132348989492
        ],
        "1": [
            0.6939235925674438,
            0.435197090401369,
            0.6851039789128638,
            0.6238839285714285
        ],
        "2": [
            0.6455525755882263,
            0.32277628779411316,
            0.5739629263558496,
            0.5753968253968254
        ]
    },
    "R_g01.json": {
        "0": [
            0.681710422039032,
            0.4461183689142528,
            0.804030703296765,
            0.8134425162146595
        ],
        "1": [
            0.6662154793739319,
            0.41644107302029926,
            0.7714585733111735,
            0.7717369776193306
        ],
        "2": [
            0.70734703540802,
            0.40630509665137843,
            0.7131306597583319,
            0.6974590503609676
        ]
    },
    "E_j04.json": {
        "0": [
            0.6334866881370544,
            0.4500766774018606,
            0.6495318107762035,
            0.5870329762791151
        ],
        "1": [
            0.6044945120811462,
            0.4176318714251885,
            0.7823509662693068,
            0.8302068302068302
        ],
        "2": [
            0.6038597822189331,
            0.4447870339666094,
            0.5544609576020901,
            0.5416476697061803
        ]
    },
    "M_j02.json": {
        "0": [
            0.7419894933700562,
            0.4543280800183614,
            0.5167687790760093,
            0.47927737520128827
        ],
        "1": [
            0.7540385127067566,
            0.4707692563533783,
            0.4991376838528116,
            0.4785897435897436
        ],
        "2": [
            0.7365840673446655,
            0.4349587003389994,
            0.6021588461178233,
            0.610576923076923
        ]
    },
    "G_g03.json": {
        "0": [
            0.7104107141494751,
            0.4218720237414042,
            0.6713798886454402,
            0.7675518925518925
        ],
        "1": [
            0.7231171727180481,
            0.5154047402051779,
            0.6003455418070381,
            0.701033640688813
        ],
        "2": [
            0.7635283470153809,
            0.5740718658153827,
            0.6802793996684504,
            0.6988077661874019
        ]
    },
    "R_j01.json": {
        "0": [
            0.7231906056404114,
            0.47697991820482105,
            0.8597557209608832,
            0.8183249176863727
        ],
        "1": [
            0.7308032512664795,
            0.42422515504500447,
            0.8480825958702063,
            0.818311403508772
        ],
        "2": [
            0.7566066384315491,
            0.5116366525491078,
            0.7979941902935979,
            0.7756431308155446
        ]
    },
    "V_k09.json": {
        "0": [
            0.8233767151832581,
            0.661688357591629,
            0.7944713898519927,
            0.7650403537031443
        ],
        "1": [
            0.8022704720497131,
            0.6511352360248566,
            0.7414249925693177,
            0.7217171717171716
        ],
        "2": [
            0.8196945786476135,
            0.4867703662468837,
            0.6801639672065587,
            0.6666666666666667
        ]
    },
    "R_j02.json": {
        "0": [
            0.6076123714447021,
            0.34926073117689654,
            0.6718108887643283,
            0.6113895850737956
        ],
        "1": [
            0.6197203993797302,
            0.34832173815140355,
            0.7125330083217039,
            0.6582125603864735
        ],
        "2": [
            0.5761117935180664,
            0.32138923009236653,
            0.6774375655759121,
            0.6411778026427962
        ]
    },
    "R_j03.json": {
        "0": [
            0.7367461323738098,
            0.47551592332976206,
            0.6722888921495623,
            0.7218024037223814
        ],