{
    "9_3.json": {
        "0": [
            0.8970414400100708,
            0.6985207200050354,
            0.8474976355044016,
            0.884453781512605
        ],
        "1": [
            0.8886049389839172,
            0.6943024694919586,
            0.9152494362818446,
            0.9138655462184874
        ],
        "2": [
            0.9001885652542114,
            0.6167609492937725,
            0.9123101615317825,
            0.9442724458204335
        ]
    },
    "10_7.json": {
        "0": [
            0.9208282232284546,
            0.5318426830427987,
            0.7649613669627966,
            0.7587301587301587
        ],
        "1": [
            0.9086512327194214,
            0.7321033941374885,
            0.7649613669627966,
            0.7587301587301587
        ],
        "2": [
            0.899350106716156,
            0.6718972755803002,
            0.6561489499302222,
            0.6468253968253967
        ]
    },
    "10_5.json": {
        "0": [
            0.9533097147941589,
            0.6433215240637462,
            0.9236559139784947,
            0.9444444444444444
        ],
        "1": [
            0.9516557455062866,
            0.64249453941981,
            0.95,
            0.9166666666666666
        ],
        "2": [
            0.9516557455062866,
            0.64249453941981,
            0.8849462365591398,
            0.8611111111111112
        ]
    },
    "10_13.json": {
        "0": [
            0.9158248901367188,
            0.7579124450683594,
            1.0,
            1.0
        ],
        "1": [
            0.9154139161109924,
            0.7577069580554963,
            1.0,
            1.0
        ],
        "2": [
            0.9042642116546631,
            0.8271321058273315,
            1.0,
            1.0
        ]
    },
    "10_11.json": {
        "0": [
            0.89859938621521,
            0.7220269658348777,
            0.8293107442671563,
            0.8151328273244781
        ],
        "1": [
            0.9294321537017822,
            0.6730494101842244,
            0.8333333333333333,
            0.7705026455026456
        ],
        "2": [
            0.8895484209060669,
            0.5811378468166698,
            0.6982044360954257,
            0.6947848583877996
        ]
    },
    "9_4.json": {
        "0": [
            0.8441321849822998,
            0.5584297288547863,
            0.9437148217636023,
            0.9230769230769231
        ],
        "1": [
            0.9192137718200684,
            0.7096068859100342,
            0.8806753201052488,
            0.8846801346801346
        ],
        "2": [
            0.8632555603981018,
            0.5982944468657176,
            1.0,
            1.0
        ]
    },
    "3_1.json": {
        "0": [
            0.9679442048072815,
            0.7964721024036407,
            0.8490628445424476,
            0.8125
        ],
        "1": [
            0.9717358350753784,
            0.7983679175376892,
            0.9252521956657693,
            0.867335562987737
        ],
        "2": [
            0.9708766341209412,
            0.8425811742033278,
            0.8653737278292878,
            0.809047619047619
        ]
    },
    "2_1.json": {
        "0": [
            0.8695231676101685,
            0.5567128033172793,
            0.6719505359047101,
            0.6557596336883263
        ],
        "1": [
            0.8640934824943542,
            0.5661930827105918,
            0.787264111867663,
            0.713653841952328
        ],
        "2": [
            0.8713756203651428,
            0.5576390296947665,
            0.6992881725976795,
            0.6686761229314421
        ]
    },
    "3_3.json": {
        "0": [
            0.9460268020629883,
            0.7587276867457798,
            0.8927738927738927,
            0.8962703962703962
        ],
        "1": [
            0.883791983127594,
            0.6561817058495113,
            0.8927738927738927,
            0.8962703962703962
        ],
        "2": [
            0.9652376174926758,
            0.7326188087463379,
            0.9492112350904194,
            0.9347826086956521
        ]
    },
    "6_2.json": {
        "0": [
            0.9216111302375793,
            0.6608055651187896,
            0.8860215053763442,
            0.9555555555555555
        ],
        "1": [
            0.9197691679000854,
            0.6598845839500427,
            0.8860215053763442,
            0.9555555555555555
        ],
        "2": [
            0.9150841236114502,
            0.657542061805725,
            0.8860215053763442,
            0.9555555555555555
        ]
    },
    "5_4.json": {
        "0": [
            0.883100152015686,
            0.597800076007843,
            0.7516480178824845,
            0.7890756302521007
        ],
        "1": [
            0.8972740769386292,
            0.5736370384693146,
            0.7748887244016778,
            0.7817460317460316
        ],
        "2": [
            0.8827297687530518,
            0.6601148843765259,
            0.7017070586480696,
            0.7263635339193149
        ]
    },
    "3_6.json": {
        "0": [
            0.9140061736106873,
            0.6388212686235255,
            0.8705371607014334,
            0.8712885154061625
        ],
        "1": [
            0.9222243428230286,
            0.7111121714115143,
            0.9134780152542665,
            0.9107715525372571
        ],
        "2": [
            0.929697573184967,
            0.6466669684106654,
            0.9498817966903073,
            0.911111111111111
        ]
    },
    "10_1.json": {
        "0": [
            0.7557080984115601,
            0.5207111920629228,
            0.6471177944862155,
            0.6611111111111111
        ],
        "1": [
            0.7657337188720703,
            0.525724002293178,
            0.6661498708010336,
            0.6777777777777777
        ],
        "2": [
            0.7922104001045227,
            0.5389623429094041,
            0.6867724867724868,
            0.711111111111111
        ]
    },
    "3_2.json": {
        "0": [
            0.8973240256309509,
            0.7343762985297612,
            0.9357008161001505,
            0.9280952380952381
        ],
        "1": [
            0.8821977972984314,
            0.6229170804673976,
            0.9357008161001505,
            0.9280952380952381
        ],
        "2": [
            0.8763367533683777,
            0.6524540909699031,
            0.9357008161001505,
            0.9280952380952381
        ]
    },
    "1_1.json": {
        "0": [
            0.8536376953125,
            0.6053902762276786,
            0.7750460704852383,
            0.7087792642140468
        ],
        "1": [
            0.8695704340934753,
            0.6014518837134044,
            0.7568767267412734,
            0.7413752913752913
        ],
        "2": [
            0.852485716342926,
            0.7179095248381296,
            0.7334282572423588,
            0.7407329105003524
        ]
    },
    "5_2.json": {
        "0": [
            0.9241538643836975,
            0.819219789334706,
            0.7591499409681228,
            0.8055555555555555
        ],
        "1": [
            0.9243776798248291,
            0.8193316970552718,
            0.8284927194018104,
            0.865079365079365
        ],
        "2": [
            0.923282265663147,
            0.8783077994982402,
            0.7591499409681228,
            0.8055555555555555
        ]
    },
    "6_4.json": {
        "0": [
            0.8415112495422363,
            0.6207556247711181,
            0.8147980274953455,
            0.7792264148580446
        ],
        "1": [
            0.8528215885162354,
            0.6049822228295463,
            0.7383017010349558,
            0.6403758068912334
        ],