{
    "9_2.txt": {
        "0": [
            0.8758105635643005,
            0.6601275040043725,
            0.5932759191785361,
            0.5559523809523809
        ],
        "1": [
            0.8845041990280151,
            0.6644743217362298,
            0.6137700921213781,
            0.6256385696040868
        ],
        "2": [
            0.8834473490715027,
            0.7542236745357513,
            0.5532050094837881,
            0.4642857142857143
        ]
    },
    "1_1.txt": {
        "0": [
            0.8088648915290833,
            0.5710991124312084,
            0.6155436098185934,
            0.6220295055821372
        ],
        "1": [
            0.8280705809593201,
            0.6223686238129933,
            0.7236145143170539,
            0.7204545454545453
        ],
        "2": [
            0.825566291809082,
            0.5794498125712078,
            0.6155436098185934,
            0.6220295055821372
        ]
    },
    "1_3.txt": {
        "0": [
            0.802814245223999,
            0.5167917379966149,
            0.716050361760873,
            0.6791155704199181
        ],
        "1": [
            0.8398316502571106,
            0.6506850558977861,
            0.7031181707638541,
            0.6272727272727272
        ],
        "2": [
            0.826131284236908,
            0.5284502575030694,
            0.701751004881928,
            0.6622544122544122
        ]
    },
    "3_8.txt": {
        "0": [
            0.9295113682746887,
            0.7980890174706777,
            0.8187135618328278,
            0.7841880341880343
        ],
        "1": [
            0.9239823818206787,
            0.747705476624625,
            0.779719732997175,
            0.787481684981685
        ],
        "2": [
            0.9404233694076538,
            0.8273545418466841,
            0.8509316770186335,
            0.861111111111111
        ]
    },
    "5_2.txt": {
        "0": [
            0.9282562136650085,
            0.7419058846102821,
            0.8620689655172413,
            0.8852813852813852
        ],
        "1": [
            0.9177961945533752,
            0.7713980972766876,
            0.8666666666666667,
            0.8852813852813852
        ],
        "2": [
            0.8815413117408752,
            0.7532706558704376,
            0.8620689655172413,
            0.8852813852813852
        ]
    },
    "8_2.txt": {
        "0": [
            0.8645625114440918,
            0.4822812557220459,
            0.6814946745904429,
            0.6913003663003663
        ],
        "1": [
            0.8735061287879944,
            0.7224673501082829,
            0.7109743263418096,
            0.7246336996336997
        ],
        "2": [
            0.86170893907547,
            0.6451401838234493,
            0.7109743263418096,
            0.7246336996336997
        ]
    },
    "10_13.txt": {
        "0": [
            0.9035805463790894,
            0.7017902731895447,
            0.6936322522914702,
            0.7012987012987013
        ],
        "1": [
            0.7993955016136169,
            0.5996977508068084,
            0.8302256402815062,
            0.827922077922078
        ],
        "2": [
            0.9102605581283569,
            0.6694159933498928,
            0.8302256402815062,
            0.827922077922078
        ]
    },
    "10_11.txt": {
        "0": [
            0.8052161335945129,
            0.6526080667972565,
            0.6914444444444445,
            0.6986111111111111
        ],
        "1": [
            0.8503718376159668,
            0.5918525854746501,
            0.6434444444444445,
            0.5986111111111111
        ],
        "2": [
            0.8784141540527344,
            0.4892070770263672,
            0.6914444444444445,
            0.6986111111111111
        ]
    },
    "10_6.txt": {
        "0": [
            0.8987797498703003,
            0.6993898749351501,
            0.7430272108843539,
            0.759375
        ],
        "1": [
            0.9049901962280273,
            0.666780812399728,
            0.7047619047619048,
            0.74375
        ],
        "2": [
            0.9035575985908508,
            0.7017787992954254,
            0.7430272108843539,
            0.759375
        ]
    },
    "6_1.txt": {
        "0": [
            0.7702844738960266,
            0.41014223694801333,
            0.7963291756897035,
            0.7706014223871366
        ],
        "1": [
            0.7549290657043457,
            0.4564119012732255,
            0.6392353858408587,
            0.682070707070707
        ],
        "2": [
            0.7893710732460022,
            0.576503718441183,
            0.8158012357417691,
            0.8083256029684601
        ]
    },
    "8_3.txt": {
        "0": [
            0.8635357618331909,
            0.5031964523451669,
            0.7569096642552403,
            0.7152777777777778
        ],
        "1": [
            0.8791263103485107,
            0.5020631551742554,
            0.7309404563160823,
            0.7083333333333334
        ],
        "2": [
            0.8900281190872192,
            0.5700140595436096,
            0.7407044952273476,
            0.7107843137254902
        ]
    },
    "10_1.txt": {
        "0": [
            0.8919208645820618,
            0.6126270989576976,
            0.6668367346938777,
            0.6416666666666666
        ],
        "1": [
            0.8706594109535217,
            0.6353297054767608,
            0.6668367346938777,
            0.6416666666666666
        ],
        "2": [
            0.9129346609115601,
            0.70646733045578,
            0.6846335697399527,
            0.6694444444444445
        ]
    },
    "9_5.txt": {
        "0": [
            0.8681009411811829,
            0.6528004705905914,
            0.7414548120474015,
            0.7943543847799167
        ],
        "1": [
            0.8847247362136841,
            0.6241805499250239,
            0.6212319454731753,
            0.6214285714285714
        ],
        "2": [
            0.9078702330589294,
            0.6539351165294647,
            0.6718466651975794,
            0.7386862546437015
        ]
    },
    "1_2.txt": {
        "0": [
            0.9086835384368896,
            0.6043417692184448,
            0.4721299485242381,
            0.44027777777777777
        ],
        "1": [
            0.8858298659324646,
            0.6929149329662323,
            0.6506077802732867,
            0.6774509803921569
        ],
        "2": [
            0.863112211227417,
            0.6588288328864358,
            0.6729231522613593,
            0.6592858408647881
        ]
    },
    "9_3.txt": {
        "0": [
            0.8713080883026123,
            0.8356540441513062,
            0.49530469530469534,
            0.5653846153846154
        ],
        "1": [
            0.8728805184364319,
            0.836440259218216,
            0.49530469530469534,
            0.5653846153846154
        ],
        "2": [
            0.8713080883026123,
            0.8356540441513062,
            0.49530469530469534,
            0.5653846153846154
        ]
    },
    "10_14.txt": {
        "0": [
            0.9053239822387695,
            0.674884213341607,
            0.5330900697148453,
            0.6103896103896104
        ],
        "1": [
            0.9542255401611328,
            0.6993349923027886,
            0.5965078345617845,
            0.5964285714285714
        ],
        "2": [
            0.9316732287406921,
            0.6533366143703461,
            0.6117941266884788,
            0.6976342371079212
        ]
    },
    "3_3.txt": {
        "0": [
            0.8702074289321899,
            0.7208180001803807,
            0.6806300820743109,
            0.6659356725146199
        ],
        "1": [
            0.9002824425697327,
            0.735855506999152,
            0.6806300820743109,
            0.6659356725146199
        ],