description,metric,n,range,mean,median,SD,CV_pct,MedianCV_pct,CI_95_lower,CI_95_upper,CI_width,mean_median_diff_pct
customer_support_process_for_the_ticket_management_46.txt,model_eval_1,10,0.07895291150134098,0.9126604662868021,0.9319038988701366,0.033260328389023125,3.6443266272225183,0.0,0.8888674606788622,0.9364534718947419,0.04758601121587969,2.064958909031898
account_payable_process_122.txt,model_eval_1,10,0.021207977310867432,0.9957584045378265,1.0,0.008942068382335192,0.8980158582227166,0.0,0.9893616341668611,1.0021551749087918,0.012793540741930731,0.42415954621735086
process_for_optimizing_a_process_185.txt,model_eval_1,10,0.08733532733738791,0.9454349256006852,0.9471655321603059,0.025840470155469576,2.733183369447849,1.4549991111124916,0.9269497668214411,0.9639200843799293,0.03697031755848812,0.18271426702716514
customer_support_process_for_the_ticket_management_131.txt,model_eval_1,10,0.24674685651303518,0.920152900555593,0.9655172413793104,0.08438403604764712,9.17065370295476,0.0,0.8597881976152311,0.9805176034959548,0.12072940588072378,4.6984495853135915
order_fulfillment_process_40.txt,model_eval_1,10,0.05152467478048872,0.9880759194712683,1.0,0.0181680043657573,1.8387255480812876,0.0,0.9750793120805186,1.001072526862018,0.025993214781499407,1.1924080528731729
project_management_process_44.txt,model_eval_1,10,0.0,1.0,1.0,0.0,0.0,0.0,1.0,1.0,0.0,0.0
customer_support_process_for_the_ticket_management_35.txt,model_eval_1,10,0.06506541374648156,0.8165083287593321,0.8368427363197847,0.027913009060249988,3.4185822822730105,0.0,0.7965405649616606,0.8364760925570036,0.03993552759534302,2.4298959264291367
process_for_optimizing_a_process_92.txt,model_eval_1,10,0.014069870669146,0.9943720517323416,1.0,0.007265649971319289,0.7306772106739589,0.0,0.9891745188489928,0.9995695846156903,0.010395065766697575,0.5627948267658445
startup_due_diligence_for_a_venture_capitalist_68.txt,model_eval_1,10,0.02631578947368418,0.994736842105263,1.0,0.011095711088310091,1.1154418554385808,0.0,0.9867994485515851,1.0026742356589409,0.015874787107355792,0.526315789473697
churn_rate_prevention_process_14.txt,model_eval_1,10,0.07272727272727275,0.9854545454545456,1.0,0.030664510644057022,3.111712334729033,0.0,0.9635184759971085,1.0073906149119827,0.04387213891487418,1.4545454545454417
content_promotion_process_109.txt,model_eval_1,10,0.022222222222222254,0.9977777777777778,1.0,0.007027283689263075,0.7042934655163438,0.0,0.9927507618604484,1.0028047936951072,0.010054031834658805,0.22222222222222365
accounts_receivable_process_101.txt,model_eval_1,10,0.1058790593505039,0.9833786832912704,0.9925373134328358,0.032245202928141425,3.2790219552268454,0.7518796992481225,0.9603118546921989,1.006445511890342,0.046133657198143,0.9227492022329021
customer_support_process_for_the_ticket_management_152.txt,model_eval_1,10,0.1428571428571429,0.9857142857142858,1.0,0.04517539514526258,4.583011101693305,0.0,0.9533977548171686,1.018030816611403,0.06463306179423434,1.4285714285714235
loan_application_process_4.txt,model_eval_1,9,0.04255319148936165,0.9952718676122932,1.0,0.014184397163120551,1.4251781472684069,0.0,0.9843687747744485,1.006174960450138,0.021806185675689482,0.47281323877067516
budget_preparation_process_33.txt,model_eval_1,10,0.0284805288044071,0.9913548456702841,0.9927536231884058,0.010021716516658197,1.0109111344366528,0.7299270072992734,0.9841857415504124,0.9985239497901558,0.01433820823974341,0.1408987572998475
account_payable_process_2.txt,model_eval_1,10,0.072852469772416,0.9498639452078537,0.9669326928325783,0.02642079479083118,2.7815346528443774,0.8758766269313634,0.9309636471929988,0.9687642432227085,0.03780059602970964,1.7652467179202165
project_management_process_3.txt,model_eval_1,10,0.0,1.0,1.0,0.0,0.0,0.0,1.0,1.0,0.0,0.0
churn_rate_prevention_process_3.txt,model_eval_1,10,0.0,1.0,1.0,0.0,0.0,0.0,1.0,1.0,0.0,0.0
order_fulfillment_process_143.txt,model_eval_1,10,0.0,1.0,1.0,0.0,0.0,0.0,1.0,1.0,0.0,0.0
project_management_process_81.txt,model_eval_1,10,0.023269157650962713,0.9375700019796319,0.9304527072250277,0.011153807361820704,1.1896506221690113,0.0,0.929591048855487,0.9455489551037768,0.015957906248289744,0.7649281580179129
project_management_process_2.txt,model_eval_1,10,0.0,1.0,1.0,0.0,0.0,0.0,1.0,1.0,0.0,0.0
final_grades_submission_process_1.txt,model_eval_1,10,0.0,1.0,1.0,0.0,0.0,0.0,1.0,1.0,0.0,0.0
customer_support_process_for_the_ticket_management_25.txt,model_eval_1,10,0.0,1.0,1.0,0.0,0.0,0.0,1.0,1.0,0.0,0.0
client_onboarding_process_for_a_marketing_agency_172.txt,model_eval_1,10,0.03448275862068961,0.9965517241379309,1.0,0.010904405724718538,1.0942137232416527,0.0,0.9887511821972474,1.0043522660786144,0.01560108388136694,0.34482758620690834
content_promotion_process_2.txt,model_eval_1,10,0.0,1.0,1.0,0.0,0.0,0.0,1.0,1.0,0.0,0.0
client_onboarding_process_for_a_marketing_agency_6.txt,model_eval_1,10,0.0,1.0,1.0,0.0,0.0,0.0,1.0,1.0,0.0,0.0
churn_rate_prevention_process_23.txt,model_eval_1,7,0.010744906405466104,0.9984650133706477,1.0,0.004061192887075466,0.40674363474845965,0.0,0.9947090363959366,1.002220990345359,0.00751195394942239,0.1534986629352253
final_grades_submission_process_126.txt,model_eval_1,10,0.0,1.0,1.0,0.0,0.0,0.0,1.0,1.0,0.0,0.0
customer_support_process_for_the_ticket_management_10.txt,model_eval_1,10,0.03667481662591687,0.7070904645476773,0.721760391198044,0.018938793868984925,2.678411719368891,0.0,0.6935424675627441,0.7206384615326106,0.027095993969866505,2.032520325203246
budget_preparation_process_16.txt,model_eval_1,10,0.14754098360655743,0.9852459016393442,1.0,0.04665655564182856,4.735523950335345,0.0,0.9518698123521576,1.0186219909265308,0.06675217857437321,1.4754098360655776
order_fulfillment_process_7.txt,model_eval_1,10,0.1799209226316968,0.9698093962713153,0.9907407407407407,0.05537068103008472,5.709439529352026,0.9345794392523408,0.9301995972081454,1.0094191953344853,0.07921959812633994,2.112696451119568
order_fulfillment_process_22.txt,model_eval_1,10,0.06410594870564101,0.9826383589134136,0.9863111922299721,0.016978334274317008,1.7278314163403297,0.0,0.9704927902384024,0.9947839275884247,0.024291137350022307,0.37238078057844565
budget_preparation_process_162.txt,model_eval_1,10,0.0,1.0,1.0,0.0,0.0,0.0,1.0,1.0,0.0,0.0
purchase_order_workflow_81.txt,model_eval_1,10,0.06939553327443448,0.9845976250928349,1.0,0.023896654284054936,2.427047727420812,0.0,0.9675029884211427,1.001692261764527,0.034189273343384285,1.5402374907165117
employee_onboarding_process_195.txt,model_eval_1,10,0.22916666666666663,0.9395833333333332,0.9895833333333333,0.08971512699843698,9.548394891186199,1.0526315789473761,0.875404997664966,1.0037616690017004,0.12835667133673434,5.0526315789473735
churn_rate_prevention_process_102.txt,model_eval_1,10,0.1428571428571429,0.9714285714285713,1.0,0.05639328082317134,5.805190672973521,0.0,0.9310872485413726,1.01176989431577,0.08068264577439743,2.857142857142869
churn_rate_prevention_process_34.txt,model_eval_1,10,0.0,1.0,1.0,0.0,0.0,0.0,1.0,1.0,0.0,0.0
process_for_optimizing_a_process_37.txt,model_eval_1,10,0.0,1.0,1.0,0.0,0.0,0.0,1.0,1.0,0.0,0.0
account_payable_process_3.txt,model_eval_1,10,0.0,1.0,1.0,0.0,0.0,0.0,1.0,1.0,0.0,0.0
client_onboarding_process_for_a_marketing_agency_14.txt,model_eval_1,10,0.07999999999999996,0.9881722488038278,1.0,0.026804251193491804,2.712507988960231,0.0,0.968997642603191,1.0073468550044646,0.03834921240127365,1.1827751196172187
startup_due_diligence_for_a_venture_capitalist_45.txt,model_eval_1,10,0.0,1.0,1.0,0.0,0.0,0.0,1.0,1.0,0.0,0.0
customer_support_process_for_the_ticket_management_48.txt,model_eval_1,10,0.023416742651355404,0.9479043366789028,0.9502460109440384,0.007405024216029326,0.7811995292661833,0.0,0.9426071014670863,0.9532015718907194,0.010594470423633151,0.24642821313284585
loan_application_process_72.txt,model_eval_1,9,0.07958309450907697,0.8819085681407831,0.8790447651444279,0.024969995502199912,2.8313587603351005,2.2696556178786502,0.862714930512749,0.9011022057688173,0.03838727525606833,0.3257857972551286
purchase_order_workflow_16.txt,model_eval_1,10,0.07510362314111774,0.9862615597013782,1.0,0.025575907566733103,2.5932175207636616,0.0,0.9679656575970483,1.004557461805708,0.036591804208659706,1.3738440298621812
startup_due_diligence_for_a_venture_capitalist_186.txt,model_eval_1,10,0.07547169811320753,0.9792452830188679,0.9905660377358491,0.030096820412592193,3.0734710633282973,0.9523809523809521,0.9577153146889612,1.0007752513487747,0.04305993665981345,1.1428571428571428
customer_support_process_for_the_ticket_management_22.txt,model_eval_1,10,0.020765989145078878,0.997923401085492,1.0,0.0065667823564781996,0.6580447306211255,0.0,0.9932258079767791,1.002620994194205,0.009395186217425966,0.20765989145079544
accounts_receivable_process_2.txt,model_eval_1,10,0.03635896571678188,0.9802847263167717,0.9741415630174226,0.01813167002693269,1.849633023974463,1.0779263643857768,0.9673141109462241,0.9932553416873192,0.02594123074109511,0.6306232618101709
account_payable_process_170.txt,model_eval_1,10,0.03481191848137899,0.9931026533900372,1.0,0.012109115399965783,1.2193216238654006,0.0,0.984440314063476,1.0017649927165986,0.017324678653122594,0.6897346609962773
accounts_receivable_process_60.txt,model_eval_1,10,0.04371812663966623,0.9733752615026658,0.9777777777777777,0.013814434369445202,1.419230066328059,0.0,0.9634930104744047,0.983257512530927,0.01976450205652225,0.4502573463182626
churn_rate_prevention_process_55.txt,model_eval_1,10,0.0,1.0,1.0,0.0,0.0,0.0,1.0,1.0,0.0,0.0
purchase_order_workflow_4.txt,model_eval_1,10,0.15395363967528364,0.9644707023109497,0.9909255898366606,0.05459244488679694,5.660352850116549,0.9157509157509206,0.9254176198473566,1.0035237847745428,0.07810616492718625,2.6697148400488477
churn_rate_prevention_process_27.txt,model_eval_1,10,0.0,1.0,1.0,0.0,0.0,0.0,1.0,1.0,0.0,0.0
startup_due_diligence_for_a_venture_capitalist_0.txt,model_eval_1,9,0.010744906405466104,0.9988061215105036,1.0,0.0035816354684887015,0.35859166172031076,0.0,0.996053032776794,1.0015592102442132,0.005506177467419215,0.11938784894963694
client_onboarding_process_for_a_marketing_agency_173.txt,model_eval_1,10,0.027220986923971346,0.992740621532031,1.0,0.011946485942129477,1.2033844171394188,0.0,0.9841946203112473,1.0012866227528148,0.0170920024415675,0.725937846796898
client_onboarding_process_for_a_marketing_agency_64.txt,model_eval_1,10,0.0,1.0,1.0,0.0,0.0,0.0,1.0,1.0,0.0,0.0
loan_application_process_48.txt,model_eval_1,10,0.0,1.0,1.0,0.0,0.0,0.0,1.0,1.0,0.0,0.0
purchase_order_workflow_159.txt,model_eval_1,10,0.036363636363636376,0.9927272727272728,1.0,0.015332255322028511,1.5444579536841907,0.0,0.9817592379985542,1.0036953074559913,0.02193606945743709,0.7272727272727209
process_for_optimizing_a_process_6.txt,model_eval_1,10,0.038461538461538436,0.9923076923076923,1.0,0.016216808513683987,1.6342520207588516,0.0,0.9807068863446247,1.00390849827076,0.023201611926135346,0.7692307692307665
content_promotion_process_96.txt,model_eval_1,10,0.07644532245611835,0.9468082904587047,0.9542182941974988,0.022989159303777436,2.4280690753816456,0.0,0.9303628365882878,0.9632537443291217,0.03289090774083392,0.7765522610343497
loan_application_process_60.txt,model_eval_1,9,0.04684593013852434,0.8995044179663491,0.904709521315074,0.01561531004617478,1.73599036694881,0.0,0.8875014281200243,0.9115074078126738,0.024005979692649504,0.5753342068467298
churn_rate_prevention_process_48.txt,model_eval_1,10,0.0,1.0,1.0,0.0,0.0,0.0,1.0,1.0,0.0,0.0
content_promotion_process_0.txt,model_eval_1,10,0.1375395748530076,0.974248341431618,1.0,0.046527049509421194,4.775686807026184,0.0,0.9409648952506146,1.0075317876126215,0.06656689236200697,2.575165856838202
account_payable_process_179.txt,model_eval_1,10,0.041866830676485,0.9958133169323515,1.0,0.01323945433503007,1.3295116775315694,0.0,0.9863423818425046,1.0052842520221985,0.018941870179693954,0.4186683067648467
client_onboarding_process_for_a_marketing_agency_5.txt,model_eval_1,10,0.15631358467983236,0.9706054282578283,1.0,0.05331179432580646,5.492633028180933,0.0,0.9324684680171749,1.0087423884984816,0.07627392048130677,2.939457174217175
startup_due_diligence_for_a_venture_capitalist_128.txt,model_eval_1,10,0.021276595744680882,0.9957446808510639,1.0,0.008971000454378394,0.9009338063157788,0.0,0.9893272137225584,1.0021621479795695,0.0128349342570111,0.42553191489360653
order_fulfillment_process_175.txt,model_eval_1,10,0.019934390751860098,0.9920262436992558,1.0,0.010294075119832708,1.0376817332418753,0.0,0.9846623059717027,0.999390181426809,0.014727875455106343,0.797375630074415
content_promotion_process_13.txt,model_eval_1,10,0.08806584362139913,0.931300899581822,0.9119341563786009,0.03661812020756596,3.931932227705185,0.0,0.9051058744076758,0.9574959247559683,0.05239005034829258,2.12369972851207
loan_application_process_14.txt,model_eval_1,10,0.04347826086956519,0.9913043478260869,1.0,0.0183320444067732,1.849285181385016,0.0,0.9781903932591408,1.004418302393033,0.02622790913389228,0.8695652173913104
project_management_process_65.txt,model_eval_1,10,0.08163265306122447,0.9678263549910211,0.9795918367346939,0.026997813499253755,2.7895307210872784,0.0,0.9485132826582219,0.9871394273238203,0.03862614466559844,1.2010595946665938
startup_due_diligence_for_a_venture_capitalist_178.txt,model_eval_1,10,0.04275271132899239,0.9816229560000986,0.985930129330854,0.011738530402151212,1.1958288394133718,0.0,0.9732257172109732,0.9900201947892241,0.01679447757825092,0.43686395238561404
employee_onboarding_process_3.txt,model_eval_1,10,0.05555555555555558,0.9944444444444445,1.0,0.01756820922315767,1.7666355643398775,0.0,0.9818769046511211,1.0070119842377678,0.025135079586646736,0.5555555555555536
project_management_process_53.txt,model_eval_1,10,0.015597919677051597,0.9969017464938332,1.0,0.006531885391417788,0.6552185723809637,0.0,0.9922291171700737,1.0015743758175928,0.009345258647519117,0.30982535061667704
employee_onboarding_process_19.txt,model_eval_1,10,0.019934390751860098,0.998006560924814,1.0,0.0063038078543674325,0.6316399211369852,0.0,0.9934970884422801,1.002516033407348,0.009018944965067832,0.19934390751860098
employee_onboarding_process_51.txt,model_eval_1,10,0.03389830508474578,0.9949152542372881,1.0,0.011439806062890728,1.1498271851968536,0.0,0.9867317099672341,1.003098798507342,0.016367088540107932,0.5084745762711895
employee_onboarding_process_151.txt,model_eval_1,6,0.03410265242852217,0.9790842897461848,0.9828306538700002,0.01330448518420072,1.3588702549450302,0.5913769396516894,0.9651220888234164,0.9930464906689531,0.027924401845536684,0.3811810416233715
loan_application_process_63.txt,model_eval_1,10,0.018181818181818188,0.9981818181818183,1.0,0.0057495957457606925,0.5760068597756614,0.0,0.9940688051585488,1.0022948312050877,0.008226026046538881,0.1818181818181719
employee_onboarding_process_43.txt,model_eval_1,10,0.060585745938099955,0.98186241306668,0.9849012345756125,0.01565138883423601,1.5940511242661344,0.0,0.9706660839760771,0.9930587421572828,0.022392658181205727,0.3085407350760343
budget_preparation_process_49.txt,model_eval_1,10,0.0,1.0,1.0,0.0,0.0,0.0,1.0,1.0,0.0,0.0
budget_preparation_process_19.txt,model_eval_1,10,0.021739130434782594,0.9978260869565216,1.0,0.006874516652539951,0.6889493813003001,0.0,0.9929083539939169,1.0027438199191265,0.009835465925209674,0.21739130434783593
accounts_receivable_process_49.txt,model_eval_1,10,0.14583333333333337,0.9854166666666666,1.0,0.04611654921078888,4.679903513991261,0.0,0.9524268747091927,1.0184064586241404,0.06597958391494763,1.4583333333333393
purchase_order_workflow_20.txt,model_eval_1,10,0.05555555555555558,0.9944444444444445,1.0,0.01756820922315767,1.7666355643398775,0.0,0.9818769046511211,1.0070119842377678,0.025135079586646736,0.5555555555555536
startup_due_diligence_for_a_venture_capitalist_5.txt,model_eval_1,10,0.04347826086956519,0.9913043478260869,1.0,0.0183320444067732,1.849285181385016,0.0,0.9781903932591408,1.004418302393033,0.02622790913389228,0.8695652173913104
final_grades_submission_process_42.txt,model_eval_1,10,0.044169096209912495,0.9839908438973586,0.9787234042553191,0.015450218533427651,1.570158770200842,1.574299833016951,0.9729384233707151,0.995043264424002,0.022104841053286917,0.5381949199475102
order_fulfillment_process_17.txt,model_eval_1,10,0.17021276595744683,0.948936170212766,1.0,0.08222057728334434,8.6645002966753,0.0,0.8901191124402309,1.0077532279853012,0.1176341155450703,5.106382978723401
project_management_process_8.txt,model_eval_1,10,0.01717660322080805,0.9074545343499288,0.9143251756382521,0.008869959762480301,0.9774550048212007,0.0,0.9011093473781566,0.9137997213217011,0.012690373943544442,0.7514439579471448
client_onboarding_process_for_a_marketing_agency_66.txt,model_eval_1,10,0.01957622613223442,0.9980423773867766,1.0,0.006190546256836934,0.6202688780656735,0.0,0.9936139273702175,1.0024708274033358,0.008856900033118342,0.19576226132234087
employee_onboarding_process_11.txt,model_eval_1,10,0.0,1.0,1.0,0.0,0.0,0.0,1.0,1.0,0.0,0.0
churn_rate_prevention_process_76.txt,model_eval_1,10,0.0,1.0,1.0,0.0,0.0,0.0,1.0,1.0,0.0,0.0
purchase_order_workflow_35.txt,model_eval_1,10,0.045454545454545414,0.9931818181818182,1.0,0.015339739947967099,1.5445047087197994,0.0,0.9822084292742458,1.0041552070893904,0.021946777815144647,0.6818181818181834
final_grades_submission_process_0.txt,model_eval_1,10,0.0,1.0,1.0,0.0,0.0,0.0,1.0,1.0,0.0,0.0
accounts_receivable_process_109.txt,model_eval_1,10,0.0,1.0,1.0,0.0,0.0,0.0,1.0,1.0,0.0,0.0
final_grades_submission_process_81.txt,model_eval_1,10,0.08680181655875863,0.9561546312810675,0.97416209713071,0.03337306594060903,3.4903419226130183,0.8514027844643464,0.9322809780870385,0.9800282844750965,0.04774730638805802,1.8485081592356738
startup_due_diligence_for_a_venture_capitalist_187.txt,model_eval_1,4,0.0,1.0,1.0,0.0,0.0,0.0,1.0,1.0,0.0,0.0
process_for_optimizing_a_process_9.txt,model_eval_1,9,0.13888888888888884,0.9675925925925927,1.0,0.06054026310473156,6.256792741924409,0.0,0.921057226903973,1.0141279582812124,0.09307073137723942,3.240740740740733
final_grades_submission_process_96.txt,model_eval_1,10,0.04889555159008152,0.9878641728693465,0.9927610506307599,0.0159291389492733,1.6124827063021818,0.7291733861477285,0.9764691533158175,0.9992591924228754,0.022790039107057902,0.49325844908018673
content_promotion_process_91.txt,model_eval_1,10,0.0,1.0,1.0,0.0,0.0,0.0,1.0,1.0,0.0,0.0
budget_preparation_process_2.txt,model_eval_1,10,0.0,1.0,1.0,0.0,0.0,0.0,1.0,1.0,0.0,0.0
client_onboarding_process_for_a_marketing_agency_180.txt,model_eval_1,10,0.06066734074823066,0.993933265925177,1.0,0.019184697634995265,1.9301796501536437,0.0,0.980209359983024,1.00765717186733,0.027447811884305895,0.6066734074823055
employee_onboarding_process_14.txt,model_eval_1,10,0.0025887605879378883,0.946915276850546,0.9458797726153709,0.0013368302192535418,0.14117738428509238,0.0,0.9459589661210926,0.9478715875799993,0.0019126214589066937,0.10947524887987431
accounts_receivable_process_144.txt,model_eval_1,10,0.0,1.0,1.0,0.0,0.0,0.0,1.0,1.0,0.0,0.0
account_payable_process_45.txt,model_eval_1,10,0.0,1.0,1.0,0.0,0.0,0.0,1.0,1.0,0.0,0.0
account_payable_process_13.txt,model_eval_1,10,0.0,1.0,1.0,0.0,0.0,0.0,1.0,1.0,0.0,0.0
account_payable_process_32.txt,model_eval_1,10,0.11691713440762896,0.9687908427714111,0.9785271333724577,0.03783642237424702,3.90553055456312,2.1944068687739797,0.9417242967287706,0.9958573888140517,0.054133092085281165,0.9949944430759687
process_for_optimizing_a_process_34.txt,model_eval_1,10,0.04761904761904767,0.9952380952380953,1.0,0.01505846504842087,1.5130515120422885,0.0,0.9844659182723895,1.006010272203801,0.02154435393141141,0.4761904761904745
content_promotion_process_199.txt,model_eval_1,10,0.05998850541540535,0.9820034483753783,1.0,0.028977201080515474,2.950824778513274,0.0,0.961274407466731,1.0027324892840257,0.04145808181729471,1.799655162462166
loan_application_process_145.txt,model_eval_1,10,0.0,1.0,1.0,0.0,0.0,0.0,1.0,1.0,0.0,0.0
purchase_order_workflow_1.txt,model_eval_1,10,0.27097130242825607,0.9129244190022424,0.9278846153846154,0.088954052551377,9.743857289806868,6.5336897500319235,0.8492905231955374,0.9765583148089474,0.12726779161340995,1.6122905945769868
accounts_receivable_process_0.txt,model_eval_1,10,0.0,1.0,1.0,0.0,0.0,0.0,1.0,1.0,0.0,0.0
employee_onboarding_process_4.txt,model_eval_1,10,0.18990566457526814,0.9810094335424733,1.0,0.060053444062579994,6.121597000930364,0.0,0.9380497876049837,1.023969079479963,0.08591929187497926,1.8990566457526725
startup_due_diligence_for_a_venture_capitalist_7.txt,model_eval_1,10,0.16923076923076918,0.9792249688110669,1.0,0.05255312038613185,5.366807634607153,0.0,0.9416307312125398,1.016819206409594,0.07518847519705418,2.077503118893309
final_grades_submission_process_6.txt,model_eval_1,10,0.0,1.0,1.0,0.0,0.0,0.0,1.0,1.0,0.0,0.0
purchase_order_workflow_74.txt,model_eval_1,10,0.15399994514987791,0.9709636418486486,1.0,0.04885719470123322,5.0318253532349,0.0,0.936013310212768,1.005913973484529,0.06990066327176103,2.9036358151351416
content_promotion_process_48.txt,model_eval_1,10,0.0,1.0,1.0,0.0,0.0,0.0,1.0,1.0,0.0,0.0
order_fulfillment_process_90.txt,model_eval_1,10,0.045454545454545414,0.990909090909091,1.0,0.015891043154093194,1.6036832540827994,0.0,0.9795413234457325,1.0022768583724493,0.02273553492671676,0.9090909090909038
budget_preparation_process_10.txt,model_eval_1,9,0.024557149754730445,0.9882410849426377,0.9873504705534388,0.007788025230443649,0.7880693637520346,0.015144515652825728,0.9822546788138119,0.9942274910714636,0.011972812257651677,0.09020245756298588
customer_support_process_for_the_ticket_management_54.txt,model_eval_1,10,0.018151810831748105,0.9927392756673008,1.0,0.009373554807315708,0.9442111375129165,0.0,0.986033838502393,0.9994447128322086,0.01341087432981558,0.7260724332699198
budget_preparation_process_54.txt,model_eval_1,10,0.04347826086956519,0.9942028985507246,1.0,0.014001330189555001,1.4082970598823543,0.0,0.9841869503068509,1.0042188467945983,0.02003189648774739,0.5797101449275366
account_payable_process_171.txt,model_eval_1,10,0.02166913751040389,0.9848316037427173,0.9783308624895961,0.010467187847608275,1.0628403686304506,0.0,0.9773438286298385,0.9923193788555961,0.014975550225757583,0.6644726750803385
order_fulfillment_process_2.txt,model_eval_1,10,0.021739130434782594,0.9934782608695653,1.0,0.010500997642166254,1.0569931981173908,0.0,0.9859662996866599,1.0009902220524705,0.015023922365810516,0.6521739130434745
client_onboarding_process_for_a_marketing_agency_40.txt,model_eval_1,10,0.11400512417902686,0.9885994875820974,1.0,0.03605158573360586,3.6467332004976374,0.0,0.9628097367563689,1.014389238407826,0.05157950165145697,1.140051241790263
client_onboarding_process_for_a_marketing_agency_102.txt,model_eval_1,10,0.03481191848137899,0.9843927059328234,0.9827876049241236,0.015233487806705573,1.5475010851761768,1.7513850388055352,0.9734953252282766,0.9952900866373701,0.02179476140909342,0.16332125076237886
loan_application_process_79.txt,model_eval_1,9,0.01853377265238887,0.961001281347245,0.9630605894197327,0.006177924217462956,0.6428632653644345,0.0,0.9562525084164292,0.9657500542780609,0.009497545861631762,0.21382954459058984
budget_preparation_process_83.txt,model_eval_1,10,0.038461538461538436,0.9961538461538462,1.0,0.01216260638526299,1.220956625547636,0.0,0.9874532416815454,1.004854450626147,0.01740120894460162,0.38461538461538325
final_grades_submission_process_63.txt,model_eval_1,10,0.053531286971113645,0.9860553548714279,0.9828169671370783,0.016320915344043216,1.655172325104538,0.8741725793041312,0.9743800753683041,0.9977306343745518,0.023350559006247718,0.3295005929520055
account_payable_process_36.txt,model_eval_1,10,0.019543390918356218,0.9980456609081644,1.0,0.006180162850505546,0.61922646353494,0.0,0.9936246387330319,1.002466683083297,0.008842044350265033,0.19543390918356218
customer_support_process_for_the_ticket_management_1.txt,model_eval_1,10,0.0,1.0,1.0,0.0,0.0,0.0,1.0,1.0,0.0,0.0
churn_rate_prevention_process_29.txt,model_eval_1,10,0.0,1.0,1.0,0.0,0.0,0.0,1.0,1.0,0.0,0.0
budget_preparation_process_73.txt,model_eval_1,10,0.0,1.0,1.0,0.0,0.0,0.0,1.0,1.0,0.0,0.0
project_management_process_45.txt,model_eval_1,10,0.0,1.0,1.0,0.0,0.0,0.0,1.0,1.0,0.0,0.0
content_promotion_process_129.txt,model_eval_1,10,0.023054974319954402,0.9907780102720183,1.0,0.011905537545123076,1.2016352221881073,0.0,0.9822613017698214,0.9992947187742152,0.01703341700439376,0.9221989727981716
process_for_optimizing_a_process_27.txt,model_eval_1,10,0.0,1.0,1.0,0.0,0.0,0.0,1.0,1.0,0.0,0.0
process_for_optimizing_a_process_137.txt,model_eval_1,9,0.02409638554216864,0.9953515393387282,1.0,0.00935989594560813,0.9403608248625878,0.0,0.9881568864201772,1.0025461922572791,0.014389305837101962,0.46484606612717805
process_for_optimizing_a_process_0.txt,model_eval_1,10,0.06796042785966316,0.9853017424818095,1.0,0.02528571938745158,2.566291958822797,0.0,0.9672134284955597,1.0033900564680593,0.03617662797249965,1.4698257518190538
purchase_order_workflow_190.txt,model_eval_1,10,0.06398433065099729,0.9796480785628072,1.0,0.026753986408406216,2.730979317354009,0.0,0.9605094296233085,0.9987867275023059,0.03827729787899736,2.0351921437192777
startup_due_diligence_for_a_venture_capitalist_92.txt,model_eval_1,10,0.031848574308082966,0.9955651425691917,1.0,0.010402468089307384,1.0448807058935787,0.0,0.9881236651823662,1.0030066199560173,0.014882954773651091,0.4434857430808292
order_fulfillment_process_1.txt,model_eval_1,10,0.050000000000000044,0.99,1.0,0.021081851067789214,2.1294799058372944,0.0,0.974918952248012,1.005081047751988,0.030162095503976083,1.0000000000000009
loan_application_process_6.txt,model_eval_1,10,0.018181818181818188,0.9981818181818183,1.0,0.0057495957457606925,0.5760068597756614,0.0,0.9940688051585488,1.0022948312050877,0.008226026046538881,0.1818181818181719
content_promotion_process_153.txt,model_eval_1,10,0.03420820132017588,0.9794750792078946,0.9657917986798241,0.017665039202233567,1.8035210468569915,0.0,0.9668382714203343,0.9921118869954548,0.025273615575120534,1.4167940281512656
loan_application_process_13.txt,model_eval_1,10,0.030905650004944607,0.9969094349995056,1.0,0.00977322465836191,0.980352308368589,0.0,0.9899180912465436,1.0039007787524676,0.013982687505924019,0.30905650004944274
order_fulfillment_process_64.txt,model_eval_1,10,0.02764690906698475,0.9931300034660551,1.0,0.009742048231082835,0.9809439043310321,0.0,0.9861609619856506,1.0000990449464595,0.013938082960808895,0.6869996533944933
accounts_receivable_process_41.txt,model_eval_1,10,0.0,1.0,1.0,0.0,0.0,0.0,1.0,1.0,0.0,0.0
project_management_process_23.txt,model_eval_1,10,0.04515413412210567,0.993281751255183,1.0,0.015175988038867536,1.5278633700548767,0.0,0.9824255034066509,1.0041379991037152,0.021712495697064238,0.6718248744816968
final_grades_submission_process_43.txt,model_eval_1,10,0.0,1.0,1.0,0.0,0.0,0.0,1.0,1.0,0.0,0.0
project_management_process_6.txt,model_eval_1,10,0.11649702914447879,0.8764376005435945,0.8772082117289032,0.028846226586300358,3.2913040892368164,0.0,0.85580225314389,0.8970729479432991,0.041270694799409036,0.08784814996086557
accounts_receivable_process_26.txt,model_eval_1,10,0.022727272727272707,0.9977272727272727,1.0,0.007186994682200855,0.7203365968492884,0.0,0.9925860064481858,1.0028685390063594,0.010282532558173574,0.2272727272727315
accounts_receivable_process_43.txt,model_eval_1,10,0.0,1.0,1.0,0.0,0.0,0.0,1.0,1.0,0.0,0.0
final_grades_submission_process_68.txt,model_eval_1,10,0.022028353326063344,0.9911886586695747,1.0,0.011375392743495479,1.1476516245418027,0.0,0.9830511929123866,0.9993261244267628,0.0162749315143762,0.8811341330425271
employee_onboarding_process_93.txt,model_eval_1,10,0.028157387172836112,0.9822942479912784,0.9864982659173946,0.009479994733575638,0.9650870656080448,0.0,0.9755126682900496,0.9890758276925072,0.01356315940245767,0.42615563264135237
process_for_optimizing_a_process_99.txt,model_eval_1,10,0.01839424110933663,0.9969419136501715,1.0,0.006610958495047174,0.6631237391596889,0.0,0.9922127188356541,1.001671108464689,0.009458389629034891,0.3058086349828515
purchase_order_workflow_169.txt,model_eval_1,10,0.039215686274509776,0.9862745098039216,1.0,0.018601633295108104,1.8860502943350164,0.0,0.9729677029639322,0.999581316643911,0.02661361367997883,1.3725490196078383
customer_support_process_for_the_ticket_management_46.txt,model_eval_2,10,0.07674571805006591,0.8871353284396761,0.9068322981366459,0.032982257004248956,3.7178382989503165,0.0,0.8635412431171873,0.910729413762165,0.04718817064497771,2.172063096720639
account_payable_process_122.txt,model_eval_2,10,0.027972027972027913,0.9944055944055943,0.9999999999999999,0.011794042555406519,1.1860394412258315,0.0,0.9859686446142724,1.0028425441969162,0.016873899582643848,0.5594405594405606
process_for_optimizing_a_process_185.txt,model_eval_2,10,0.12006688963210699,0.9290895577852097,0.9321070234113712,0.03136250784710863,3.3756173002171583,1.788063628752541,0.9066541712082214,0.951524944362198,0.044870773153976584,0.3237252322290185
customer_support_process_for_the_ticket_management_131.txt,model_eval_2,10,0.3970057720057719,0.8831529581529581,0.9545454545454545,0.13207670192266283,14.9551332759945,0.0,0.7886709773147523,0.9776349389911639,0.1889639616764116,7.479213907785331
order_fulfillment_process_40.txt,model_eval_2,10,0.07878787878787874,0.9831060606060605,0.9999999999999999,0.027023269909852734,2.7487644510291753,0.0,0.9637747778541381,1.002437343357983,0.03866256550384484,1.6893939393939355
project_management_process_44.txt,model_eval_2,10,0.0,1.0,1.0,0.0,0.0,0.0,1.0,1.0,0.0,0.0
customer_support_process_for_the_ticket_management_35.txt,model_eval_2,10,0.07878787878787885,0.7942953342953343,0.8191438191438192,0.03394901258602024,4.274104494915407,0.0,0.7700096736910397,0.8185809948996289,0.0485713212085892,3.0334703464474515
process_for_optimizing_a_process_92.txt,model_eval_2,10,0.017246506095747738,0.9931013975617006,0.9999999999999999,0.008906057451879425,0.8967923591433773,0.0,0.9867303878585272,0.999472407264874,0.012742019406346783,0.6898602438299318
startup_due_diligence_for_a_venture_capitalist_68.txt,model_eval_2,10,0.04166666666666663,0.9916666666666666,0.9999999999999999,0.01756820922315765,1.7715841233436287,0.0,0.9790991268733432,1.0042342064599898,0.025135079586646625,0.8333333333333306
churn_rate_prevention_process_14.txt,model_eval_2,10,0.16666666666666663,0.9666666666666666,0.9999999999999999,0.07027283689263064,7.269603816479033,0.0,0.9163965074933731,1.01693682583996,0.10054031834658694,3.3333333333333335
content_promotion_process_109.txt,model_eval_2,10,0.02631578947368418,0.9973684210526315,0.9999999999999999,0.008321783316232569,0.8343740528148751,0.0,0.991415375887373,1.00332146621789,0.011906090330516927,0.263157894736843
accounts_receivable_process_101.txt,model_eval_2,10,0.12280701754385959,0.9782894736842105,0.9912280701754386,0.03804612138825343,3.8890453604670623,0.8849557522123865,0.9510729180037252,1.0055060293646958,0.05443311136097062,1.3053097345132758
customer_support_process_for_the_ticket_management_152.txt,model_eval_2,10,0.18055555555555558,0.9819444444444443,0.9999999999999999,0.05709667997526241,5.814654820677361,0.0,0.9410999401161434,1.0227889487727453,0.08168900865660189,1.8055555555555607
loan_application_process_4.txt,model_eval_2,9,0.016666666666666607,0.998148148148148,0.9999999999999999,0.005555555555555536,0.5565862708719832,0.0,0.9938777701199921,1.002418526176304,0.008540756056311771,0.18518518518518826
budget_preparation_process_33.txt,model_eval_2,10,0.05087719298245619,0.9882456140350875,0.9916666666666666,0.016048343572413144,1.6239225699051119,0.8403361344537785,0.9767653206311718,0.9997259074390031,0.022960586807831307,0.3449800973020944
account_payable_process_2.txt,model_eval_2,10,0.12127158555729978,0.9310182467635884,0.956190476190476,0.03995865183021147,4.291930042092729,1.2852436408213361,0.9024335492235692,0.9596029443036075,0.057169395080038266,2.6325538743259034
project_management_process_3.txt,model_eval_2,10,0.0,0.9999999999999998,0.9999999999999999,1.1702778228589004e-16,1.1702778228589007e-14,0.0,0.9999999999999997,0.9999999999999999,2.220446049250313e-16,1.1102230246251569e-14
churn_rate_prevention_process_3.txt,model_eval_2,10,0.0,0.9999999999999998,0.9999999999999999,1.1702778228589004e-16,1.1702778228589007e-14,0.0,0.9999999999999997,0.9999999999999999,2.220446049250313e-16,1.1102230246251569e-14
order_fulfillment_process_143.txt,model_eval_2,10,0.0,0.9999999999999998,0.9999999999999999,1.1702778228589004e-16,1.1702778228589007e-14,0.0,0.9999999999999997,0.9999999999999999,2.220446049250313e-16,1.1102230246251569e-14
project_management_process_81.txt,model_eval_2,10,0.02857142857142858,0.9207575757575759,0.9116883116883117,0.0135451840664529,1.4710912430243397,0.0,0.911067934792995,0.9304472167221568,0.01937928192916183,0.9947768281101786
project_management_process_2.txt,model_eval_2,10,0.0,0.9999999999999998,0.9999999999999999,1.1702778228589004e-16,1.1702778228589007e-14,0.0,0.9999999999999997,0.9999999999999999,2.220446049250313e-16,1.1102230246251569e-14
final_grades_submission_process_1.txt,model_eval_2,10,0.0,0.9999999999999998,0.9999999999999999,1.1702778228589004e-16,1.1702778228589007e-14,0.0,0.9999999999999997,0.9999999999999999,2.220446049250313e-16,1.1102230246251569e-14
customer_support_process_for_the_ticket_management_25.txt,model_eval_2,10,0.0,0.9999999999999998,0.9999999999999999,1.1702778228589004e-16,1.1702778228589007e-14,0.0,0.9999999999999997,0.9999999999999999,2.220446049250313e-16,1.1102230246251569e-14
client_onboarding_process_for_a_marketing_agency_172.txt,model_eval_2,10,0.06249999999999989,0.99375,0.9999999999999999,0.019764235376052333,1.9888538743197317,0.0,0.9796115177325113,1.0078884822674887,0.02827696453497741,0.6249999999999868
content_promotion_process_2.txt,model_eval_2,10,0.0,0.9999999999999998,0.9999999999999999,1.1702778228589004e-16,1.1702778228589007e-14,0.0,0.9999999999999997,0.9999999999999999,2.220446049250313e-16,1.1102230246251569e-14
client_onboarding_process_for_a_marketing_agency_6.txt,model_eval_2,10,0.0,1.0,1.0,0.0,0.0,0.0,1.0,1.0,0.0,0.0
churn_rate_prevention_process_23.txt,model_eval_2,7,0.01357549073564479,0.9980606441806221,0.9999999999999999,0.00513105320173963,0.5141023475534466,0.0,0.9933152114425995,1.0028060769186447,0.009490865476045163,0.1939355819377764
final_grades_submission_process_126.txt,model_eval_2,10,0.0,0.9999999999999998,0.9999999999999999,1.1702778228589004e-16,1.1702778228589007e-14,0.0,0.9999999999999997,0.9999999999999999,2.220446049250313e-16,1.1102230246251569e-14
customer_support_process_for_the_ticket_management_10.txt,model_eval_2,10,0.045454545454545414,0.6454545454545455,0.6636363636363636,0.023472626340650993,3.636604080945928,0.0,0.6286632401004919,0.6622458508085991,0.0335826107081072,2.739726027397245
budget_preparation_process_16.txt,model_eval_2,10,0.18666666666666665,0.9813333333333333,0.9999999999999999,0.05902918298980974,6.01520207097246,0.0,0.9391063996277668,1.0235602670388997,0.08445386741113292,1.8666666666666614
order_fulfillment_process_7.txt,model_eval_2,10,0.2200435729847494,0.9566945923307071,0.9866102889358702,0.06897062904227508,7.209262976416358,1.3571428571428577,0.9073559765361747,1.0060332081252394,0.09867723158906472,3.0321695344804636
order_fulfillment_process_22.txt,model_eval_2,10,0.08172043010752683,0.9780348535409713,0.9827586206896551,0.021683771175387095,2.217075505732857,0.0,0.9625232180831705,0.9935464889987721,0.03102327091560153,0.4806640256555479
budget_preparation_process_162.txt,model_eval_2,10,0.0,0.9999999999999998,0.9999999999999999,1.1702778228589004e-16,1.1702778228589007e-14,0.0,0.9999999999999997,0.9999999999999999,2.220446049250313e-16,1.1102230246251569e-14
purchase_order_workflow_81.txt,model_eval_2,10,0.09642857142857142,0.9867021720969088,0.9999999999999999,0.02988080632808877,3.028351124897902,0.0,0.9653267309341386,1.0080776132596792,0.042750882325540585,1.3297827903091088
employee_onboarding_process_195.txt,model_eval_2,10,0.32499999999999984,0.9158333333333333,0.9791666666666665,0.12117289453656853,13.230889303355983,2.127659574468089,0.8291514664101439,1.0025152002565225,0.1733637338463786,6.46808510638297
churn_rate_prevention_process_102.txt,model_eval_2,10,0.22666666666666657,0.9546666666666666,0.9999999999999999,0.09063833980151721,9.49423950434887,0.0,0.8898279043439354,1.0195054289893977,0.12967752464546223,4.533333333333334
churn_rate_prevention_process_34.txt,model_eval_2,10,0.0,0.9999999999999998,0.9999999999999999,1.1702778228589004e-16,1.1702778228589007e-14,0.0,0.9999999999999997,0.9999999999999999,2.220446049250313e-16,1.1102230246251569e-14
process_for_optimizing_a_process_37.txt,model_eval_2,10,0.0,0.9999999999999998,0.9999999999999999,1.1702778228589004e-16,1.1702778228589007e-14,0.0,0.9999999999999997,0.9999999999999999,2.220446049250313e-16,1.1102230246251569e-14
account_payable_process_3.txt,model_eval_2,10,0.0,1.0,1.0,0.0,0.0,0.0,1.0,1.0,0.0,0.0
client_onboarding_process_for_a_marketing_agency_14.txt,model_eval_2,10,0.16666666666666663,0.9818181818181817,0.9999999999999999,0.05238910092884823,5.335926946456765,0.0,0.944341276671136,1.0192950869652275,0.07495381029409154,1.8181818181818192
startup_due_diligence_for_a_venture_capitalist_45.txt,model_eval_2,10,0.0,0.9999999999999998,0.9999999999999999,1.1702778228589004e-16,1.1702778228589007e-14,0.0,0.9999999999999997,0.9999999999999999,2.220446049250313e-16,1.1102230246251569e-14
customer_support_process_for_the_ticket_management_48.txt,model_eval_2,10,0.024361259655377387,0.9369578134284016,0.9393939393939393,0.007703706718176114,0.8222042239007167,0.0,0.9314469136259816,0.9424687132308215,0.011021799604839844,0.2593295382669242
loan_application_process_72.txt,model_eval_2,9,0.08593020541549945,0.8663737099194615,0.8670729553082495,0.031396459840428624,3.6238934170044534,2.550306981395898,0.8422402545118615,0.8905071653270615,0.04826691081520007,0.0806443546078975
purchase_order_workflow_16.txt,model_eval_2,10,0.08932748538011692,0.9858820662768031,0.9999999999999999,0.02960124236131156,3.0025135230526154,0.0,0.9647066131283275,1.0070575194252787,0.04235090629695115,1.411793372319681
startup_due_diligence_for_a_venture_capitalist_186.txt,model_eval_2,10,0.16666666666666663,0.957738095238095,0.9880952380952379,0.06713565667420962,7.009813748456942,1.204819277108441,0.9097121395993236,1.0057640508768664,0.09605191127754276,3.072289156626507
customer_support_process_for_the_ticket_management_22.txt,model_eval_2,10,0.02734663710273466,0.9972653362897264,0.9999999999999999,0.008647765959070956,0.8671479539481959,0.0,0.9910790971896869,1.0034515753897657,0.012372478200078807,0.2734663710273533
accounts_receivable_process_2.txt,model_eval_2,10,0.043942247332077744,0.976008674313759,0.9679278662329509,0.02187563342924797,2.241335964009637,1.2263427863923115,0.9603597888676638,0.9916575597598543,0.031297770892190435,0.8348564353516946
account_payable_process_170.txt,model_eval_2,10,0.044642857142857095,0.989237528344671,0.9999999999999999,0.018333712982053687,1.8533175760863208,0.0,0.9761223801508749,1.0023526765384672,0.026230296387592222,1.0762471655328845
accounts_receivable_process_60.txt,model_eval_2,10,0.0731856378915201,0.96231474407945,0.9705882352941175,0.02300439490280322,2.390527116448706,0.0,0.9458583913180533,0.9787710968408466,0.03291270552279335,0.8524203069657512
churn_rate_prevention_process_55.txt,model_eval_2,10,0.0,0.9999999999999998,0.9999999999999999,1.1702778228589004e-16,1.1702778228589007e-14,0.0,0.9999999999999997,0.9999999999999999,2.220446049250313e-16,1.1102230246251569e-14
purchase_order_workflow_4.txt,model_eval_2,10,0.14946647555343195,0.9694211629966778,0.9930555555555555,0.04926039536053411,5.081423558802886,0.6993006993006968,0.9341823989846745,1.0046599270086811,0.07047752802400664,2.3799668031317376
churn_rate_prevention_process_27.txt,model_eval_2,10,0.0,0.9999999999999998,0.9999999999999999,1.1702778228589004e-16,1.1702778228589007e-14,0.0,0.9999999999999997,0.9999999999999999,2.220446049250313e-16,1.1102230246251569e-14
startup_due_diligence_for_a_venture_capitalist_0.txt,model_eval_2,9,0.01357549073564479,0.9984916121404839,0.9999999999999999,0.0045251635785482636,0.45319995917117334,0.0,0.995013263498948,1.0019699607820198,0.0069566972830718,0.1508387859516014
client_onboarding_process_for_a_marketing_agency_173.txt,model_eval_2,10,0.03444782168186411,0.9909354947652819,0.9999999999999999,0.014998848388675115,1.5136049185752318,0.0,0.9802059649888362,1.0016650245417276,0.021459059552891402,0.9064505234718025
client_onboarding_process_for_a_marketing_agency_64.txt,model_eval_2,10,0.0,0.9999999999999998,0.9999999999999999,1.1702778228589004e-16,1.1702778228589007e-14,0.0,0.9999999999999997,0.9999999999999999,2.220446049250313e-16,1.1102230246251569e-14
loan_application_process_48.txt,model_eval_2,10,0.0,0.9999999999999998,0.9999999999999999,1.1702778228589004e-16,1.1702778228589007e-14,0.0,0.9999999999999997,0.9999999999999999,2.220446049250313e-16,1.1102230246251569e-14
purchase_order_workflow_159.txt,model_eval_2,10,0.016666666666666607,0.9966666666666665,0.9999999999999999,0.00702728368926304,0.7050786310297367,0.0,0.9916396507493371,1.0016936825839957,0.010054031834658583,0.3333333333333411
process_for_optimizing_a_process_6.txt,model_eval_2,10,0.0625,0.9875,1.0,0.026352313834736494,2.668588742758126,0.0,0.968648690310015,1.006351309689985,0.03770261937996999,1.2499999999999956
content_promotion_process_96.txt,model_eval_2,10,0.10387465387465389,0.9279271479271477,0.9388888888888888,0.03323733417309005,3.5818904800163835,0.0,0.904150591390373,0.9517037044639224,0.04755311307354937,1.1675227059842566
loan_application_process_60.txt,model_eval_2,9,0.043055555555555514,0.8769620811287477,0.8817460317460317,0.014351851851851838,1.6365418939641503,0.0,0.8659302712226784,0.8879938910348171,0.02206361981213867,0.5425542554255463
churn_rate_prevention_process_48.txt,model_eval_2,10,0.0,0.9999999999999998,0.9999999999999999,1.1702778228589004e-16,1.1702778228589007e-14,0.0,0.9999999999999997,0.9999999999999999,2.220446049250313e-16,1.1102230246251569e-14
content_promotion_process_0.txt,model_eval_2,10,0.18888888888888877,0.9661017302480716,0.9999999999999999,0.0627624809354218,6.496467087302071,0.0,0.9212041560750653,1.0109993044210777,0.08979514834601232,3.3898269751928343
account_payable_process_179.txt,model_eval_2,10,0.07575757575757569,0.9924242424242422,0.9999999999999999,0.02395664894066952,2.4139524123422724,0.0,0.9752866881606195,1.009561796687865,0.03427510852724547,0.7575757575757681
client_onboarding_process_for_a_marketing_agency_5.txt,model_eval_2,10,0.16666666666666663,0.9753846153846153,0.9999999999999999,0.05266233611525903,5.399135406138544,0.0,0.9377122495600164,1.0130569812092143,0.07534473164919786,2.46153846153846
startup_due_diligence_for_a_venture_capitalist_128.txt,model_eval_2,10,0.04166666666666663,0.9916666666666666,0.9999999999999999,0.01756820922315765,1.7715841233436287,0.0,0.9790991268733432,1.0042342064599898,0.025135079586646625,0.8333333333333306
order_fulfillment_process_175.txt,model_eval_2,10,0.02734663710273466,0.989061345158906,0.9999999999999999,0.014121742676489225,1.427792395851885,0.0,0.9789592590109387,0.9991634313068732,0.02020417229593452,1.093865484109391
content_promotion_process_13.txt,model_eval_2,10,0.12698412698412687,0.9017460317460317,0.8777777777777778,0.051805669964215234,5.745039971388064,0.0,0.8646864879686933,0.9388055755233702,0.07411908755467689,2.7305605786618448
loan_application_process_14.txt,model_eval_2,10,0.0625,0.9875,1.0,0.026352313834736494,2.668588742758126,0.0,0.968648690310015,1.006351309689985,0.03770261937996999,1.2499999999999956
project_management_process_65.txt,model_eval_2,10,0.16666666666666663,0.9492605387342229,0.9736842105263157,0.054123712858225356,5.701671000713439,0.0,0.9105427669643181,0.9879783105041277,0.07743554353980953,2.508377102971695
startup_due_diligence_for_a_venture_capitalist_178.txt,model_eval_2,10,0.07742656449552987,0.9724421328338704,0.9827534939042522,0.023415798358394545,2.40793745640748,0.0,0.9556914797693763,0.9891927858983645,0.03350130612898816,1.0492316877365782
employee_onboarding_process_3.txt,model_eval_2,10,0.08333333333333326,0.9916666666666666,0.9999999999999999,0.026352313834736473,2.6573761850154427,0.0,0.9728153569766815,1.0105179763566516,0.037702619379970104,0.8333333333333306
project_management_process_53.txt,model_eval_2,10,0.020545073375262013,0.9960936408106218,0.9999999999999999,0.008249169297916737,0.828151988923808,0.0,0.9901925405848359,1.0019947410364076,0.011802200451571765,0.3906359189378096
employee_onboarding_process_19.txt,model_eval_2,10,0.02734663710273466,0.9972653362897264,0.9999999999999999,0.008647765959070956,0.8671479539481959,0.0,0.9910790971896869,1.0034515753897657,0.012372478200078807,0.2734663710273533
employee_onboarding_process_51.txt,model_eval_2,10,0.08333333333333326,0.9874999999999998,0.9999999999999999,0.028122856571273013,2.8478842097491666,0.0,0.9673821203361171,1.0076178796638824,0.04023575932776524,1.2500000000000069
employee_onboarding_process_151.txt,model_eval_2,6,0.09615384615384603,0.9743438928221537,0.9880795532969445,0.03761804323053321,3.8608589336536854,0.6952822401422246,0.9348661775528843,1.013821608091423,0.07895543053853882,1.3901371027220177
loan_application_process_63.txt,model_eval_2,10,0.04166666666666663,0.9958333333333332,0.9999999999999999,0.013176156917368237,1.3231287281039235,0.0,0.9864076784883408,1.0052589881783258,0.018851309689985052,0.4166666666666653
employee_onboarding_process_43.txt,model_eval_2,10,0.12678673527730122,0.9676529445397369,0.9754145225843338,0.034070387713987675,3.5209305057396603,0.0,0.9432804573994378,0.9920254316800361,0.04874497428059832,0.7957209847596678
budget_preparation_process_49.txt,model_eval_2,10,0.0,0.9999999999999998,0.9999999999999999,1.1702778228589004e-16,1.1702778228589007e-14,0.0,0.9999999999999997,0.9999999999999999,2.220446049250313e-16,1.1102230246251569e-14
budget_preparation_process_19.txt,model_eval_2,10,0.04166666666666663,0.9958333333333332,0.9999999999999999,0.013176156917368237,1.3231287281039235,0.0,0.9864076784883408,1.0052589881783258,0.018851309689985052,0.4166666666666653
accounts_receivable_process_49.txt,model_eval_2,10,0.19166666666666665,0.9808333333333332,0.9999999999999999,0.06061032181989393,6.179472063200741,0.0,0.9374753210463677,1.024191345620299,0.08671602457393124,1.916666666666667
purchase_order_workflow_20.txt,model_eval_2,10,0.023809523809523836,0.9976190476190474,0.9999999999999999,0.007529232524210434,0.7547202052907835,0.0,0.9922329591361946,1.0030051361019003,0.01077217696570576,0.2380952380952484
startup_due_diligence_for_a_venture_capitalist_5.txt,model_eval_2,10,0.0625,0.9875,1.0,0.026352313834736494,2.668588742758126,0.0,0.968648690310015,1.006351309689985,0.03770261937996999,1.2499999999999956
final_grades_submission_process_42.txt,model_eval_2,10,0.06666666666666654,0.9784551656920076,0.9736842105263157,0.02227751768386876,2.27680515827346,2.2347347347347344,0.9625187895689685,0.9943915418150467,0.03187275224607822,0.4899899899899816
order_fulfillment_process_17.txt,model_eval_2,10,0.219298245614035,0.9342105263157894,0.9999999999999999,0.10593111656571223,11.339105435203,0.0,0.8584319705233237,1.009989082108255,0.15155711158493146,6.578947368421052
project_management_process_8.txt,model_eval_2,10,0.01843434343434336,0.9050664540138225,0.9124401913875597,0.009519454015930648,1.0517961386938404,0.0,0.8982566468424563,0.9118762611851886,0.013619614342732289,0.8081337761463483
client_onboarding_process_for_a_marketing_agency_66.txt,model_eval_2,10,0.02273901808785528,0.9977260981912144,0.9999999999999999,0.007190708891338944,0.720709712252194,0.0,0.9925821749269704,1.0028700214554584,0.01028784652848802,0.22739018087855062
employee_onboarding_process_11.txt,model_eval_2,10,0.0,0.9999999999999998,0.9999999999999999,1.1702778228589004e-16,1.1702778228589007e-14,0.0,0.9999999999999997,0.9999999999999999,2.220446049250313e-16,1.1102230246251569e-14
churn_rate_prevention_process_76.txt,model_eval_2,10,0.0,0.9999999999999998,0.9999999999999999,1.1702778228589004e-16,1.1702778228589007e-14,0.0,0.9999999999999997,0.9999999999999999,2.220446049250313e-16,1.1102230246251569e-14
purchase_order_workflow_35.txt,model_eval_2,10,0.02083333333333337,0.9968749999999998,0.9999999999999999,0.0070307141428182654,0.7052753999065345,0.0,0.9918455300840292,1.0019044699159705,0.010058939831941283,0.3125000000000045
final_grades_submission_process_0.txt,model_eval_2,10,0.0,0.9999999999999998,0.9999999999999999,1.1702778228589004e-16,1.1702778228589007e-14,0.0,0.9999999999999997,0.9999999999999999,2.220446049250313e-16,1.1102230246251569e-14
accounts_receivable_process_109.txt,model_eval_2,10,0.0,0.9999999999999998,0.9999999999999999,1.1702778228589004e-16,1.1702778228589007e-14,0.0,0.9999999999999997,0.9999999999999999,2.220446049250313e-16,1.1102230246251569e-14
final_grades_submission_process_81.txt,model_eval_2,10,0.12356001486436274,0.9383692282581352,0.9672156301145662,0.050694975094359294,5.402454979098447,1.1419624649099966,0.9021042277263744,0.9746342287898959,0.07253000106352148,2.982416842562213
startup_due_diligence_for_a_venture_capitalist_187.txt,model_eval_2,4,0.0,0.9999999999999999,0.9999999999999999,0.0,0.0,0.0,0.9999999999999999,0.9999999999999999,0.0,0.0
process_for_optimizing_a_process_9.txt,model_eval_2,9,0.19999999999999996,0.9537037037037037,0.9999999999999999,0.08731240914167615,9.155087560486432,0.0,0.8865894448585894,1.020817962548818,0.1342285176902287,4.629629629629617
final_grades_submission_process_96.txt,model_eval_2,10,0.055811571940604154,0.9855709226288489,0.991376746952126,0.0185145201345921,1.878557870316187,0.8698260347930417,0.9723264327898355,0.9988154124678623,0.02648897967802677,0.5856324894775242
content_promotion_process_91.txt,model_eval_2,10,0.0,0.9999999999999998,0.9999999999999999,1.1702778228589004e-16,1.1702778228589007e-14,0.0,0.9999999999999997,0.9999999999999999,2.220446049250313e-16,1.1102230246251569e-14
budget_preparation_process_2.txt,model_eval_2,10,0.0,0.9999999999999998,0.9999999999999999,1.1702778228589004e-16,1.1702778228589007e-14,0.0,0.9999999999999997,0.9999999999999999,2.220446049250313e-16,1.1102230246251569e-14
client_onboarding_process_for_a_marketing_agency_180.txt,model_eval_2,10,0.021739130434782594,0.9978260869565216,0.9999999999999999,0.006874516652539951,0.6889493813003001,0.0,0.9929083539939169,1.0027438199191265,0.009835465925209674,0.2173913043478249
employee_onboarding_process_14.txt,model_eval_2,10,0.019764309764309762,0.9296228956228955,0.9217171717171717,0.010206245675527512,1.0978909538032406,0.0,0.9223217872948736,0.9369240039509174,0.014602216656043776,0.857716894977152
accounts_receivable_process_144.txt,model_eval_2,10,0.0,0.9999999999999998,0.9999999999999999,1.1702778228589004e-16,1.1702778228589007e-14,0.0,0.9999999999999997,0.9999999999999999,2.220446049250313e-16,1.1102230246251569e-14
account_payable_process_45.txt,model_eval_2,10,0.0,0.9999999999999998,0.9999999999999999,1.1702778228589004e-16,1.1702778228589007e-14,0.0,0.9999999999999997,0.9999999999999999,2.220446049250313e-16,1.1102230246251569e-14
account_payable_process_13.txt,model_eval_2,10,0.0,0.9999999999999998,0.9999999999999999,1.1702778228589004e-16,1.1702778228589007e-14,0.0,0.9999999999999997,0.9999999999999999,2.220446049250313e-16,1.1102230246251569e-14
account_payable_process_32.txt,model_eval_2,10,0.1698412698412698,0.9559962046804152,0.9725095909306435,0.05529532202166474,5.784052462859901,2.8267494043991324,0.9164403142043456,0.9955520951564849,0.07911178095213933,1.6980178297702702
process_for_optimizing_a_process_34.txt,model_eval_2,10,0.08333333333333326,0.9916666666666666,0.9999999999999999,0.026352313834736473,2.6573761850154427,0.0,0.9728153569766815,1.0105179763566516,0.037702619379970104,0.8333333333333306
content_promotion_process_199.txt,model_eval_2,10,0.0750469043151969,0.9774859287054408,0.9999999999999999,0.036251098802224935,3.7086056932026663,0.0,0.9515534548282443,1.0034184025826374,0.0518649477543931,2.2514071294559073
loan_application_process_145.txt,model_eval_2,10,0.0,0.9999999999999998,0.9999999999999999,1.1702778228589004e-16,1.1702778228589007e-14,0.0,0.9999999999999997,0.9999999999999999,2.220446049250313e-16,1.1102230246251569e-14
purchase_order_workflow_1.txt,model_eval_2,10,0.29166666666666663,0.9272494172494172,0.95,0.08895434442395923,9.593356735432895,5.263157894736848,0.8636153126496449,0.9908835218491896,0.12726820919954474,2.394798184271866
accounts_receivable_process_0.txt,model_eval_2,10,0.0,0.9999999999999998,0.9999999999999999,1.1702778228589004e-16,1.1702778228589007e-14,0.0,0.9999999999999997,0.9999999999999999,2.220446049250313e-16,1.1102230246251569e-14
employee_onboarding_process_4.txt,model_eval_2,10,0.19823232323232332,0.9801767676767676,1.0,0.06268656472808533,6.395434659879375,0.0,0.9353335006869548,1.0250200346665805,0.08968653397962578,1.9823232323232354
startup_due_diligence_for_a_venture_capitalist_7.txt,model_eval_2,10,0.2222222222222222,0.9755523302693113,0.9999999999999999,0.06958369294539117,7.132748370985068,0.0,0.9257751549778835,1.0253295055607392,0.09955435058285567,2.4447669730688575
final_grades_submission_process_6.txt,model_eval_2,10,0.0,1.0,1.0,0.0,0.0,0.0,1.0,1.0,0.0,0.0
purchase_order_workflow_74.txt,model_eval_2,10,0.0976190476190476,0.983988095238095,0.9999999999999999,0.030309057777686298,3.080226064152985,0.0,0.9623063014433633,1.0056698890328268,0.04336358758946357,1.6011904761904843
content_promotion_process_48.txt,model_eval_2,10,0.0,0.9999999999999998,0.9999999999999999,1.1702778228589004e-16,1.1702778228589007e-14,0.0,0.9999999999999997,0.9999999999999999,2.220446049250313e-16,1.1102230246251569e-14
order_fulfillment_process_90.txt,model_eval_2,10,0.08333333333333326,0.9833333333333332,0.9999999999999999,0.029133579115837516,2.9627368592377143,0.0,0.962492426317176,1.0041742403494902,0.04168181403231419,1.6666666666666723
budget_preparation_process_10.txt,model_eval_2,9,0.04804239671209165,0.9819817508083339,0.9852909366212415,0.016257914148159705,1.655622839709266,0.0003228514237855339,0.9694848117231838,0.9944786898934841,0.0249938781703003,0.33585874891485024
customer_support_process_for_the_ticket_management_54.txt,model_eval_2,10,0.021749408983451457,0.9913002364066192,0.9999999999999999,0.011231346504368196,1.132991407838345,0.0,0.98326581512137,0.9993346576918685,0.016068842570498454,0.8699763593380652
budget_preparation_process_54.txt,model_eval_2,10,0.10057471264367801,0.9882183908045976,0.9999999999999999,0.03166574530510447,3.204326654892805,0.0,0.965566081217883,1.0108707003913122,0.045304619173429206,1.1781609195402278
account_payable_process_171.txt,model_eval_2,10,0.028665028665028625,0.9799344799344798,0.9713349713349713,0.013846524327508318,1.4130051152434315,0.0,0.9700292731331059,0.9898396867358537,0.019810413602747712,0.885328836424951
order_fulfillment_process_2.txt,model_eval_2,10,0.02777777777777779,0.9916666666666665,0.9999999999999999,0.013417941431656893,1.3530697242006955,0.0,0.9820680495996208,1.0012652837337122,0.019197234134091357,0.8333333333333417
client_onboarding_process_for_a_marketing_agency_40.txt,model_eval_2,10,0.14160839160839156,0.9858391608391608,0.9999999999999999,0.04478050532755921,4.5423743655548625,0.0,0.9538051171002352,1.0178732045780865,0.06406808747785131,1.4160839160839103
client_onboarding_process_for_a_marketing_agency_102.txt,model_eval_2,10,0.044642857142857095,0.9802125850340137,0.9786848072562357,0.01951224258534077,1.99061335094608,2.17794253938832,0.9662543675496152,0.9941708025184121,0.02791643496879681,0.15610518999074524
loan_application_process_79.txt,model_eval_2,9,0.008333333333333415,0.9546296296296296,0.9555555555555555,0.0027777777777778048,0.290979631425803,0.0,0.9524944406155517,0.9567648186437075,0.004270378028155886,0.09689922480619734
budget_preparation_process_83.txt,model_eval_2,10,0.0625,0.99375,1.0,0.01976423537605237,1.9888538743197355,0.0,0.9796115177325112,1.0078884822674887,0.028276964534977522,0.6249999999999978
final_grades_submission_process_63.txt,model_eval_2,10,0.05431278558013053,0.9818909230499028,0.9746444032158317,0.01790413806617664,1.823434522702752,1.300761421319797,0.969083074238811,0.9946987718609945,0.02561569762218352,0.7435039702850866
account_payable_process_36.txt,model_eval_2,10,0.026779422128259345,0.997322057787174,0.9999999999999999,0.00846839683484133,0.8491135605313629,0.0,0.9912641316288701,1.0033799839454778,0.012115852316607723,0.2677942212825913
customer_support_process_for_the_ticket_management_1.txt,model_eval_2,10,0.0,1.0,1.0,0.0,0.0,0.0,1.0,1.0,0.0,0.0
churn_rate_prevention_process_29.txt,model_eval_2,10,0.0,1.0,1.0,0.0,0.0,0.0,1.0,1.0,0.0,0.0
budget_preparation_process_73.txt,model_eval_2,10,0.0,0.9999999999999998,0.9999999999999999,1.1702778228589004e-16,1.1702778228589007e-14,0.0,0.9999999999999997,0.9999999999999999,2.220446049250313e-16,1.1102230246251569e-14
project_management_process_45.txt,model_eval_2,10,0.0,0.9999999999999998,0.9999999999999999,1.1702778228589004e-16,1.1702778228589007e-14,0.0,0.9999999999999997,0.9999999999999999,2.220446049250313e-16,1.1102230246251569e-14
content_promotion_process_129.txt,model_eval_2,10,0.03809523809523807,0.9847619047619046,0.9999999999999999,0.019672296361688456,1.997670326863915,0.0,0.9706891917032692,0.9988346178205401,0.02814542611727089,1.5238095238095275
process_for_optimizing_a_process_27.txt,model_eval_2,10,0.0,0.9999999999999998,0.9999999999999999,1.1702778228589004e-16,1.1702778228589007e-14,0.0,0.9999999999999997,0.9999999999999999,2.220446049250313e-16,1.1102230246251569e-14
process_for_optimizing_a_process_137.txt,model_eval_2,9,0.055952380952380865,0.9913580246913578,0.9999999999999999,0.019153535070939896,1.9320502375418829,0.0,0.976635314332236,1.0060807350504797,0.02944542071824363,0.8641975308642083
process_for_optimizing_a_process_0.txt,model_eval_2,10,0.11150097465886932,0.9765497076023392,0.9999999999999999,0.04089770509461825,4.187979861775988,0.0,0.9472932518245524,1.005806163380126,0.0585129115555737,2.3450292397660726
purchase_order_workflow_190.txt,model_eval_2,10,0.09451659451659455,0.9849927849927849,0.9999999999999999,0.02926892208592721,2.9714859369392848,0.0,0.9640550594482995,1.0059305105372702,0.04187545108897073,1.5007215007215027
startup_due_diligence_for_a_venture_capitalist_92.txt,model_eval_2,10,0.05450569731985233,0.9940285969346814,0.9999999999999999,0.017131586262254195,1.7234500410836702,0.0,0.9817733983917457,1.0062837954776171,0.024510397085871438,0.5971403065318516
order_fulfillment_process_1.txt,model_eval_2,10,0.0625,0.9875,1.0,0.026352313834736494,2.668588742758126,0.0,0.968648690310015,1.006351309689985,0.03770261937996999,1.2499999999999956
loan_application_process_6.txt,model_eval_2,10,0.04166666666666663,0.9958333333333332,0.9999999999999999,0.013176156917368237,1.3231287281039235,0.0,0.9864076784883408,1.0052589881783258,0.018851309689985052,0.4166666666666653
content_promotion_process_153.txt,model_eval_2,10,0.04554865424430632,0.972670807453416,0.9544513457556936,0.023521223910714418,2.4182101210887748,0.0,0.9558447374920042,0.989496877414828,0.03365213992282379,1.9088937093275402
loan_application_process_13.txt,model_eval_2,10,0.021592442645074206,0.9978407557354924,0.9999999999999999,0.006828129900498519,0.6842905404746286,0.0,0.992956205856306,1.0027253056146788,0.009769099758372812,0.21592442645075322
order_fulfillment_process_64.txt,model_eval_2,10,0.03464755077658299,0.9915227135940208,0.9999999999999999,0.012107502742663758,1.2211019048446303,0.0,0.9828615278929975,1.000183899295044,0.01732237140204651,0.8477286405979114
accounts_receivable_process_41.txt,model_eval_2,10,0.0,0.9999999999999998,0.9999999999999999,1.1702778228589004e-16,1.1702778228589007e-14,0.0,0.9999999999999997,0.9999999999999999,2.220446049250313e-16,1.1102230246251569e-14
project_management_process_23.txt,model_eval_2,10,0.06926406926406925,0.9892640692640692,0.9999999999999999,0.023795789470883847,2.4054031891187506,0.0,0.9722415869330484,1.00628655159509,0.034044964662041655,1.0735930735930712
final_grades_submission_process_43.txt,model_eval_2,10,0.0,0.9999999999999998,0.9999999999999999,1.1702778228589004e-16,1.1702778228589007e-14,0.0,0.9999999999999997,0.9999999999999999,2.220446049250313e-16,1.1102230246251569e-14
project_management_process_6.txt,model_eval_2,10,0.133068783068783,0.842860791826309,0.8460317460317459,0.03245119543488751,3.850125162966986,0.0,0.8196466050649586,0.8660749785876595,0.046428373522700905,0.3748032175281882
accounts_receivable_process_26.txt,model_eval_2,10,0.01041666666666663,0.9989583333333332,0.9999999999999999,0.0032940392293420496,0.32974740981943357,0.0,0.996601919622085,1.0013147470445813,0.004712827422496346,0.10416666666667188
accounts_receivable_process_43.txt,model_eval_2,10,0.0,1.0,1.0,0.0,0.0,0.0,1.0,1.0,0.0,0.0
final_grades_submission_process_68.txt,model_eval_2,10,0.03809523809523807,0.9847619047619046,0.9999999999999999,0.019672296361688452,1.9976703268639147,0.0,0.9706891917032692,0.9988346178205401,0.02814542611727089,1.5238095238095275
employee_onboarding_process_93.txt,model_eval_2,10,0.03258145363408538,0.9889225913787317,0.9938271604938271,0.011015515602369704,1.1138905813661453,0.0,0.981042566219749,0.9968026165377145,0.015760050317965568,0.49350322773009647
process_for_optimizing_a_process_99.txt,model_eval_2,10,0.02195225916453525,0.9963554987212276,0.9999999999999999,0.007881889891105696,0.7910720522164736,0.0,0.9907171343555248,1.0019938630869305,0.011276728731405727,0.364450127877225
purchase_order_workflow_169.txt,model_eval_2,10,0.016666666666666607,0.9941666666666664,0.9999999999999999,0.00790569415042092,0.7952081291286762,0.0,0.988511273759671,0.9998220595736619,0.01131078581399092,0.5833333333333469
customer_support_process_for_the_ticket_management_46.txt,text_eval_1,10,0.08325833082199097,0.7799005568027496,0.78760826587677,0.027329678902580083,3.5042517490460305,1.5876305464998381,0.7603500822618282,0.799451031343671,0.039100949081842806,0.9786221663684728
account_payable_process_122.txt,text_eval_1,10,0.04897046089172363,0.8363798797130585,0.8307328522205353,0.014802905724263814,1.7698782674377973,1.1706105977057604,0.8257905188747737,0.8469692405513433,0.021178721676569534,0.6797645569726541
process_for_optimizing_a_process_185.txt,text_eval_1,10,0.08090341091156006,0.8395987570285797,0.8394990563392639,0.024161762820671385,2.8777749631481324,1.6624105565447074,0.8223144731343871,0.8568830409227722,0.03456856778838513,0.011876212196176643
customer_support_process_for_the_ticket_management_131.txt,text_eval_1,10,0.09743154048919678,0.8223965287208557,0.8262253701686859,0.03250266712773985,3.952189241155244,2.7788748204908877,0.7991455213285612,0.8456475361131501,0.04650201478458893,0.4634136866371618
order_fulfillment_process_40.txt,text_eval_1,10,0.07604038715362549,0.8088523507118225,0.8124319612979889,0.020150810480648186,2.4912841587113723,1.1156759661245588,0.7944373292735848,0.8232673721500602,0.028830042876475392,0.4406043529414338
project_management_process_44.txt,text_eval_1,10,0.0794752836227417,0.8033427476882935,0.797929972410202,0.02498889793729466,3.1106147418649073,2.4744447868567843,0.7854667669762536,0.8212187284003334,0.03575196142407977,0.6783521693942411
customer_support_process_for_the_ticket_management_35.txt,text_eval_1,10,0.07190018892288208,0.8055281341075897,0.7995820939540863,0.022707590793602888,2.8189692987892543,1.3769011100197346,0.78928410221543,0.8217721659997494,0.032488063784319454,0.7436434855737092
process_for_optimizing_a_process_92.txt,text_eval_1,10,0.06112545728683472,0.8462275266647339,0.8458607196807861,0.016665060503145854,1.969335666594118,0.9204867133040587,0.8343060605453896,0.8581489927840782,0.023842932238688608,0.04336493886206003
startup_due_diligence_for_a_venture_capitalist_68.txt,text_eval_1,10,0.15861541032791138,0.7279560327529907,0.7225373089313507,0.047900589471683935,6.580148706307584,4.48776701553588,0.6936900152743559,0.7622220502316255,0.06853203495726956,0.749957649889998
churn_rate_prevention_process_14.txt,text_eval_1,10,0.06010937690734863,0.7705350339412689,0.7783108055591583,0.019263154363455617,2.499971255677374,1.1322542691339417,0.756755003436592,0.7843150644459458,0.02756006100935382,0.9990573897150428
content_promotion_process_109.txt,text_eval_1,10,0.040059685707092285,0.8829072654247284,0.8833928406238556,0.011946995167861489,1.353142695242666,0.8795264921144149,0.8743608999258006,0.8914536309236563,0.017092730997855687,0.05496707430685762
accounts_receivable_process_101.txt,text_eval_1,10,0.0689699649810791,0.8474043786525727,0.8504972755908966,0.0203245435253709,2.398446838059561,0.9343767578564588,0.8328650760809972,0.8619436812241481,0.02907860514315086,0.36365747746517946
customer_support_process_for_the_ticket_management_152.txt,text_eval_1,10,0.04589802026748657,0.837448114156723,0.8364883661270142,0.015460270667006558,1.8461168406325013,1.567452945878515,0.8263885027669042,0.8485077255465419,0.022119222779637626,0.11473537093558983
loan_application_process_4.txt,text_eval_1,9,0.04369896650314331,0.8495423926247491,0.8471883535385132,0.015361961464053654,1.8082630834455813,1.7375147588954754,0.8377341437377641,0.861350641511734,0.023616497773969902,0.2778649017545621
budget_preparation_process_33.txt,text_eval_1,10,0.0561487078666687,0.8318012416362762,0.8318122029304504,0.017282232940163185,2.07768780269749,1.1953859315468112,0.8194382769519368,0.8441642063206156,0.02472592936867879,0.0013177606839140153
account_payable_process_2.txt,text_eval_1,10,0.04979658126831055,0.862804400920868,0.8710063099861145,0.019210147760501308,2.226477720790296,1.2847582036371434,0.8490622890556765,0.8765465127860594,0.02748422373038295,0.9416589720661487
project_management_process_3.txt,text_eval_1,10,0.043624281883239746,0.8345541059970856,0.8332188129425049,0.014127939195494713,1.6928727681011553,1.4221953757797716,0.8244475871264548,0.8446606248677163,0.020213037741261486,0.1602571898088946
churn_rate_prevention_process_3.txt,text_eval_1,10,0.021330535411834717,0.7457768976688385,0.7459089159965515,0.007188663133267396,0.9639160391985641,0.6816695333928653,0.740634437851759,0.750919357485918,0.010284919634159007,0.017698987755985645
order_fulfillment_process_143.txt,text_eval_1,10,0.05498659610748291,0.817043524980545,0.8176233470439911,0.01400376050023638,1.7139552633465678,0.5376694279805125,0.8070258381971417,0.8270612117639483,0.020035373566806625,0.07091554632611204
project_management_process_81.txt,text_eval_1,10,0.04098105430603027,0.7961345791816712,0.7958115339279175,0.013514116504257928,1.6974663401944912,1.4677487222036891,0.7864671626122581,0.8058019957510842,0.019334833138826113,0.04059318569551759
project_management_process_2.txt,text_eval_1,10,0.08260917663574219,0.8035905182361602,0.8096364438533783,0.026686170057932248,3.3208667166092267,1.6721972344940021,0.7845003821913108,0.8226806542810097,0.038180272089698875,0.746745735461601
final_grades_submission_process_1.txt,text_eval_1,10,0.038048624992370605,0.9064638257026673,0.905691534280777,0.013004176065933763,1.434605077136229,0.9491455485388023,0.8971611985474431,0.9157664528578914,0.018605254310448238,0.08527091097341094
customer_support_process_for_the_ticket_management_25.txt,text_eval_1,10,0.10807126760482788,0.7848002493381501,0.8019267320632935,0.038826562461178674,4.947317803979101,2.5840788434869437,0.7570253997464446,0.8125750989298556,0.05554969918341102,2.1356667685934743
client_onboarding_process_for_a_marketing_agency_172.txt,text_eval_1,10,0.06531018018722534,0.815780085325241,0.8099519312381744,0.020737867722698217,2.5420904598854355,1.6601798614345253,0.8009451084347028,0.8306150622157793,0.029669953781076508,0.719567898079717
content_promotion_process_2.txt,text_eval_1,10,0.053515732288360596,0.8714318156242371,0.8723710775375366,0.01571410191860093,1.8032508839884813,0.9371610659172429,0.8601906242956391,0.8826730069528351,0.022482382657196043,0.1076677044304121
client_onboarding_process_for_a_marketing_agency_6.txt,text_eval_1,10,0.14916366338729858,0.7567427217960357,0.7560524642467499,0.03880873365794725,5.128392059832368,1.5341612416867243,0.728980626161847,0.7845048174302245,0.05552419126837749,0.0912975728441763
churn_rate_prevention_process_23.txt,text_eval_1,7,0.05690288543701172,0.8064931631088257,0.804375946521759,0.017815894516735185,2.209057104471841,1.0435126177188032,0.7900162088125404,0.822970117405111,0.032953908592570524,0.263212319590337
final_grades_submission_process_126.txt,text_eval_1,10,0.043198347091674805,0.892475563287735,0.8960441946983337,0.013270908136430164,1.4869771994139867,0.9026132753351981,0.8829821275038374,0.9019689990716326,0.018986871567795216,0.3982651114435423
customer_support_process_for_the_ticket_management_10.txt,text_eval_1,10,0.05919444561004639,0.7887984097003937,0.7923820316791534,0.016802371097796927,2.1301223343209967,0.9713919425616039,0.7767787174989028,0.8008181019018846,0.02403938440298181,0.4522593692799409
budget_preparation_process_16.txt,text_eval_1,10,0.08130764961242676,0.8221017956733704,0.8136546909809113,0.026408681609955877,3.2123371763620767,2.1406049823745543,0.8032101629061079,0.8409934284406329,0.037783265534524935,1.0381682532027954
order_fulfillment_process_7.txt,text_eval_1,10,0.03439527750015259,0.8579845488071441,0.8560306131839752,0.010498687404764095,1.2236452765216366,0.7789895292101229,0.8504742402685189,0.8654948573457694,0.015020617077250442,0.22825534426874403
order_fulfillment_process_22.txt,text_eval_1,10,0.029660522937774658,0.8252655565738678,0.8257290720939636,0.010345881510184353,1.2536427126724892,1.020086354034216,0.8178645587872032,0.8326665543605324,0.014801995573329174,0.056134092374923616
budget_preparation_process_162.txt,text_eval_1,10,0.06433558464050293,0.844736635684967,0.8509553670883179,0.018887433288587045,2.235896075854683,1.562406534524667,0.831225379845916,0.858247891524018,0.02702251167810199,0.7307940749735478
purchase_order_workflow_81.txt,text_eval_1,10,0.03395795822143555,0.8077951848506928,0.8113497793674469,0.010689548532640957,1.3232993626493006,0.8577862615131635,0.8001483424861595,0.8154420272152261,0.015293684729066559,0.43810876728473097
employee_onboarding_process_195.txt,text_eval_1,10,0.07617813348770142,0.773208475112915,0.7708958685398102,0.02416244221640676,3.124958273753817,2.2952241068176007,0.7559237052082913,0.7904932450175387,0.034569539809247374,0.29998948852654406
churn_rate_prevention_process_102.txt,text_eval_1,10,0.05239427089691162,0.7706215798854827,0.7736200094223022,0.019649250882265146,2.5497924526309137,2.1541521466285647,0.7565653525697043,0.7846778072012612,0.028112454631556982,0.38758427914223265
churn_rate_prevention_process_34.txt,text_eval_1,10,0.02853602170944214,0.7684396207332611,0.7674803733825684,0.007409093793292667,0.9641738392175504,0.37684689811826233,0.7631394743212448,0.7737397671452774,0.01060029282403252,0.12498656434235486
process_for_optimizing_a_process_37.txt,text_eval_1,10,0.05115240812301636,0.8363154649734497,0.8347109258174896,0.014318354780810302,1.7120758111611463,0.5745235573617218,0.8260727309988589,0.8465581989480404,0.02048546794918149,0.192226926272542
account_payable_process_3.txt,text_eval_1,10,0.03838038444519043,0.8450821042060852,0.8430919349193573,0.011574522995586098,1.3696329549493675,0.8625081748612408,0.8368021892478764,0.853362019164294,0.01655982991641758,0.23605602239787377
client_onboarding_process_for_a_marketing_agency_14.txt,text_eval_1,10,0.11683797836303711,0.774354362487793,0.768301784992218,0.0395055123083782,5.101735616424705,3.7834160139302164,0.7460938214340855,0.8026149035415004,0.05652108210741491,0.7877864680004978
startup_due_diligence_for_a_venture_capitalist_45.txt,text_eval_1,10,0.08644956350326538,0.7544988512992858,0.7509969472885132,0.025273681640010096,3.3497309633391112,1.7230574402216954,0.7364191485988006,0.772578553999771,0.0361594054009704,0.466300698480379
customer_support_process_for_the_ticket_management_48.txt,text_eval_1,10,0.0328255295753479,0.7553426086902618,0.7591473460197449,0.01043648201538392,1.3816885073490588,0.4909283871028022,0.7478767992065183,0.7628084181740054,0.01493161896748707,0.501185619554823
loan_application_process_72.txt,text_eval_1,9,0.017862141132354736,0.8811522722244263,0.8813221454620361,0.005822430484869045,0.6607746093839832,0.4729972652753269,0.8766767559660773,0.8856277884827752,0.008951032516697932,0.019274817781959473
purchase_order_workflow_16.txt,text_eval_1,10,0.04777252674102783,0.812976747751236,0.8102972507476807,0.01563853282390554,1.9236137893442928,1.294682303149531,0.8017896152964062,0.8241638802060657,0.022374264909659436,0.3306807472298421
startup_due_diligence_for_a_venture_capitalist_186.txt,text_eval_1,10,0.07169163227081299,0.696579921245575,0.6924848854541779,0.020230246988087723,2.9042248234651127,0.8802485563633607,0.6821080743531542,0.7110517681379958,0.028943693784841518,0.5913538154282373
customer_support_process_for_the_ticket_management_22.txt,text_eval_1,10,0.06265157461166382,0.8016813635826111,0.8027651906013489,0.01631512011833258,2.035112809086942,0.5700813733719479,0.790010229734221,0.8133524974310012,0.023342267696780272,0.13501171094948441
accounts_receivable_process_2.txt,text_eval_1,10,0.06680566072463989,0.829051548242569,0.8315598964691162,0.02053412364769311,2.4768210964953306,1.7197299742102146,0.8143623210831362,0.8437407754020018,0.029378454318865543,0.301643722502481
account_payable_process_170.txt,text_eval_1,10,0.06565719842910767,0.8674650549888611,0.8653488457202911,0.01946985398859526,2.2444539842409292,1.6423724119841898,0.8535371604798789,0.8813929494978432,0.02785578901796426,0.2445498458842287
accounts_receivable_process_60.txt,text_eval_1,10,0.07291626930236816,0.8152262270450592,0.8079524636268616,0.026068577281819234,3.1977108214869014,2.5388129848095855,0.7965778902576799,0.8338745638324385,0.03729667357475863,0.9002712097127648
churn_rate_prevention_process_55.txt,text_eval_1,10,0.041610777378082275,0.7246507048606873,0.7279949188232422,0.013686782407123439,1.8887420263745822,0.9695401764309799,0.7148597705452338,0.7344416391761408,0.01958186863090705,0.4593732560607181
purchase_order_workflow_4.txt,text_eval_1,10,0.08231472969055176,0.8102575659751892,0.8145568370819092,0.025537223242436003,3.1517414109796755,2.0715577554683904,0.791989336969398,0.8285257949809803,0.03653645801158234,0.5278049254514691
churn_rate_prevention_process_27.txt,text_eval_1,10,0.04477578401565552,0.75431307554245,0.7555732727050781,0.014880691192563165,1.9727473478915896,1.6490189340583332,0.743668070332233,0.7649580807526669,0.02129001042043388,0.1667868899221959
startup_due_diligence_for_a_venture_capitalist_0.txt,text_eval_1,9,0.04082345962524414,0.7528455721007453,0.7521944046020508,0.011764052118026044,1.562611583833794,0.9473183574162612,0.7438029211571036,0.7618882230443871,0.018085301887283523,0.08656904315035938
client_onboarding_process_for_a_marketing_agency_173.txt,text_eval_1,10,0.05350792407989502,0.8234630703926087,0.8229208588600159,0.015444541431979208,1.8755596926302471,1.207229645029983,0.8124147110196923,0.8345114297655251,0.022096718745832744,0.06588866070838673
client_onboarding_process_for_a_marketing_agency_64.txt,text_eval_1,10,0.06053191423416138,0.8399775922298431,0.8331188261508942,0.02109104525901903,2.5109057020235235,2.0628994010301405,0.824889967349664,0.8550652171100223,0.030175249760358236,0.8232638446831494
loan_application_process_48.txt,text_eval_1,10,0.05976325273513794,0.8925364553928375,0.8876842260360718,0.018321168057450165,2.052708093518304,0.8552481825195546,0.8794302812974915,0.9056426294881836,0.02621234819069218,0.5466166024413049
purchase_order_workflow_159.txt,text_eval_1,10,0.06326967477798462,0.8406793117523194,0.8448805510997772,0.01826920543764836,2.1731479747691025,0.6923758444024048,0.8276103094759008,0.853748314028738,0.026138004552837213,0.4972583807248408
process_for_optimizing_a_process_6.txt,text_eval_1,10,0.05756425857543945,0.8506787478923797,0.8506249785423279,0.016651271590625315,1.9574100836396922,1.4478016755378469,0.8387671457668328,0.8625903500179267,0.023823204251093966,0.006321158137631867
content_promotion_process_96.txt,text_eval_1,10,0.060411930084228516,0.8529745697975158,0.8541080951690674,0.01865263085536529,2.1867745552828337,1.453959913342744,0.8396312815006087,0.866317858094423,0.026686576593814237,0.13271450978662822
loan_application_process_60.txt,text_eval_1,9,0.08111757040023804,0.8388070596588982,0.8444560170173645,0.023863758242494135,2.8449639243854667,1.1519224010862517,0.8204637512626636,0.8571503680551329,0.03668661679246932,0.6689463091776523
churn_rate_prevention_process_48.txt,text_eval_1,10,0.04434281587600708,0.7349743962287902,0.7356776893138885,0.01456638464520281,1.9818900794291667,1.7818578035698813,0.7245542323778194,0.7453945600797611,0.020840327701941774,0.09559799016797964
content_promotion_process_0.txt,text_eval_1,10,0.06015884876251221,0.8510503947734833,0.847738116979599,0.022471096014776995,2.6403954633917923,2.160344472216587,0.8349755410545827,0.8671252484923839,0.03214970743780121,0.3907194601188414
account_payable_process_179.txt,text_eval_1,10,0.05545628070831299,0.8459385216236115,0.8472547829151154,0.017718680764540723,2.0945589202550114,1.2691690111203806,0.8332633409740077,0.8586137022732153,0.025350361299207647,0.1553560178173388
client_onboarding_process_for_a_marketing_agency_5.txt,text_eval_1,10,0.09246081113815308,0.7832148253917695,0.7696199119091034,0.030420488775358648,3.8840542580564805,2.281638677952688,0.7614533186633136,0.8049763321202253,0.043523013456911785,1.766445133798942
startup_due_diligence_for_a_venture_capitalist_128.txt,text_eval_1,10,0.08998441696166992,0.7523557960987091,0.7476544976234436,0.029833207051623938,3.965305671375438,3.044546122109981,0.7310144054070772,0.7736971867903409,0.04268278138326376,0.628806285551601
order_fulfillment_process_175.txt,text_eval_1,10,0.05328744649887085,0.8125791251659393,0.8161664307117462,0.02080828489225044,2.5607702988925682,2.2236470377694064,0.7976937748668629,0.8274644754650158,0.0297707005981529,0.4395311312520583
content_promotion_process_13.txt,text_eval_1,10,0.13252252340316772,0.872803121805191,0.8787614703178406,0.033863856664200456,3.879896372753676,0.7921260629751903,0.8485783780776546,0.8970278655327275,0.04844948745507294,0.6780393444531031
loan_application_process_14.txt,text_eval_1,10,0.06716763973236084,0.8469580471515655,0.8476753532886505,0.018743761513145333,2.2130684720669622,1.067085652789861,0.8335495679092698,0.8603665263938612,0.026816958484591424,0.08462038377099375
project_management_process_65.txt,text_eval_1,10,0.05797600746154785,0.7943682372570038,0.7968608438968658,0.02018007310468877,2.540392749636069,1.920453696737325,0.7799322825985718,0.8088041919154357,0.028871909316863897,0.31280325278282434
startup_due_diligence_for_a_venture_capitalist_178.txt,text_eval_1,10,0.0567469596862793,0.7151321411132813,0.7236720323562622,0.019619072687305766,2.743419231131717,1.3390601688366606,0.7010975019776766,0.7291667802488859,0.028069278271209308,1.1800775573950555
employee_onboarding_process_3.txt,text_eval_1,10,0.08411318063735962,0.8349380254745483,0.8382960855960846,0.0255260980631438,3.05724464383278,2.0140178577999173,0.816677754942594,0.8531982960065027,0.036520541063908674,0.4005816297171986
project_management_process_53.txt,text_eval_1,10,0.04581338167190552,0.8083598375320434,0.8039005994796753,0.016129876957936114,1.9953832698048564,0.9656849813460364,0.7968212186577267,0.8198984564063602,0.02307723774863346,0.554700177516273
employee_onboarding_process_19.txt,text_eval_1,10,0.04737734794616699,0.7909284174442291,0.7929549515247345,0.012913584762370029,1.6327121996827996,0.9122584441860428,0.7816905954036302,0.8001662394848281,0.01847564408119795,0.25556736566290744
employee_onboarding_process_51.txt,text_eval_1,10,0.03265810012817383,0.7746064782142639,0.7784014344215393,0.012778090645222192,1.6496235191164572,1.4174224882611457,0.765465582826085,0.7837473736024427,0.01828179077635772,0.4875320161884872
employee_onboarding_process_151.txt,text_eval_1,6,0.038693785667419434,0.7995644311110178,0.800897479057312,0.015355148510298032,1.9204391682308344,1.5224684691255304,0.7834501910084153,0.8156786712136204,0.03222848020520508,0.16644426798087014
loan_application_process_63.txt,text_eval_1,10,0.026982426643371582,0.8477232933044434,0.8489245772361755,0.0083600820725892,0.9861805306778137,0.8201527376584781,0.8417428508593352,0.8537037357495516,0.011960884890216406,0.14150655593493666
employee_onboarding_process_43.txt,text_eval_1,10,0.032000064849853516,0.7892297625541687,0.786317378282547,0.009063915244619587,1.1484507648680427,0.42585338104480014,0.7827458281887972,0.7957136969195401,0.012967868730742849,0.3703827935207041
budget_preparation_process_49.txt,text_eval_1,10,0.08002549409866333,0.794758802652359,0.798307865858078,0.022353821551159267,2.8126547924423817,1.2843841886555403,0.7787678420309013,0.8107497632738166,0.03198192124291532,0.4445732476786046
budget_preparation_process_19.txt,text_eval_1,10,0.0509648323059082,0.810261470079422,0.8115635216236115,0.014581599210691866,1.7996165125885322,1.2281708648786942,0.7998304223839572,0.8206925177748867,0.020862095390929536,0.1604374161106474
accounts_receivable_process_49.txt,text_eval_1,10,0.043535053730010986,0.8432975053787232,0.8490132987499237,0.013891889331991116,1.6473295893069548,0.7384401357771136,0.8333598464081031,0.8532351643493432,0.01987531794124009,0.6732277786009242
purchase_order_workflow_20.txt,text_eval_1,10,0.061955392360687256,0.8057626962661744,0.8017284274101257,0.018189619858366934,2.2574412966318564,1.1450607552533605,0.7927506260835104,0.8187747664488383,0.026024140365327852,0.5031964338698559
startup_due_diligence_for_a_venture_capitalist_5.txt,text_eval_1,10,0.09384727478027344,0.7921875357627869,0.7750649154186249,0.03276114701635073,4.135529219707484,1.7712670690040548,0.7687516229971202,0.8156234485284536,0.0468718255313334,2.209185321582233
final_grades_submission_process_42.txt,text_eval_1,10,0.03591889142990112,0.8932816982269287,0.8939002454280853,0.010146863667235884,1.135908603901362,0.5910986798665013,0.8860230692286287,0.9005403272252287,0.014517257996599975,0.06919644605986168
order_fulfillment_process_17.txt,text_eval_1,10,0.06618630886077881,0.8122212648391723,0.8169957995414734,0.01811744265671136,2.230604324339968,0.8856113866614042,0.7992608271161664,0.8251817025621783,0.02592087544601185,0.5844013769692186
project_management_process_8.txt,text_eval_1,10,0.03725707530975342,0.8166562676429748,0.8151876628398895,0.013463240299207088,1.6485810288414924,1.6128045758809797,0.8070252457181945,0.8262872895677552,0.01926204384956076,0.18015542555797395
client_onboarding_process_for_a_marketing_agency_66.txt,text_eval_1,10,0.04773223400115967,0.7899981021881104,0.7942168414592743,0.015805320661399596,2.0006783076595434,1.106546296655903,0.7786916569018973,0.8013045474743234,0.022612890572426103,0.5311822982011424
employee_onboarding_process_11.txt,text_eval_1,10,0.06116831302642822,0.8382187962532044,0.8405932188034058,0.01929750014870693,2.3022032236649643,1.0373355275053617,0.8244141962538569,0.8520233962525519,0.027609199998694933,0.2824698673612178
churn_rate_prevention_process_76.txt,text_eval_1,10,0.03511601686477661,0.7755346179008484,0.7769665122032166,0.01052162736405889,1.356693450066477,0.7128700566575389,0.768007899103919,0.7830613366977779,0.01505343759385891,0.1842929238105446
purchase_order_workflow_35.txt,text_eval_1,10,0.04206818342208862,0.7989411652088165,0.8000259399414062,0.01424577205224171,1.7830814924298388,1.2353332626047815,0.7887503537903615,0.8091319766272715,0.02038162283691003,0.13559244499861722
final_grades_submission_process_0.txt,text_eval_1,10,0.03582727909088135,0.8906403541564941,0.8912677466869354,0.00967820264808121,1.0866566513536458,0.4127969978448794,0.8837169850548057,0.8975637232581826,0.013846738203376896,0.0703932721422357
accounts_receivable_process_109.txt,text_eval_1,10,0.04653078317642212,0.8574168384075165,0.8595828711986542,0.014258912375244922,1.6630082051721835,1.1878278871185077,0.8472166269682545,0.8676170498467785,0.02040042287852395,0.25198649993074534
final_grades_submission_process_81.txt,text_eval_1,10,0.025448858737945557,0.9328102111816406,0.9329208135604858,0.007101821872051289,0.7613362061136778,0.2916115665570777,0.9277298738604952,0.9378905485027861,0.010160674642290868,0.011855494832737134
startup_due_diligence_for_a_venture_capitalist_187.txt,text_eval_1,4,0.047852516174316406,0.7531846314668655,0.7515846788883209,0.021493727934468576,2.853713025531129,2.0934496324338356,0.7189833139409542,0.7873859489927769,0.06840263505182276,0.21287722108853097
process_for_optimizing_a_process_9.txt,text_eval_1,9,0.029429137706756592,0.8366462257173326,0.8350979685783386,0.011102999518678824,1.3270841578421293,0.901580436952857,0.8281117047829182,0.845180746651747,0.01706904186882885,0.18539826430541026
final_grades_submission_process_96.txt,text_eval_1,10,0.051284193992614746,0.9151477456092835,0.9200902283191681,0.016488336906906008,1.8017131098245198,0.7534551513364139,0.9033526999349573,0.9269427912836097,0.02359009134865242,0.5371736985962353
content_promotion_process_91.txt,text_eval_1,10,0.04852265119552612,0.8680237531661987,0.8649872243404388,0.01628635030024139,1.8762562937748404,1.6099383427355594,0.8563732000058637,0.8796743063265338,0.023301106320670062,0.35104897972051213
budget_preparation_process_2.txt,text_eval_1,10,0.043761253356933594,0.8050790727138519,0.8025752007961273,0.016393957823076438,2.036316478555805,1.8065719010670458,0.7933515417689224,0.8168066036587814,0.02345506188985902,0.31197972666497215
client_onboarding_process_for_a_marketing_agency_180.txt,text_eval_1,10,0.07167601585388184,0.7906695961952209,0.7939063608646393,0.026137563618435194,3.3057504353539957,2.8046729997439472,0.7719719095555257,0.8093672828349161,0.037395373279390354,0.40770106261564826
employee_onboarding_process_14.txt,text_eval_1,10,0.045184314250946045,0.8088648736476898,0.8113313317298889,0.013365117065964594,1.6523300122667859,0.9941792761779213,0.7993040448554456,0.818425702439934,0.01912165758448836,0.30400133530406814
accounts_receivable_process_144.txt,text_eval_1,10,0.0530017614364624,0.8300347805023194,0.8328671455383301,0.01757874373290364,2.1178321855700264,1.500745141124519,0.8174597047746982,0.8426098562299406,0.025150151455242353,0.340074050367298
account_payable_process_45.txt,text_eval_1,10,0.029807865619659424,0.8311671674251556,0.8341912627220154,0.008745833494380992,1.0522351985430813,0.6481662162450867,0.8249107750364806,0.8374235598138307,0.012512784777350072,0.36251821758381425
account_payable_process_13.txt,text_eval_1,10,0.06289499998092651,0.8793052852153778,0.8774336576461792,0.01773466250971211,2.0168947927303957,0.9677265524770438,0.8666186719139962,0.8919918985167593,0.025373226602763088,0.2133070179025761
account_payable_process_32.txt,text_eval_1,10,0.052688002586364746,0.8455933570861817,0.8476543426513672,0.019718805869843165,2.3319490041634103,2.0472664907800144,0.8314873731296945,0.8596993410426689,0.028211967912974423,0.2431398580155909
process_for_optimizing_a_process_34.txt,text_eval_1,10,0.04944336414337158,0.8480205774307251,0.84874427318573,0.013536509377658922,1.596247748925022,0.9803985598999296,0.8383371419646801,0.8577040128967701,0.019366870932089997,0.0852666436603449
content_promotion_process_199.txt,text_eval_1,10,0.06907051801681519,0.8562792181968689,0.8590578138828278,0.023014858844745835,2.687775010260081,1.7127515208308897,0.8398153799823399,0.8727430564113979,0.03292767642905803,0.32344687878455525
loan_application_process_145.txt,text_eval_1,10,0.021988868713378906,0.8772771239280701,0.8783530294895172,0.0075955241840357434,0.8658067076941719,0.6850863056468276,0.871843613248553,0.8827106346075873,0.010867021359034279,0.12249124501482005
purchase_order_workflow_1.txt,text_eval_1,10,0.1713588833808899,0.8230614364147186,0.8302200436592102,0.04359381114274968,5.296544001945431,2.2633854319340654,0.7918763025561717,0.8542465702732656,0.062370267717093864,0.8622542058777433
accounts_receivable_process_0.txt,text_eval_1,10,0.05001187324523926,0.8421410262584687,0.841179370880127,0.01633330181199116,1.93949722228331,1.4027133674700878,0.8304568860099576,0.8538251665069797,0.02336828049702211,0.11432227318360362
employee_onboarding_process_4.txt,text_eval_1,10,0.05907738208770752,0.7948510646820068,0.7983356714248657,0.02106616014675192,2.6503279775035318,1.7207412357163923,0.7797812415387438,0.8099208878252698,0.03013964628652599,0.4364839086595714
startup_due_diligence_for_a_venture_capitalist_7.txt,text_eval_1,10,0.07977229356765747,0.7534409940242768,0.7444078028202057,0.027561875975182577,3.6581333102104208,1.4280983871483677,0.733724415703923,0.7731575723446306,0.03943315664070757,1.213473471106649
final_grades_submission_process_6.txt,text_eval_1,10,0.029263734817504883,0.9327720701694489,0.9333487451076508,0.007946141900288754,0.8518846301696452,0.47597886799046185,0.9270877426852544,0.9384563976536433,0.011368654968388903,0.06178558028011187
purchase_order_workflow_74.txt,text_eval_1,10,0.05791747570037842,0.823435389995575,0.8200907409191132,0.0177208315038622,2.152060953313827,1.3062402537655882,0.8107586707997446,0.8361121091914053,0.02535343839166071,0.40783890240161874
content_promotion_process_48.txt,text_eval_1,10,0.044393062591552734,0.8829946160316468,0.879976361989975,0.0129418908871592,1.4656817439411611,0.6609858527623448,0.8737365450091986,0.8922526870540949,0.018516142044896267,0.34299262707992606
order_fulfillment_process_90.txt,text_eval_1,10,0.028216004371643066,0.8386137068271637,0.8371982872486115,0.009635533434573358,1.1489835374893553,0.9267216990291763,0.8317208614420305,0.845506552212297,0.013785690770266479,0.16906622960302026
budget_preparation_process_10.txt,text_eval_1,9,0.05316817760467529,0.8117198811637031,0.8173677325248718,0.016103335765117344,1.9838538070585603,1.174558298218025,0.7993417615420558,0.8240980007853503,0.02475623924329451,0.6909804652701877
customer_support_process_for_the_ticket_management_54.txt,text_eval_1,10,0.037671685218811035,0.8251701116561889,0.8254128098487854,0.01001323084888412,1.2134747378072974,0.6147039791440417,0.8180070778173612,0.8323331454950167,0.01432606767765554,0.02940325007082722
budget_preparation_process_54.txt,text_eval_1,10,0.08633989095687866,0.8379989504814148,0.8468789458274841,0.025802253998285344,3.079031779629608,1.7521977163864624,0.8195411298941322,0.8564567710686974,0.03691564117456525,1.0485554505541148
account_payable_process_171.txt,text_eval_1,10,0.027116119861602783,0.8767188131809235,0.8776040077209473,0.00842657630959496,0.9611492513798738,0.786969924513806,0.870690803624166,0.882746822737681,0.01205601911351506,0.10086491541014564
order_fulfillment_process_2.txt,text_eval_1,10,0.1096121072769165,0.7905256509780884,0.7988227009773254,0.0364875804326107,4.615609928338942,1.5232404127705814,0.7644240083334602,0.8166272936227165,0.05220328528925622,1.038659766314352
client_onboarding_process_for_a_marketing_agency_40.txt,text_eval_1,10,0.035637855529785156,0.8184560000896454,0.8198729753494263,0.011499543343533454,1.405028901037308,1.0504874307043177,0.8102297223433397,0.826682277835951,0.016452555492611376,0.17282863350594002
client_onboarding_process_for_a_marketing_agency_102.txt,text_eval_1,10,0.0846748948097229,0.7922501742839814,0.7896318137645721,0.025064292520580417,3.163684065230151,1.8961265599590758,0.7743202595361153,0.8101800890318475,0.03585982949573219,0.3315925819814911
loan_application_process_79.txt,text_eval_1,9,0.03807002305984497,0.8597749405437045,0.8615866303443909,0.010969658612183297,1.2758755919597173,0.7570170234918308,0.8513429145032136,0.8682069665841954,0.01686405208098174,0.2102736668467328
budget_preparation_process_83.txt,text_eval_1,10,0.037056565284729004,0.8154582977294922,0.814132034778595,0.010920450169909187,1.3391794773951484,0.5561587859141193,0.8076462782841392,0.8232703171748452,0.015624038890706071,0.16290514243895304
final_grades_submission_process_63.txt,text_eval_1,10,0.021289169788360596,0.9024924814701081,0.9036134481430054,0.007329939867567388,0.8121884689418509,0.5700252465053371,0.897248958365494,0.9077360045747221,0.010487046209228135,0.1240537837502271
account_payable_process_36.txt,text_eval_1,10,0.02475959062576294,0.8910400688648223,0.8886853158473969,0.008548362042080126,0.9593689824713123,0.5275638142250744,0.8849249390432828,0.8971551986863618,0.012230259643079,0.26497039789389815
customer_support_process_for_the_ticket_management_1.txt,text_eval_1,10,0.05677300691604614,0.8304168701171875,0.828297346830368,0.016484038933119366,1.9850317986426693,1.2466247403532258,0.8186248990280912,0.8422088412062837,0.023583942178192485,0.25588917976499126
churn_rate_prevention_process_29.txt,text_eval_1,10,0.024902939796447754,0.7152706921100617,0.7146188914775848,0.00833928453016398,1.1658921052060636,0.9207072747397463,0.7093051273305545,0.7212362568895688,0.01193112955901432,0.09120954403110312
budget_preparation_process_73.txt,text_eval_1,10,0.06506234407424927,0.8308595597743988,0.8353379964828491,0.021887230857200107,2.6342876602566974,2.0561311359559133,0.8152023780281266,0.8465167415206711,0.03131436349254457,0.5361227104844407
project_management_process_45.txt,text_eval_1,10,0.05230832099914551,0.7989013254642486,0.8009544312953949,0.016010615003548386,2.004079163874772,1.3437109857126384,0.7874480214526227,0.8103546294758746,0.02290660802325184,0.25633241429549813
content_promotion_process_129.txt,text_eval_1,10,0.10504919290542603,0.8233023941516876,0.8252837061882019,0.03022310400607031,3.6709602960904206,1.8564364212153392,0.8016820879810755,0.8449227003222997,0.043240612341224116,0.2400764757207597
process_for_optimizing_a_process_27.txt,text_eval_1,10,0.045607924461364746,0.8199858784675598,0.8238263130187988,0.013142527597963636,1.6027748700410798,0.9936865083935825,0.8105842805884464,0.8293874763466731,0.018803195758226643,0.466170416087623
process_for_optimizing_a_process_137.txt,text_eval_1,9,0.06407469511032104,0.8736429545614455,0.8721199035644531,0.018853038090968787,2.157979755062834,1.3014511462201637,0.8591512266284669,0.8881346824944241,0.028983455865957186,0.17463779817058014
process_for_optimizing_a_process_0.txt,text_eval_1,10,0.0430220365524292,0.8388705551624298,0.8429460823535919,0.013717361400972957,1.6352178910746098,0.7912934317525766,0.8290577459525483,0.8486833643723113,0.019625618419762958,0.48348610622672555
purchase_order_workflow_190.txt,text_eval_1,10,0.058092355728149414,0.8030688405036926,0.8031884431838989,0.019211488618883995,2.392259249759256,1.924351623188737,0.7893257694461971,0.8168119115611882,0.027486142114991008,0.014890986196484934
startup_due_diligence_for_a_venture_capitalist_92.txt,text_eval_1,10,0.04970616102218628,0.7084957122802734,0.7102466225624084,0.015690086343163833,2.2145633447329884,1.6353401962292422,0.6972717006594151,0.7197197239011317,0.022448023241716575,0.2465214513541994
order_fulfillment_process_1.txt,text_eval_1,10,0.04298436641693115,0.8075857043266297,0.8035990595817566,0.013572988365862078,1.680687051930832,1.031567282826818,0.7978761733644507,0.8172952352888087,0.01941906192435794,0.49609873199055154
loan_application_process_6.txt,text_eval_1,10,0.03288626670837402,0.8645512819290161,0.8703339993953705,0.011877339821930726,1.373815535317882,0.7197888832948226,0.8560547448628376,0.8730478189951946,0.016993074132356956,0.6644250908699076
content_promotion_process_153.txt,text_eval_1,10,0.02531576156616211,0.8397741734981536,0.8413290977478027,0.00818671555013674,0.974871079451545,0.39751940466845576,0.8339177499921459,0.8456305970041614,0.011712847012015581,0.18481760036726996
loan_application_process_13.txt,text_eval_1,10,0.14350897073745728,0.8509600400924683,0.8604156970977783,0.04181594581673453,4.91397290667029,1.0594941040693076,0.8210467144727721,0.8808733657121645,0.05982665123939235,1.0989637958959142
order_fulfillment_process_64.txt,text_eval_1,10,0.03643310070037842,0.8326127052307128,0.8301355838775635,0.012203207729663641,1.4656523558912293,1.032291537723865,0.8238830563063033,0.8413423541551224,0.017459297848819055,0.2983996110103768
accounts_receivable_process_41.txt,text_eval_1,10,0.028564870357513428,0.8374065935611725,0.8373283743858337,0.009272286197522347,1.1072621434816787,0.9801225637257983,0.8307735995956385,0.8440395875267066,0.013265987931068146,0.00934151734630538
project_management_process_23.txt,text_eval_1,10,0.07284080982208252,0.7960167348384857,0.7933972179889679,0.02073770865942647,2.6051850107943038,1.5241345754992874,0.7811818717349573,0.810851597942014,0.029669726207056657,0.33016461239396505
final_grades_submission_process_43.txt,text_eval_1,10,0.02754652500152588,0.9184975683689117,0.9132174253463745,0.009864548190439443,1.0739874040120896,0.36516938635408636,0.9114408956966005,0.925554241041223,0.014113345344622497,0.5781912254394952
project_management_process_6.txt,text_eval_1,10,0.04282099008560181,0.8171479403972626,0.8221352398395538,0.01428042764761667,1.7475939106784182,0.8124726924952298,0.8069323378593256,0.8273635429351995,0.020431205075873926,0.6066276204465546
accounts_receivable_process_26.txt,text_eval_1,10,0.028596460819244385,0.8428363084793091,0.842831939458847,0.008003847744068756,0.9496325281132858,0.5814945411448997,0.8371107007212518,0.8485619162373664,0.01145121551611461,0.0005183738604977093
accounts_receivable_process_43.txt,text_eval_1,10,0.029426395893096924,0.8140328764915467,0.813920646905899,0.009160699344843726,1.1253475884568718,0.8777676250414445,0.8074797069516918,0.8205860460314015,0.013106339079709706,0.013788762586898791
final_grades_submission_process_68.txt,text_eval_1,10,0.0605846643447876,0.8999325811862946,0.9087889492511749,0.020512105530649073,2.2792935781489247,0.9047121789648598,0.8852591048389458,0.9146060575336434,0.02934695269469767,0.9745241810189053
employee_onboarding_process_93.txt,text_eval_1,10,0.05528610944747925,0.8004141211509704,0.7932678461074829,0.019264818137637436,2.406856354549971,1.604953735213008,0.7866329004539426,0.8141953418479982,0.027562441394055615,0.9008653355299681
process_for_optimizing_a_process_99.txt,text_eval_1,10,0.03533822298049927,0.8564319670200348,0.8593873679637909,0.011659159777820659,1.3613643846561267,0.4516918025589661,0.8480915065551553,0.8647724274849142,0.016680920929758924,0.3438962514376459
purchase_order_workflow_169.txt,text_eval_1,10,0.05391383171081543,0.8326035976409912,0.8316323459148407,0.018618262813366992,2.23614969549951,1.725027218288253,0.8192848947602723,0.8459223005217101,0.026637405761437805,0.11678859425340238
customer_support_process_for_the_ticket_management_46.txt,text_eval_2,10,0.1844863082681384,0.5685217069728034,0.5429134305034364,0.05812471765535142,10.223834365946551,6.119353964400701,0.5269417887904527,0.610101625155154,0.08315983636470126,4.716825009398037
account_payable_process_122.txt,text_eval_2,10,0.09235310980251865,0.7494399398565292,0.7685303304876601,0.036669882291419535,4.8929714499122525,2.3393221163543663,0.7232078863182309,0.7756719933948276,0.05246410707659677,2.4840126503552944
process_for_optimizing_a_process_185.txt,text_eval_2,10,0.22200354391878296,0.687981196696108,0.6890641220591285,0.07605866292592511,11.055340362670028,7.798463947072158,0.6335721069131526,0.7423902864790635,0.10881817956591089,0.1571588664033699
customer_support_process_for_the_ticket_management_131.txt,text_eval_2,10,0.2787634730339051,0.6195315976937612,0.6154822905858358,0.0996424683398107,16.08351675858584,10.646135684024372,0.5482516698389143,0.6908115255486081,0.14255985570969387,0.6579079804345195
order_fulfillment_process_40.txt,text_eval_2,10,0.14402143250812183,0.6089716299013659,0.6088643087582155,0.0506085365905804,8.310491672457283,5.818243461156865,0.5727684637502252,0.6451747960525066,0.07240633230228144,0.017626446747922617
project_management_process_44.txt,text_eval_2,10,0.18205267190933228,0.6516713738441468,0.6568826586008072,0.05789562756918577,8.884175351706034,5.639450115622589,0.610255336837024,0.6930874108512695,0.08283207401424542,0.7933357180962479
customer_support_process_for_the_ticket_management_35.txt,text_eval_2,10,0.15725744764010108,0.6444307337204616,0.6462666094303131,0.04269995604259907,6.6259962177907665,1.665285611430406,0.6138850252807445,0.6749764421601786,0.06109141687943409,0.28407404669566416
process_for_optimizing_a_process_92.txt,text_eval_2,10,0.2053491120988672,0.7412955815141851,0.7121093706651167,0.07657692394185278,10.330147089968516,8.760694772930673,0.6865157501343904,0.7960754128939798,0.1095596627595894,4.098557335625028
startup_due_diligence_for_a_venture_capitalist_68.txt,text_eval_2,10,0.19041881627506674,0.5528669052653843,0.5279353211323421,0.060537633363871364,10.949766171084594,3.6420669881917065,0.5095608911674188,0.5961729193633498,0.08661202819593106,4.722469426665313
churn_rate_prevention_process_14.txt,text_eval_2,10,0.11929094791412342,0.5977675169706343,0.5954186369975407,0.03209642418884242,5.36938245682881,1.2300055546006148,0.574807118270182,0.6207279156710866,0.0459207974009046,0.3944921819945205
content_promotion_process_109.txt,text_eval_2,10,0.12988832592964172,0.6220091882679198,0.6202204277118047,0.03906731328550247,6.280825753441264,4.577516564199346,0.5940621159114161,0.6499562606244236,0.055894144713007465,0.28840723010598335
accounts_receivable_process_101.txt,text_eval_2,10,0.12710818648338318,0.7507855226596197,0.7570282469193141,0.046709029998483406,6.2213546464000835,4.649943481040016,0.7173718954790137,0.7841991498402258,0.06682725436121206,0.8246355780116319
customer_support_process_for_the_ticket_management_152.txt,text_eval_2,10,0.1555782755215962,0.6666407237450283,0.6642772406339645,0.055718116692441054,8.358042751938404,8.263648819796796,0.6267823841814112,0.7064990633086453,0.07971667912723412,0.35579769507202774
loan_application_process_4.txt,text_eval_2,9,0.08434948325157166,0.7303267518679301,0.7360941767692566,0.02539456657068412,3.47715135803712,0.999873599257499,0.7108067600266917,0.7498467437091684,0.03903998368247663,0.7835172568053679
budget_preparation_process_33.txt,text_eval_2,10,0.16736968755722048,0.6659006208181382,0.6930978089570999,0.06366020753338802,9.56001624614404,3.8065795557494697,0.6203608517236033,0.711440389912673,0.09107953818906966,3.924004345055601
account_payable_process_2.txt,text_eval_2,10,0.13417992658085287,0.7647355337937674,0.7713768382867178,0.04024776092730306,5.262964665397255,2.0753532531862637,0.7359440200645648,0.7935270475229699,0.057583027458405045,0.8609675794390226
project_management_process_3.txt,text_eval_2,10,0.1734777490297953,0.739499275220765,0.7490817507108053,0.06108704056046916,8.260595054975903,7.844171941579468,0.6958002388905232,0.7831983115510067,0.0873980726604835,1.2792296009010349
churn_rate_prevention_process_3.txt,text_eval_2,10,0.10386112928390501,0.5778884488344193,0.5750462234020233,0.028210352415866214,4.881625938840879,0.4148305290600232,0.5577079784138631,0.5980689192549754,0.0403609408411123,0.4942603423392875
order_fulfillment_process_143.txt,text_eval_2,10,0.17434681455294287,0.6696328736013837,0.6861436830626594,0.05716615313788076,8.53693947706492,3.0942907377707685,0.6287386711664241,0.7105270760363432,0.08178840486991912,2.4063195317310697
project_management_process_81.txt,text_eval_2,10,0.07170936796400285,0.6591784007019467,0.6702807264195548,0.027890243350175384,4.231061472960216,1.590299516913272,0.6392269225121963,0.6791298788916971,0.03990295637950081,1.6563695299600163
project_management_process_2.txt,text_eval_2,10,0.16813550392786658,0.6795730368958579,0.6923332230912315,0.05579941401315732,8.210951727578381,6.048698920483521,0.6396565407324295,0.7194895330592863,0.07983299232685681,1.843070037633034
final_grades_submission_process_1.txt,text_eval_2,10,0.30215080295290275,0.817517627137048,0.8778613614184516,0.0990364439433405,12.11428850655695,1.1250591803017072,0.7466712230194028,0.8883640312546932,0.1416928082352904,6.873948089468247
customer_support_process_for_the_ticket_management_25.txt,text_eval_2,10,0.2237232446670533,0.732400124669075,0.7528465300798417,0.08292517752659716,11.322387139688946,7.767591816802312,0.6730790262465803,0.7917212230915697,0.11864219684498933,2.715879610761877
client_onboarding_process_for_a_marketing_agency_172.txt,text_eval_2,10,0.18686098853747046,0.7412233759959538,0.7403922279675802,0.056717979701047555,7.651941578992669,4.390044318695768,0.7006497775241054,0.7817969744678022,0.08114719694369676,0.11225780025475615
content_promotion_process_2.txt,text_eval_2,10,0.14141187071800232,0.7657159078121185,0.801721066236496,0.061822327865341066,8.073794371333634,2.2916591933585355,0.7214908786304641,0.8099409369937729,0.08845005836330877,4.4909832035967066
client_onboarding_process_for_a_marketing_agency_6.txt,text_eval_2,10,0.2454613447189331,0.7117046942313513,0.7652052640914917,0.09749695826325437,13.69907477827614,3.8535587877273536,0.6419595718265987,0.7814498166361039,0.13949024480950523,6.991662547389847
churn_rate_prevention_process_23.txt,text_eval_2,7,0.0824246452404902,0.672477350785182,0.6692776244420271,0.029224656188504363,4.345820146118195,2.767389664806138,0.6454490517631871,0.6995056498071769,0.05405659804398977,0.47808655575815806
final_grades_submission_process_126.txt,text_eval_2,10,0.0662534279482705,0.6819520673581533,0.6655124106577465,0.028937258749137364,4.243298046039921,0.6355053206517034,0.6612515994720978,0.7026525352442088,0.041400935772111014,2.470225413852011
customer_support_process_for_the_ticket_management_10.txt,text_eval_2,10,0.2026265263557434,0.5506492048501969,0.5279701501131058,0.06329460105820899,11.494541443209414,7.713421035199859,0.5053709748725489,0.5959274348278448,0.09055645995529593,4.295518360693802
budget_preparation_process_16.txt,text_eval_2,10,0.15316631793975832,0.6660508978366853,0.6558361798524857,0.04702649195548104,7.060495242664152,4.524466400064661,0.632410172052758,0.6996916236206125,0.06728145156785459,1.557510594566031
order_fulfillment_process_7.txt,text_eval_2,10,0.2216041220559013,0.6845478299591277,0.6774985194206238,0.07152960217954707,10.44917521450881,4.930318083435758,0.6333786350586543,0.735717024859601,0.10233838980094667,1.040490914213693
order_fulfillment_process_22.txt,text_eval_2,10,0.08081815072468357,0.7412042068583624,0.7625519846166884,0.03643026680351583,4.915010798161503,1.682753045043953,0.7151435639141135,0.7672648498026113,0.05212128588849785,2.7995176970205966
budget_preparation_process_162.txt,text_eval_2,10,0.2858459570191123,0.7587319542061197,0.7633259567347439,0.09115677338407129,12.014358019157227,9.284679922342466,0.6935223268398214,0.823941581572418,0.13041925473259663,0.6018402083791058
purchase_order_workflow_81.txt,text_eval_2,10,0.18910059332847595,0.7976475924253463,0.833724245429039,0.06549975160775597,8.21161528346069,1.5509285948792364,0.750791892773375,0.8445032920773177,0.09371139930394268,4.327168509430529
employee_onboarding_process_195.txt,text_eval_2,10,0.2523747810295651,0.6151756661278861,0.6063103803566524,0.09292107207125305,15.104802934766296,12.820344113922316,0.5487039355115174,0.6816473967442548,0.13294346123273737,1.462169551842214
churn_rate_prevention_process_102.txt,text_eval_2,10,0.04897351066271449,0.5561441232760748,0.5558932075897853,0.014441782039635758,2.5967696924609474,1.464022798867562,0.5458130947594982,0.5664751517926513,0.020662057033153047,0.045137390215171075
churn_rate_prevention_process_34.txt,text_eval_2,10,0.14641531705856325,0.6692198103666305,0.6800826817750931,0.055592964881897244,8.30713078434435,7.20138632663289,0.6294509990149807,0.7089886217182803,0.07953762270329956,1.5972868740179238
process_for_optimizing_a_process_37.txt,text_eval_2,10,0.14005450497974048,0.7408850052139975,0.7336615974252874,0.048986366466070116,6.611871764353077,4.1445055676726135,0.7058422696640845,0.7759277407639105,0.07008547109982599,0.984569427384498
account_payable_process_3.txt,text_eval_2,10,0.17624838153521227,0.7975410521030426,0.8324162761370342,0.05855751890176317,7.342257648976483,1.2496126501821148,0.7556515265601585,0.8394305776459267,0.08377905108576811,4.18963744868563
client_onboarding_process_for_a_marketing_agency_14.txt,text_eval_2,10,0.28102749586105347,0.653843847910563,0.6604501456022263,0.09545688526827618,14.59933982300517,10.929059801426048,0.5855581058114523,0.7221295900096738,0.13657148419822152,1.0002719714202364
startup_due_diligence_for_a_venture_capitalist_45.txt,text_eval_2,10,0.10572478175163269,0.639749425649643,0.6282028257846832,0.034686545991912045,5.42189560493768,1.2379436224384386,0.6149361654300596,0.6645626858692264,0.04962652043916682,1.838036919133083
customer_support_process_for_the_ticket_management_48.txt,text_eval_2,10,0.19230088591575623,0.6089213043451309,0.631057620048523,0.05945652540244922,9.764238002214785,8.555134929382973,0.5663886682934686,0.6514539403967933,0.08506527210332471,3.5078121236678728
loan_application_process_72.txt,text_eval_2,9,0.16864858071009314,0.7739094694455464,0.776578297217687,0.0615038021004576,7.94715719714877,7.0895593429051855,0.7266334621207351,0.8211854767703577,0.0945520146496226,0.3436649957515488
purchase_order_workflow_16.txt,text_eval_2,10,0.13526397943496704,0.656488373875618,0.6518788784742355,0.04316519392030362,6.575165020132093,1.8321090128292892,0.6256098543071659,0.6873668934440701,0.061757039136904224,0.7071091814128518
startup_due_diligence_for_a_venture_capitalist_186.txt,text_eval_2,10,0.08584581613540654,0.5682899606227875,0.550581094622612,0.03161482240668882,5.5631499053832,2.002058422796011,0.5456740790831265,0.5909058421624485,0.045231763079321974,3.2163955815289675
customer_support_process_for_the_ticket_management_22.txt,text_eval_2,10,0.19799245397249865,0.7627454436960674,0.7734660506248474,0.06694710717670295,8.77712318441321,5.560566923747225,0.7148543682424547,0.8106365191496802,0.09578215090722542,1.3860475091465592
accounts_receivable_process_2.txt,text_eval_2,10,0.2363339496983422,0.7006368852323955,0.6926025019751655,0.0651634701976634,9.300605145281384,2.1066984978964713,0.6540217468094834,0.7472520236553076,0.09323027684582419,1.1600280441259705
account_payable_process_170.txt,text_eval_2,10,0.19637900590896606,0.7087325274944305,0.6847780793905258,0.06331878277406852,8.93408730623925,1.702109593671626,0.6634369989593443,0.7540280560295167,0.09059105707017245,3.498133019273178
accounts_receivable_process_60.txt,text_eval_2,10,0.1341590940952302,0.6476131135225296,0.6305753350257873,0.053957062867031225,8.331681638369748,5.76222888727236,0.6090145559747056,0.6862116710703536,0.07719711509564808,2.701941790356501
churn_rate_prevention_process_55.txt,text_eval_2,10,0.1476758658885956,0.6123253524303436,0.6295463979244232,0.053529976342579805,8.742080681473862,5.652808375703403,0.5740323141772328,0.6506183906834544,0.07658607650622162,2.7354688313453006
purchase_order_workflow_4.txt,text_eval_2,10,0.24163494791303375,0.6837002115590233,0.6842771938868931,0.08770996806880314,12.828717409462323,12.40951678273666,0.6209562801785384,0.7464441429395081,0.12548786276096968,0.08431997047752227
churn_rate_prevention_process_27.txt,text_eval_2,10,0.11329698291691859,0.6680656286803159,0.6750330911441282,0.03587115007262997,5.369405120195923,3.4580112876150886,0.64240495375075,0.6937263036098819,0.05132134985913184,1.0321660604820126
startup_due_diligence_for_a_venture_capitalist_0.txt,text_eval_2,9,0.10368642898706282,0.5986450082725949,0.6033035952311296,0.032611530238186075,5.44755736497118,5.1594664398852865,0.5735775670777307,0.6237124494674592,0.05013488238972852,0.7721795453166462
client_onboarding_process_for_a_marketing_agency_173.txt,text_eval_2,10,0.22109947885785786,0.8045886780534472,0.8088707412992205,0.06090532771810095,7.569747049566999,4.2669968335117385,0.7610196312598971,0.8481577248469974,0.08713809358710023,0.5293878276392318
client_onboarding_process_for_a_marketing_agency_64.txt,text_eval_2,10,0.1731230999742236,0.7914173675434931,0.7873803441013609,0.06162369835879675,7.786498109091617,7.181010395377998,0.7473344293510747,0.8355003057359115,0.08816587638483675,0.5127158015024692
loan_application_process_48.txt,text_eval_2,10,0.23646418584717643,0.7296015610297522,0.734854625331031,0.06903278522081868,9.461710186500495,3.9681026651448974,0.6802184813836498,0.7789846406758545,0.09876615929220467,0.7148440140677422
purchase_order_workflow_159.txt,text_eval_2,10,0.32138147950172424,0.7265896558761596,0.7349402755498886,0.09573897606260379,13.176484868499367,8.20566984773851,0.6581021181792159,0.7950771935731034,0.13697507539388742,1.136231058704867
process_for_optimizing_a_process_6.txt,text_eval_2,10,0.17530919114748633,0.7197838183906343,0.7061259912119972,0.04695593727386841,6.52361668519546,1.2372953043892305,0.6861935643854472,0.7533740723958214,0.06718050801037423,1.9341912560384342
content_promotion_process_96.txt,text_eval_2,10,0.3439974387486777,0.7169634753749484,0.7156556120940617,0.11364096379366581,15.85031423452015,11.963985951671388,0.6356696271239873,0.7982573236259095,0.16258769650192217,0.18275037025977028
loan_application_process_60.txt,text_eval_2,9,0.15166989631123007,0.6601442705701899,0.6987818049059974,0.05774387591101053,8.747160050504583,2.391050381466817,0.615758398359021,0.7045301427813587,0.0887717444223377,5.529270233503744
churn_rate_prevention_process_48.txt,text_eval_2,10,0.2606410086154938,0.6124871981143951,0.607627347111702,0.07073836440753077,11.549362113250057,5.799631416404197,0.5618840206183985,0.6630903756103917,0.10120635499199326,0.7998078140811111
content_promotion_process_0.txt,text_eval_2,10,0.2711508529526847,0.7242445336060779,0.71949113243156,0.08785010457900462,12.129895429322904,5.655837135680723,0.6614003546052418,0.7870887126069139,0.1256883580016721,0.6606615370579277
account_payable_process_179.txt,text_eval_2,10,0.10551697678036165,0.7035248163673613,0.6990484462844001,0.03143559326644484,4.468299132468704,1.983277446759077,0.681037147630925,0.7260124851037976,0.04497533747287252,0.6403519107658583
client_onboarding_process_for_a_marketing_agency_5.txt,text_eval_2,10,0.24909779429435736,0.668690746029218,0.7098801632722219,0.08240506534486437,12.323344660322807,3.770859007482023,0.6097417134478054,0.7276397786106306,0.1178980651628252,5.802305709338269
startup_due_diligence_for_a_venture_capitalist_128.txt,text_eval_2,10,0.15563896298408508,0.6386778980493546,0.6351705491542816,0.04508055624654789,7.058418082766382,3.2320902001225837,0.6064292108133876,0.6709265852853216,0.06449737447193393,0.5521901007127856
order_fulfillment_process_175.txt,text_eval_2,10,0.12439000606536865,0.7312895625829696,0.7298945933580399,0.04615243838591024,6.3111031180174875,5.8865208250220995,0.6982740970562231,0.7643050281097161,0.066030931053493,0.19111927086785283
content_promotion_process_13.txt,text_eval_2,10,0.3443135201931,0.7064015609025955,0.7379087835550309,0.09420804330875626,13.336330003062727,1.9982988686306367,0.6390091865236933,0.7737939352814978,0.13478474875780444,4.269799107234183
loan_application_process_14.txt,text_eval_2,10,0.10718703269958496,0.7172290235757828,0.7313064336776733,0.03631114920006526,5.062699361918474,3.813351485978891,0.691253592231785,0.7432044549197806,0.05195086268799565,1.9249673534384968
project_management_process_65.txt,text_eval_2,10,0.16763018965721133,0.597184118628502,0.5835652619600296,0.061176063463293254,10.244087469002142,5.084472628029667,0.5534213991499355,0.6409468381070684,0.08752543895713294,2.3337332696484605
startup_due_diligence_for_a_venture_capitalist_178.txt,text_eval_2,10,0.10428672758015722,0.7030206160111859,0.6964744749394329,0.03295732294094389,4.687959668656359,4.0040351679981265,0.6794443674430763,0.7265968645792955,0.04715249713621916,0.9398967668301506
employee_onboarding_process_3.txt,text_eval_2,10,0.17039237277848385,0.6388975841658454,0.6541477292776108,0.07817857411419826,12.236479844616946,9.6033838654663,0.5829720012743143,0.6948231670573766,0.11185116578306231,2.331299862281327
project_management_process_53.txt,text_eval_2,10,0.11957979798316953,0.7091799187660217,0.7045331776142121,0.04669229754944447,6.583984728542429,6.630093642228379,0.6757782612583895,0.742581576273654,0.06680331501526449,0.6595489466578521
employee_onboarding_process_19.txt,text_eval_2,10,0.0861886739730835,0.6517142087221146,0.6464774757623672,0.02411268564731765,3.699886441726959,0.5594780000142447,0.6344650325228062,0.668963384921423,0.03449835239861687,0.8100410541870575
employee_onboarding_process_51.txt,text_eval_2,10,0.11912630001703894,0.7956365724404654,0.8221176862716675,0.04321927006115141,5.432036630566697,1.0503452296937121,0.7647193691312095,0.8265537757497212,0.061834406618511695,3.221085529894739
employee_onboarding_process_151.txt,text_eval_2,6,0.10651296973228452,0.6983933266666199,0.7020253568887711,0.034455539511401005,4.933543634480983,0.8637209074658311,0.6622344555115114,0.7345521978217284,0.07231774231021704,0.5173645348435261
loan_application_process_63.txt,text_eval_2,10,0.32397958636283875,0.6863616466522217,0.6744622886180878,0.07988515655554827,11.6389307219006,0.6707488189202878,0.6292152482256624,0.7435080450787809,0.11429279685311844,1.7642732936951295
employee_onboarding_process_43.txt,text_eval_2,10,0.1286190152168275,0.6946148812770845,0.7110573351383209,0.04357420511013621,6.273145923684047,2.5147199097480226,0.6634437727293663,0.7257859898248027,0.062342217095436414,2.312394943234488
budget_preparation_process_49.txt,text_eval_2,10,0.16038174430529273,0.6696016235484017,0.6419982761144638,0.05899677431558379,8.81072748942032,3.7352045198247183,0.6273978736117561,0.7118053734850472,0.0844074998732911,4.299598372911581
budget_preparation_process_19.txt,text_eval_2,10,0.07018220755789017,0.6440196239285999,0.6318106485737695,0.025279645979707607,3.925291255179247,0.7270596936347528,0.6259356545965226,0.6621035932606772,0.036167938664154686,1.9323788515420925
accounts_receivable_process_49.txt,text_eval_2,10,0.16153592722756527,0.7645058955465045,0.7430073810475213,0.06802432512851436,8.89781563814984,5.857564495608918,0.715844224791828,0.813167566301181,0.09732334150935307,2.8934456167412166
purchase_order_workflow_20.txt,text_eval_2,10,0.1687554504190173,0.7314527767045158,0.7534169320549284,0.051242366727741524,7.0055604899893416,1.2094827063913838,0.6947961957875445,0.7681093576214871,0.07331316183394265,2.9152723300903087
startup_due_diligence_for_a_venture_capitalist_5.txt,text_eval_2,10,0.2154114842414856,0.6585937678813935,0.6441100984811783,0.05688922199567798,8.637983650935974,2.2848320286519783,0.617897670051487,0.6992898657112999,0.08139219565981293,2.2486325605463864
final_grades_submission_process_42.txt,text_eval_2,10,0.19194576144218445,0.6841408491134644,0.6722899228334427,0.06927468024622475,10.12579212833052,8.885964023939474,0.6345847281904179,0.7336969700365109,0.09911224184609302,1.762770179578868
order_fulfillment_process_17.txt,text_eval_2,10,0.1325884461402893,0.5811106324195862,0.5901541113853455,0.03934047217415538,6.769876505331246,2.1641390292009723,0.5529681539656573,0.609253110873515,0.05628495690785762,1.5323927752583755
project_management_process_8.txt,text_eval_2,10,0.13730955123901367,0.7458281338214874,0.7760201394557953,0.05509292350072934,7.386812189350279,2.143967980232663,0.7064170305251272,0.7852392371178476,0.07882220659272043,3.890621402619892
client_onboarding_process_for_a_marketing_agency_66.txt,text_eval_2,10,0.07346085139683323,0.5994633368083409,0.6050182857683727,0.02114702046227887,3.5276586846611355,1.2639866612918085,0.5843356696799467,0.614591003936735,0.03025533425678839,0.9181456314129507
employee_onboarding_process_11.txt,text_eval_2,10,0.15563834565026424,0.8262522552694594,0.8488680379731315,0.0499256247115537,6.042419175639264,1.2021120517429886,0.7905376148471498,0.8619668956917691,0.0714292808446193,2.6642283243073264
churn_rate_prevention_process_76.txt,text_eval_2,10,0.1453962136398662,0.5741309453140606,0.5627531355077571,0.05081258266387959,8.850347308153566,7.313578671722923,0.5377818133952491,0.6104800772328721,0.07269826383762301,2.021811890223881
purchase_order_workflow_35.txt,text_eval_2,10,0.2197403737476894,0.7066134397472654,0.694383265716689,0.06758503147725961,9.564639967990528,8.34130900971615,0.658266020739763,0.7549608587547678,0.09669483801500478,1.761300226317151
final_grades_submission_process_0.txt,text_eval_2,10,0.2002997517585754,0.8103201770782471,0.7993238031864166,0.06287142578352387,7.7588375017660205,5.646790649434978,0.7653446684557812,0.855295685700713,0.08995101724493182,1.3757095494960447
accounts_receivable_process_109.txt,text_eval_2,10,0.14696384327752254,0.8215655620609011,0.8473366158349174,0.049678655074924735,6.046827833229231,2.146110617042753,0.7860275930737192,0.8571035310480831,0.07107593797436396,3.041418639583148
final_grades_submission_process_81.txt,text_eval_2,10,0.1481198012828827,0.7514051055908204,0.7658612608909607,0.041991879522795546,5.588447458016386,0.6719306324051271,0.7213659245795004,0.7814442866021404,0.06007836202263994,1.8875684198105063
startup_due_diligence_for_a_venture_capitalist_187.txt,text_eval_2,4,0.1407340466976167,0.647425649066766,0.6507217784722645,0.05832347151172107,9.008520375396255,5.773675050511205,0.5546199908548679,0.7402313072786642,0.18561131642379625,0.5065343614650503
process_for_optimizing_a_process_9.txt,text_eval_2,9,0.09558146921071142,0.7213534158889693,0.731159513646906,0.03248237050640049,4.502975904864943,4.20427772974478,0.6963852556526382,0.7463215761253004,0.049936320472662166,1.341170780781541
final_grades_submission_process_96.txt,text_eval_2,10,0.17061857382456458,0.7520183172490861,0.7378228919373618,0.05301223016196292,7.049326983933561,6.022306325107909,0.7140956523018195,0.7899409821963527,0.07584532989453319,1.9239610842718844
content_promotion_process_91.txt,text_eval_2,10,0.0980284412701925,0.7340118765830994,0.7573325683673223,0.04199837897817653,5.721757415381791,2.347734098085484,0.7039680461414877,0.7640557070247112,0.06008766088322348,3.0793198072147194
budget_preparation_process_2.txt,text_eval_2,10,0.11051485604710054,0.6914284252458148,0.6813232766257392,0.041614468318567154,6.018622723497733,6.860629899752493,0.6616592279458304,0.7211976225457992,0.05953839459996879,1.4831650358580828
client_onboarding_process_for_a_marketing_agency_180.txt,text_eval_2,10,0.17515919605890906,0.6953347980976105,0.6872649374935362,0.06593972592827561,9.483162083744737,6.838169809501257,0.6481643597770056,0.7425052364182153,0.09434087664120971,1.1741993754992217
employee_onboarding_process_14.txt,text_eval_2,10,0.07084289193153381,0.7106824368238449,0.716611847281456,0.020331424527267453,2.860831149582349,0.7301552242397419,0.6961382118800428,0.725226661767647,0.029088449887604284,0.8274228901050045
accounts_receivable_process_144.txt,text_eval_2,10,0.0979294521468026,0.8293031045368741,0.8419457929474967,0.033255614564807516,4.010067535365032,0.9513765094338716,0.8055134709956404,0.8530927380781077,0.04757926708246729,1.5016036087505042
account_payable_process_45.txt,text_eval_2,10,0.19792664051055908,0.6030835837125779,0.6015352308750153,0.05954067407884175,9.872706816575876,4.845174979425711,0.5604907513241298,0.6456764161010259,0.08518566477689604,0.25740019172448375
account_payable_process_13.txt,text_eval_2,10,0.1914140979448955,0.7896526426076889,0.7845405091842016,0.06944289364116372,8.794106407576981,8.756226785723007,0.739976189070896,0.8393290961444817,0.09935290707358568,0.6516085993829785
account_payable_process_32.txt,text_eval_2,10,0.23403306470976937,0.7491855674319797,0.7664232750733694,0.07239256333991309,9.662834748413086,4.960479745787896,0.6973990473058541,0.8009720875581053,0.10357304025225123,2.249110667958185
process_for_optimizing_a_process_34.txt,text_eval_2,10,0.07069394323560929,0.718454733159807,0.7041264788972007,0.02792714344695474,3.88711245928181,1.3412720497777368,0.6984768582309946,0.7384326080886194,0.039955749857624845,2.0348978048726627
content_promotion_process_199.txt,text_eval_2,10,0.14163963322515616,0.690657646616472,0.6854474097490311,0.04118627120951508,5.963341086757874,3.191713952527793,0.6611947630755646,0.7201205301573794,0.05892576708181485,0.7601220448624354
loan_application_process_145.txt,text_eval_2,10,0.11092535323566854,0.7941941175195906,0.8253752821021609,0.04617983463166902,5.814678504028317,0.6011644966512586,0.7611590538992429,0.8272291811399383,0.06607012724069539,3.7778166197507854
purchase_order_workflow_1.txt,text_eval_2,10,0.2579849490097591,0.7043878610645022,0.6681089720555714,0.08939476069604063,12.691127379870416,7.391994740556873,0.6404387016429947,0.7683370204860098,0.12789831884301517,5.43008558877926
accounts_receivable_process_0.txt,text_eval_2,10,0.13893336057662964,0.8273205131292343,0.8580040037631989,0.04970290086522863,6.007695938449991,1.2727216899491305,0.7917651997485177,0.8628758265099509,0.0711106267614332,3.5761477218506013
employee_onboarding_process_4.txt,text_eval_2,10,0.22181497301374165,0.7188541037695748,0.6872976741620472,0.0854964495645695,11.893435554758268,10.111614197481448,0.6576936281375874,0.7800145794015623,0.12232095126397491,4.591377330936141
startup_due_diligence_for_a_venture_capitalist_7.txt,text_eval_2,10,0.1641340494155884,0.5717204970121383,0.5712038397789001,0.052105905906863516,9.113877529172658,6.752505543497313,0.5344461773798059,0.6089948166444707,0.07454863926466482,0.09045058825903973
final_grades_submission_process_6.txt,text_eval_2,10,0.1548219706330981,0.8235288922275815,0.8224717442478453,0.06906038914601323,8.385909686691168,8.887878338759982,0.7741260659229594,0.8729317185322036,0.09880565260924423,0.1285330453148861
purchase_order_workflow_74.txt,text_eval_2,10,0.17227458102362503,0.6947534092835017,0.7006997487374714,0.05303959677888985,7.634305362184479,2.0664156011449544,0.6568111674378234,0.73269565112918,0.07588448369135659,0.8486287407243828
content_promotion_process_48.txt,text_eval_2,10,0.24005408485730484,0.6945925461110615,0.6876859664916992,0.06589348885996436,9.486639214442183,2.5454649002097405,0.647455183796585,0.741729908425538,0.09427472462895303,1.004321733450063
order_fulfillment_process_90.txt,text_eval_2,10,0.08269772359303074,0.7693068534135821,0.7754387770380293,0.023960147057386062,3.1145110629223787,0.5425834498242175,0.7521667967480082,0.7864469100791559,0.034280113331147666,0.7907682470909668
budget_preparation_process_10.txt,text_eval_2,9,0.20840227062051941,0.6482841830060939,0.6376727006652139,0.07661365162332791,11.817911593657952,12.222900612947075,0.5893937171872654,0.7071746488249224,0.11778093163765702,1.664095441095449
customer_support_process_for_the_ticket_management_54.txt,text_eval_2,10,0.2229156707014357,0.6224064843995231,0.6217933126858303,0.07016652047552344,11.273423756697802,7.182483843435822,0.5722123794094254,0.6726005893896208,0.10038820998019538,0.09861343008727541
budget_preparation_process_54.txt,text_eval_2,10,0.18320991992950442,0.7239994752407074,0.7290847182273865,0.050969900894546415,7.040046662685839,1.2655011500234163,0.6875378046391533,0.7604611458422615,0.07292334120310828,0.6974831400996577
account_payable_process_171.txt,text_eval_2,10,0.13353848457336426,0.7883594065904618,0.7814048379659653,0.044400217311906305,5.631976601120383,4.038351773962341,0.7565974045097913,0.8201214086711323,0.06352400416134096,0.8900083908617182
order_fulfillment_process_2.txt,text_eval_2,10,0.26527266038788677,0.6563739366001553,0.6552891582250595,0.07417723740231844,11.301063809226957,5.222485455917044,0.6033107375585813,0.7094371356417293,0.10612639808314794,0.16554193846790738
client_onboarding_process_for_a_marketing_agency_40.txt,text_eval_2,10,0.1002586384614309,0.8092280000448226,0.8251384298006694,0.037379080915010916,4.619103752334387,0.6465025756805641,0.7824886163734334,0.8359673837162119,0.053478767342778566,1.9282133980464702
client_onboarding_process_for_a_marketing_agency_102.txt,text_eval_2,10,0.186451256275177,0.6773750871419907,0.6878535747528076,0.051921501373298075,7.665103479427837,4.293498643185757,0.6402326825662366,0.7145174917177448,0.07428480915150826,1.523360202726658
loan_application_process_79.txt,text_eval_2,9,0.20464433431625362,0.696554136938519,0.7273725748062134,0.07211053681455984,10.352466949876812,1.474279044232575,0.6411250715764633,0.7519832023005747,0.11085813072411144,4.236953513940925
budget_preparation_process_83.txt,text_eval_2,10,0.22203273905648124,0.6910624821980794,0.6840610073672401,0.06534012417484064,9.45502409087695,4.353092971608265,0.6443209731326264,0.7378039912635325,0.09348301813090609,1.023516141898816
final_grades_submission_process_63.txt,text_eval_2,10,0.19022271037101746,0.701246240735054,0.7015261948108673,0.05865500263745206,8.364394592114923,4.466298570395831,0.6592869795286251,0.7432055019414829,0.0839185224128578,0.03990643227353005
account_payable_process_36.txt,text_eval_2,10,0.2173357733658382,0.7598057487181256,0.7303030959197453,0.07651024651804433,10.069711455477323,8.965897201492695,0.7050736154939246,0.8145378819423266,0.10946426644840201,4.03978197041936
customer_support_process_for_the_ticket_management_1.txt,text_eval_2,10,0.22838650345802314,0.6852084350585939,0.6624848991632462,0.08911466339361176,13.00548254138047,8.181992828430603,0.6214596451767225,0.7489572249404652,0.12749757976374276,3.430045865807468
churn_rate_prevention_process_29.txt,text_eval_2,10,0.06245146989822392,0.6376353460550309,0.6540196716785431,0.02710468740378877,4.250813191502327,1.3550922566936623,0.6182458207365545,0.6570248713735073,0.03877905063695275,2.5051732131331472
budget_preparation_process_73.txt,text_eval_2,10,0.17733157674471534,0.7987631132205328,0.8060172879033618,0.07006595682861601,8.771806768356777,7.808566443706135,0.7486409471297399,0.8488852793113257,0.1002443321815858,0.9000023686463047
project_management_process_45.txt,text_eval_2,10,0.17615416049957278,0.7044506627321243,0.7015608578920365,0.05535699000786155,7.858178427026578,6.860613579518892,0.6648506576362515,0.7440506678279971,0.0792000101917456,0.41191078544073245
content_promotion_process_129.txt,text_eval_2,10,0.3382388821669988,0.6830797685044152,0.6951333901711872,0.10484674855221358,15.349122223568813,11.48266414158061,0.6080769228590195,0.7580826141498109,0.15000569129079144,1.7340012488543604
process_for_optimizing_a_process_27.txt,text_eval_2,10,0.0884532305327328,0.6236293028701436,0.6281963370063088,0.028679508707476053,4.598807107921915,3.3104549513072326,0.6031132182564048,0.6441453874838824,0.041032169227477544,0.7270074445084435
process_for_optimizing_a_process_137.txt,text_eval_2,9,0.19870401422182726,0.7608955513547968,0.7689988811810812,0.06068385169484725,7.975319554280199,5.469588009873969,0.7142498137053188,0.8075412890042748,0.09329147529895598,1.0537505352203786
process_for_optimizing_a_process_0.txt,text_eval_2,10,0.14891583811153053,0.6648898230357604,0.6520808569409631,0.04331665691971002,6.5148623755338,1.0895191533468858,0.6339029533646838,0.6958766927068369,0.06197373934215311,1.9643217491288798
purchase_order_workflow_190.txt,text_eval_2,10,0.27358874678611755,0.7265344202518463,0.7177253216505051,0.08588995831750496,11.821870502395743,8.588500400834775,0.6650924454158866,0.787976395087806,0.1228839496719194,1.22736349625837
startup_due_diligence_for_a_venture_capitalist_92.txt,text_eval_2,10,0.1317834664474833,0.5997024015946822,0.5899023941972039,0.03826765272308292,6.381107132691905,4.412803363580918,0.5723273719439378,0.6270774312454267,0.05475005930148891,1.6612930365904215
order_fulfillment_process_1.txt,text_eval_2,10,0.16434932606560848,0.7466499950204577,0.7569817815508162,0.06195613662148032,8.297882144870671,9.176966703654916,0.7023292448210198,0.7909707452198956,0.08864150039887586,1.3648659429018128
loan_application_process_6.txt,text_eval_2,10,0.1914708912372589,0.701025640964508,0.6851669996976852,0.06577884750393811,9.383229893479518,5.415036574304233,0.6539702881357747,0.7480809937932413,0.0941107056574666,2.3145658319533875
content_promotion_process_153.txt,text_eval_2,10,0.19778631329536445,0.7398870867490769,0.7213856160640717,0.07414114987935468,10.020603306528404,9.885935636788394,0.6868497031662744,0.7929244703318794,0.10607476716560504,2.564713001341841
loan_application_process_13.txt,text_eval_2,10,0.18624183535575867,0.6442300200462341,0.6488455086946487,0.0622738180246609,9.666394934559513,5.971862251550383,0.5996820142611324,0.6887780258313357,0.0890960115702033,0.7113386139791772
order_fulfillment_process_64.txt,text_eval_2,10,0.11941284603542746,0.7440841303931343,0.7492859562238058,0.04129933013040982,5.5503576065504125,3.8538154126657163,0.7145403693723833,0.7736278914138852,0.059087522041501916,0.6942377322654344
accounts_receivable_process_41.txt,text_eval_2,10,0.08167985507420139,0.7329890110663005,0.7089644393750599,0.03676981051579944,5.016420432048404,1.1437813880457994,0.7066854731825907,0.7592925489500104,0.05260707576741974,3.388685011115348
project_management_process_23.txt,text_eval_2,10,0.13777551717228365,0.6757861451970207,0.6722690032588111,0.049934781565800654,7.389139585163072,7.455016364744918,0.6400649543557886,0.7115073360382529,0.0714423816824643,0.5231747888360677
final_grades_submission_process_43.txt,text_eval_2,10,0.22772078050507438,0.8036932286289004,0.8221005863613553,0.07087825278134711,8.819068054394998,4.135610535961123,0.7529899810186292,0.8543964762391715,0.10140649522054224,2.2390639342475747
project_management_process_6.txt,text_eval_2,10,0.18725574016571045,0.6523239701986313,0.661059096455574,0.055272597370726394,8.47318202240767,2.2486727374265785,0.6127843359585462,0.6918636044387164,0.07907926848017022,1.321383565218025
accounts_receivable_process_26.txt,text_eval_2,10,0.1571553732667651,0.7928467256682261,0.7815607253994261,0.0581058033991507,7.328756179219639,8.494815655417371,0.75128033792967,0.8344131134067823,0.08313277547711229,1.4440337010322715
accounts_receivable_process_43.txt,text_eval_2,10,0.14809811966759823,0.7284450096743448,0.7600924585546767,0.058693594298789745,8.057381616908739,0.6295268849083293,0.6864581416564651,0.7704318776922244,0.0839737360357593,4.163631479847836
final_grades_submission_process_68.txt,text_eval_2,10,0.19039649764696753,0.6832996239264806,0.6705985946787728,0.06759816823110076,9.892902888290477,7.122457159374225,0.6349428074513959,0.7316564404015653,0.09671363295016944,1.893983874778587
employee_onboarding_process_93.txt,text_eval_2,10,0.20881161093711853,0.7627070605754852,0.7761230319738388,0.061189842901553555,8.02271882148095,3.862187260816437,0.7189344838805988,0.8064796372703716,0.08754515338977287,1.7285882322334971
process_for_optimizing_a_process_99.txt,text_eval_2,10,0.13404455780982982,0.7948826501766841,0.8046936839818954,0.0449953829171667,5.6606321583651695,5.0912718872669105,0.7626948922700945,0.8270704080832738,0.06437551581317935,1.2192258993090404
purchase_order_workflow_169.txt,text_eval_2,10,0.19397634267807007,0.7725517988204956,0.7887672930955887,0.06438094948036763,8.333544699353771,4.424407731265155,0.7264964419967662,0.818607155644225,0.09211071364745882,2.055802061905214
