description,metric,n,range,mean,median,SD,CV_pct,MedianCV_pct,CI_95_lower,CI_95_upper,CI_width,mean_median_diff_pct
client_onboarding_process_for_a_marketing_agency_172.json,model_eval_1,10,0.044252709706776194,0.9832515891872078,0.9913793103448276,0.0202011844777376,2.054528535716545,0.8695652173913061,0.9688005323622708,0.9977026460121448,0.02890211364987394,0.8198396993773054
content_promotion_process_2.json,model_eval_1,10,0.0,1.0,1.0,0.0,0.0,0.0,1.0,1.0,0.0,0.0
process_for_optimizing_a_process_9.json,model_eval_1,10,0.13111773965936535,0.8845269605092444,0.8611111111111112,0.04990468604451407,5.641963249574969,4.588852222521717,0.8488272987070034,0.9202266223114854,0.07139932360448209,2.719259930105795
order_fulfillment_process_7.json,model_eval_1,10,0.04762444978050162,0.9915338513182462,1.0,0.01802181885740711,1.8175697010694154,0.0,0.9786418187404478,1.0044258838960447,0.025784065155596947,0.8466148681753771
purchase_order_workflow_81.json,model_eval_1,10,0.0,1.0,1.0,0.0,0.0,0.0,1.0,1.0,0.0,0.0
churn_rate_prevention_process_27.json,model_eval_1,10,0.05882352941176472,0.987416775492356,1.0,0.021487502431959255,2.1761330134628243,0.0,0.9720455422355925,1.0027880087491194,0.030742466513526967,1.2583224507644042
startup_due_diligence_for_a_venture_capitalist_7.json,model_eval_1,10,0.21770095003184853,0.8718968699165084,0.8307692307692308,0.0834421462940208,9.570185325015688,4.769038659324219,0.8122059543160661,0.9315877855169507,0.11938183120088453,4.950549156616744
project_management_process_81.json,model_eval_1,10,0.12952509247973998,0.9547647734164716,0.9408591405949559,0.04378769481544286,4.586228570075503,3.623380761263753,0.9234409435337086,0.9860886032992345,0.06264765976552589,1.4779718048678796
content_promotion_process_0.json,model_eval_1,10,0.03969771464991356,0.988090685605026,1.0,0.01917581796515404,1.940694133090865,0.0,0.9743731317960167,1.0018082394140353,0.027435107618018595,1.1909314394974002
final_grades_submission_process_0.json,model_eval_1,10,0.06537056725657753,0.974261256565715,0.9692307692307692,0.020653794613951174,2.1199441602302955,0.38182250841885457,0.9594864219541254,0.9890360911773047,0.029549669223179365,0.5190185345579021
account_payable_process_122.json,model_eval_1,10,0.05376479545302437,0.9763565473269769,0.9677737660439544,0.021972959485986935,2.2505056729678796,2.2255781519087496,0.9606380390140625,0.9920750556398912,0.03143701662582865,0.8868582290783716
client_onboarding_process_for_a_marketing_agency_173.json,model_eval_1,10,0.07353152376849059,0.9843731173799568,1.0,0.025342001951435388,2.5744305186722873,0.0,0.9662445412728754,1.002501693487038,0.0362571522141627,1.5626882620043192
loan_application_process_79.json,model_eval_1,10,0.07858685243829988,0.9120253815592878,0.9151723801481875,0.02657339589643949,2.913668460740315,2.0274249034726526,0.8930159192896773,0.9310348438288983,0.038018924539221066,0.3438694891983182
content_promotion_process_129.json,model_eval_1,10,0.0,1.0,1.0,0.0,0.0,0.0,1.0,1.0,0.0,0.0
employee_onboarding_process_11.json,model_eval_1,10,0.058821391151880564,0.9941178608848119,1.0,0.018600957117961787,1.8711017928403435,0.0,0.9808115377528137,1.00742418401681,0.026612646263996398,0.588213911518809
process_for_optimizing_a_process_185.json,model_eval_1,10,0.017857142857142905,0.9982142857142857,1.0,0.0056469243931578355,0.5657026225703735,0.0,0.9941747193521461,1.0022538520764255,0.008079132724279403,0.17857142857142794
project_management_process_8.json,model_eval_1,10,0.08311494365762973,0.9576202184677867,0.9460605258236467,0.030970844592982567,3.2341468982909105,1.2674285715626403,0.9354650109044523,0.979775426031121,0.04431041512666867,1.2218766483334638
loan_application_process_48.json,model_eval_1,10,0.12371011459880232,0.9515301332635205,0.9565217391304348,0.04137360288972964,4.34811273373215,4.020834692945238,0.9219332407114647,0.9811270258155764,0.059193785104111774,0.5218497042683103
loan_application_process_72.json,model_eval_1,10,0.1538296566838131,0.8996214941439339,0.914352274361919,0.05531551669405596,6.1487544544156725,4.241412246700009,0.8600511572695053,0.9391918310183625,0.07914067374885714,1.611061800908737
project_management_process_44.json,model_eval_1,10,0.0,1.0,1.0,0.0,0.0,0.0,1.0,1.0,0.0,0.0
process_for_optimizing_a_process_92.json,model_eval_1,10,0.05037384907472997,0.9921667391367237,1.0,0.01603741253824485,1.616402959869313,0.0,0.9806942653235897,1.0036392129498577,0.022944947626267975,0.7833260863276292
content_promotion_process_199.json,model_eval_1,10,0.21153846153846156,0.9179194533589756,0.9400114945845947,0.0702741088213296,7.655803411091576,4.335876361027648,0.8676483843027035,0.9681905224152477,0.1005421381125442,2.3501884128961463
project_management_process_2.json,model_eval_1,10,0.025200957047746275,0.9957314443255004,1.0,0.009180860448856501,0.9220217460417285,0.0,0.989163852400658,1.0022990362503428,0.013135183849684817,0.42685556744995745
startup_due_diligence_for_a_venture_capitalist_186.json,model_eval_1,10,0.12197293568316658,0.9372256298872663,0.9245283018867925,0.03719281527603434,3.968395025700274,0.0,0.9106194926270639,0.9638317671474688,0.05321227452040489,1.3733844571941105
startup_due_diligence_for_a_venture_capitalist_45.json,model_eval_1,10,0.06668149704946003,0.986663700590108,1.0,0.02811538779547882,2.8495411130118042,0.0,0.9665511637665689,1.006776237413647,0.04022507364707817,1.3336299409892005
employee_onboarding_process_19.json,model_eval_1,10,0.1568627450980392,0.9378218130753627,0.9705882352941176,0.07066675521187674,7.535200634771118,3.030303030303031,0.8872698617120083,0.9883737644387172,0.10110390272670888,3.3759344104171736
content_promotion_process_109.json,model_eval_1,10,0.1777777777777778,0.9033645461483621,0.8980706466799526,0.07308075859389714,8.089841349817029,7.358223884358997,0.8510857207946428,0.9556433715020815,0.10455765070743861,0.5894747242859305
final_grades_submission_process_68.json,model_eval_1,10,0.022028353326063344,0.9977971646673935,1.0,0.006965976961330593,0.698135573842068,0.0,0.9928140049412731,1.0027803243935138,0.00996631945224069,0.22028353326064565
content_promotion_process_96.json,model_eval_1,10,0.04578170580250118,0.9954218294197499,1.0,0.014477446550365057,1.454403160799099,0.0,0.9850652880491251,1.0057783707903747,0.02071308274124961,0.4578170580250118
purchase_order_workflow_169.json,model_eval_1,10,0.0505092287184129,0.98692772889989,1.0,0.021796697849090444,2.2085404240680133,0.0,0.9713353105661873,1.0025201472335927,0.031184836667405458,1.307227110011
account_payable_process_45.json,model_eval_1,10,0.0746634743282788,0.9731274275073158,1.0,0.035751921335169586,3.6739198099419315,0.0,0.9475520436784823,0.9987028113361494,0.05115076765766702,2.6872572492684155
final_grades_submission_process_6.json,model_eval_1,10,0.0,1.0,1.0,0.0,0.0,0.0,1.0,1.0,0.0,0.0
budget_preparation_process_33.json,model_eval_1,10,0.04347826086956519,0.982447509464633,0.9855072463768115,0.01895426855550488,1.929290712522002,1.4705882352941242,0.96888844255583,0.996006576373436,0.027118133817606083,0.3104733043239984
process_for_optimizing_a_process_37.json,model_eval_1,10,0.01934985946020662,0.9980650140539794,1.0,0.006118962829840916,0.6130825891779008,0.0,0.9936877717362749,1.002442256371684,0.008754484635409066,0.19349859460205954
budget_preparation_process_16.json,model_eval_1,10,0.1774375474938088,0.8795178578406553,0.8671292788695762,0.05793801493119133,6.587474536723746,3.9345282341893717,0.8380714987413961,0.9209642169399145,0.0828927181985184,1.428688809496696
process_for_optimizing_a_process_99.json,model_eval_1,10,0.05123953166900197,0.9948760468330999,1.0,0.016203362631437512,1.6286815511355641,0.0,0.9832848594747541,1.0064672341914458,0.02318237471669171,0.5123953166900064
customer_support_process_for_the_ticket_management_25.json,model_eval_1,10,0.05882352941176472,0.9941176470588236,1.0,0.018601633295108118,1.8711702131173846,0.0,0.9808108402188341,1.007424453898813,0.026613613679978942,0.588235294117645
process_for_optimizing_a_process_27.json,model_eval_1,10,0.11046822919890031,0.9734508603181349,0.9843910941521283,0.03684895847424604,3.7853948233404795,1.5856407012007627,0.9470907033957567,0.999811017240513,0.052720313844756284,1.111370663447179
accounts_receivable_process_41.json,model_eval_1,10,0.0,1.0,1.0,0.0,0.0,0.0,1.0,1.0,0.0,0.0
budget_preparation_process_19.json,model_eval_1,10,0.05619285454736056,0.976989410197438,0.9782608695652174,0.024549725376447496,2.5127933957325377,2.2222222222222205,0.959427594609713,0.994551225785163,0.03512363117544992,0.12997140203967128
purchase_order_workflow_190.json,model_eval_1,10,0.023255813953488413,0.913953488372093,0.9069767441860465,0.011233625384642995,1.2291244059533049,0.0,0.9059174368741013,0.9219895398700847,0.016072102995983384,0.769230769230773
budget_preparation_process_73.json,model_eval_1,10,0.0,1.0,1.0,0.0,0.0,0.0,1.0,1.0,0.0,0.0
startup_due_diligence_for_a_venture_capitalist_178.json,model_eval_1,10,0.02815723448277352,0.9923301019909422,1.0,0.010628686542302,1.0710837574086831,0.0,0.984726797671509,0.9999334063103754,0.01520660863886647,0.7669898009057818
purchase_order_workflow_4.json,model_eval_1,10,0.049831149115469264,0.9916270119888175,1.0,0.018046846763592764,1.8199228687203486,0.0,0.9787170755254871,1.004536948452148,0.02581987292666088,0.837298801118247
account_payable_process_179.json,model_eval_1,10,0.10606060606060608,0.9624871354203066,0.9689960197780103,0.0334614816344931,3.4765640394643684,2.772469682479887,0.9385502334490614,0.9864240373915518,0.04787380394249041,0.6717142511271438
churn_rate_prevention_process_14.json,model_eval_1,10,0.13486213925544477,0.9341307393575573,0.9272727272727272,0.03410700376193694,3.6512023772383104,0.0,0.9097320586744883,0.9585294200406264,0.0487973613661381,0.7395895385601041
final_grades_submission_process_63.json,model_eval_1,10,0.060882664786147234,0.9765187900142965,0.9782588206161391,0.025289191243065064,2.5897290970401934,2.222436325201503,0.958427992412157,0.994609587616436,0.03618159520427899,0.17787016740075512
final_grades_submission_process_1.json,model_eval_1,10,0.058821391151880564,0.9941178608848119,1.0,0.018600957117961787,1.8711017928403435,0.0,0.9808115377528137,1.00742418401681,0.026612646263996398,0.588213911518809
purchase_order_workflow_16.json,model_eval_1,10,0.1566552252773986,0.9528245385858197,0.9725258311807581,0.05583741637524342,5.860199240682571,2.8250322961483834,0.9128808571702298,0.9927682200014096,0.07988736283117981,2.0257860473504055
employee_onboarding_process_43.json,model_eval_1,10,0.03650077952973563,0.9896482894610653,0.9925373134328358,0.012555485365203293,1.2686815608038546,0.7518796992481225,0.9806666362972535,0.9986299426248771,0.017963306327623663,0.29107459565206417
churn_rate_prevention_process_102.json,model_eval_1,10,0.10425951351583518,0.9010526357331111,0.8888888888888888,0.0383154829329949,4.252302408706768,1.7857142857142794,0.873643390411392,0.9284618810548302,0.054818490643438134,1.3684215199750063
order_fulfillment_process_40.json,model_eval_1,10,0.05984190173941539,0.9864083944831249,1.0,0.021385532639719804,2.1680201384463844,0.0,0.9711101060214403,1.0017066829448096,0.030596576923369256,1.3591605516875105
process_for_optimizing_a_process_0.json,model_eval_1,10,0.06245315494885462,0.9661864591925345,0.9583333333333334,0.02477510372238392,2.5642155804055746,1.2628210680784158,0.9484634176485877,0.9839095007364814,0.035446083087893765,0.8194566113949049
budget_preparation_process_10.json,model_eval_1,10,0.08346902112318577,0.9743636951133524,0.9873504705534388,0.03169793273554623,3.2531931243454904,1.2811590031927305,0.9516883600259858,0.997039030200719,0.045350670174733265,1.3153156682861509
accounts_receivable_process_43.json,model_eval_1,10,0.050000000000000044,0.99,1.0,0.021081851067789214,2.1294799058372944,0.0,0.974918952248012,1.005081047751988,0.030162095503976083,1.0000000000000009
account_payable_process_32.json,model_eval_1,10,0.18845105787382366,0.8672320269301366,0.8556919252035305,0.07933134848983428,9.147649766885873,10.131704181513076,0.8104817989279681,0.923982254932305,0.11350045600433689,1.348628096947526
client_onboarding_process_for_a_marketing_agency_102.json,model_eval_1,10,0.05205355583825988,0.9773886851754845,0.965188081518621,0.020155521538069314,2.0621807724785053,0.8931750032466731,0.9629702936497861,0.9918070767011828,0.028836783051396697,1.2640648895774935
loan_application_process_4.json,model_eval_1,10,0.09081125339523377,0.9452788703277897,0.9450439613393179,0.031494133431053215,3.3317293361410005,3.0138204883110853,0.9227493244803242,0.9678084161752551,0.04505909169493094,0.024856937675033566
process_for_optimizing_a_process_137.json,model_eval_1,10,0.12431785533614081,0.9228260359837787,0.9089860399749348,0.04808231423834432,5.21033351503636,4.4650131821298364,0.8884300204383274,0.9572220515292299,0.06879203109090248,1.522575199199487
employee_onboarding_process_151.json,model_eval_1,10,0.058320913054418555,0.9659432911328525,0.9770184200271851,0.019962250642034052,2.0666068935188155,0.013148005751810098,0.9516631572773561,0.9802234249883489,0.028560267710992848,1.1335639807102549
accounts_receivable_process_26.json,model_eval_1,10,0.0,1.0,1.0,0.0,0.0,0.0,1.0,1.0,0.0,0.0
order_fulfillment_process_64.json,model_eval_1,10,0.06436056539085633,0.9694524689671278,0.9689929615066079,0.01908443373607458,1.9685785891501706,1.4333616214640421,0.9558002874974872,0.9831046504367683,0.02730436293928107,0.04742113501066871
project_management_process_23.json,model_eval_1,10,0.10348585795186438,0.885303588117857,0.8913043478260869,0.0259836685657129,2.9350009323868003,0.0,0.8667159913669215,0.9038911848687926,0.03717519350187115,0.6732559672648164
final_grades_submission_process_42.json,model_eval_1,10,0.04255319148936165,0.9957446808510639,1.0,0.013456500681567556,1.3514007094736646,0.0,0.9861184801583056,1.0053708815438223,0.01925240138551665,0.42553191489360653
customer_support_process_for_the_ticket_management_131.json,model_eval_1,10,0.5212812437471392,0.6736089707250493,0.6578819996467055,0.14725952095097572,21.86127669773618,12.279700190464208,0.568265855442837,0.7789520860072616,0.2106862305644246,2.390545886160365
customer_support_process_for_the_ticket_management_48.json,model_eval_1,10,0.11092951991828393,0.9386205453489952,0.9385376396183607,0.029263929307601345,3.117759296087059,1.2475121754774479,0.9176863914229653,0.9595546992750251,0.04186830785205986,0.008833500877837084
startup_due_diligence_for_a_venture_capitalist_0.json,model_eval_1,10,0.03825697805465689,0.9842525405286839,0.9892550935945339,0.013513589190431644,1.3729798638033406,1.0861613425131496,0.9745855011768582,0.9939195798805097,0.019334078703651558,0.5056888863389927
account_payable_process_3.json,model_eval_1,10,0.1616446025159719,0.9838355397484028,1.0,0.051116511542305544,5.195635802644172,0.0,0.9472689902074853,1.0204020892893202,0.07313309908183485,1.6164460251597235
order_fulfillment_process_175.json,model_eval_1,10,0.0505092287184129,0.9879047151811313,1.0,0.021178566622387648,2.1437863689621706,0.0,0.9727544812892465,1.003054949073016,0.030300467783769602,1.209528481886868
client_onboarding_process_for_a_marketing_agency_5.json,model_eval_1,10,0.1430731316875894,0.9796320807706349,1.0,0.047133963050650075,4.811394397534612,0.0,0.9459144747965862,1.0133496867446836,0.06743521194809743,2.0367919229365095
order_fulfillment_process_17.json,model_eval_1,10,0.18732212160413975,0.8831534667561455,0.8392156286253505,0.07075184989459195,8.011274660390118,2.1428428871850675,0.8325406423238493,0.9337662911884417,0.1012256488645924,5.2355838752390635
final_grades_submission_process_126.json,model_eval_1,10,0.1486376292583409,0.9359987306367218,0.9177740062743178,0.05191627297514215,5.546617882678711,3.1430563133133553,0.8988600662316957,0.9731373950417479,0.07427732881005222,1.9857529454758487
content_promotion_process_48.json,model_eval_1,10,0.06666666666666665,0.9766666666666668,1.0,0.031622776601683784,3.2378269558037998,0.0,0.9540450950386847,0.9992882382946489,0.045243143255964124,2.3333333333333206
customer_support_process_for_the_ticket_management_46.json,model_eval_1,10,0.09999999999999998,0.9585923960403084,0.9659519494350683,0.04488912567468841,4.682816790547632,3.524818246378044,0.926480649985935,0.9907041420946818,0.06422349210874678,0.7618964275670341
client_onboarding_process_for_a_marketing_agency_14.json,model_eval_1,10,0.1920387255816336,0.9247961274418367,0.92,0.052833751465825134,5.713016079768134,0.0,0.887001138462421,0.9625911164212524,0.07558997795883138,0.5213182001996371
employee_onboarding_process_195.json,model_eval_1,10,0.22603080505903783,0.9415140308117316,0.9791666666666667,0.08072258432859832,8.573699561227238,2.127659574468083,0.8837685726444694,0.9992594889789937,0.11549091633452435,3.8453755766742295
startup_due_diligence_for_a_venture_capitalist_128.json,model_eval_1,10,0.20902338980270785,0.875498294874328,0.851063829787234,0.06835124655183075,7.807125034051851,0.0,0.8266027586217722,0.9243938311268837,0.09779107250511143,2.8710496477335337
customer_support_process_for_the_ticket_management_35.json,model_eval_1,10,0.0759803921568627,0.9772058823529411,1.0,0.036702016268943816,3.7558120485901876,0.0,0.9509508415519045,1.0034609231539777,0.052510081602073266,2.2794117647058854
account_payable_process_13.json,model_eval_1,10,0.0,1.0,1.0,0.0,0.0,0.0,1.0,1.0,0.0,0.0
accounts_receivable_process_49.json,model_eval_1,10,0.20128017565310408,0.9382053157680229,0.9791666666666667,0.07713131436094671,8.221155120807044,2.127659574468083,0.8830288973733253,0.9933817341627205,0.11035283678939511,4.18328690028703
churn_rate_prevention_process_29.json,model_eval_1,10,0.0545113752427131,0.9945488624757287,1.0,0.01723801041550873,1.733249221420673,0.0,0.9822175326798003,1.006880192271657,0.02466265959185676,0.5451137524271288
order_fulfillment_process_22.json,model_eval_1,10,0.0724728665271891,0.9710108533891244,1.0,0.03742482734822884,3.8542130829541983,0.0,0.9442387446908092,0.9977829620874397,0.05354421739663051,2.8989146610875594
account_payable_process_36.json,model_eval_1,10,0.14863306439371915,0.9424789048888652,0.9495316441967611,0.0522607068650826,5.545026694390051,4.322604365559377,0.9050938473220198,0.9798639624557106,0.0747701151336908,0.7427597964743962
accounts_receivable_process_101.json,model_eval_1,10,0.06272546408885427,0.9907002046176171,1.0,0.019798523292287706,1.998437388021878,0.0,0.976537194252458,1.004863214982776,0.02832602073031809,0.9299795382382903
churn_rate_prevention_process_3.json,model_eval_1,10,0.0,1.0,1.0,0.0,0.0,0.0,1.0,1.0,0.0,0.0
project_management_process_65.json,model_eval_1,10,0.13694755138054115,0.93324402037215,0.9183673469387755,0.04195279947582056,4.495372974272156,0.0,0.9032327955423193,0.9632552452019808,0.060022449659661525,1.6199044405230023
order_fulfillment_process_2.json,model_eval_1,10,0.06521739130434778,0.967395885193541,0.9673913043478262,0.031162522957369994,3.2212792543701485,3.370786516853924,0.9451035591885171,0.989688211198565,0.04458465201004791,0.0004735256244577772
customer_support_process_for_the_ticket_management_10.json,model_eval_1,10,0.3344074471894022,0.7820145614222043,0.7407407407407407,0.11066175753395395,14.150856389771038,5.560970817045078,0.7028519089434391,0.8611772139009695,0.1583253049575304,5.571965791997583
order_fulfillment_process_90.json,model_eval_1,10,0.11363636363636365,0.9613636363636362,1.0,0.050308962775406044,5.233083598387391,0.0,0.9253747724100284,0.997352500317244,0.07197772790721557,3.86363636363638
employee_onboarding_process_3.json,model_eval_1,10,0.0724728665271891,0.9927527133472811,1.0,0.02291793267872948,2.308523801607824,0.0,0.9763582119349812,1.009147214759581,0.032789002824599844,0.7247286652718898
account_payable_process_2.json,model_eval_1,10,0.07565588071675433,0.9667486067593091,0.9670842609006625,0.020996286035870573,2.171845492102996,1.3255217325640005,0.9517287685438136,0.9817684449748045,0.030039676430990925,0.034707848625391904
loan_application_process_60.json,model_eval_1,10,0.19766774491932837,0.8633453017710766,0.8573895866092294,0.061809489050945486,7.159301026385247,5.188695578298961,0.8191294569239645,0.9075611466181887,0.0884316896942241,0.6946334845750411
loan_application_process_145.json,model_eval_1,10,0.07276382408418547,0.9858270658674435,1.0,0.025086461068078436,2.544712144416982,0.0,0.9678812926960294,1.0037728390388576,0.03589154634282821,1.4172934132556492
client_onboarding_process_for_a_marketing_agency_40.json,model_eval_1,10,0.06327721334227887,0.9810168359973165,1.0,0.0305657979330656,3.115726133485971,0.0,0.9591513813593942,1.0028822906352388,0.043730909275844665,1.8983164002683517
churn_rate_prevention_process_48.json,model_eval_1,10,0.0,1.0,1.0,0.0,0.0,0.0,1.0,1.0,0.0,0.0
budget_preparation_process_49.json,model_eval_1,10,0.06174438025909912,0.9814766859222702,1.0,0.029825369209819572,3.038826050339992,0.0,0.960140902084901,1.0028124697596394,0.04267156767473845,1.852331407772978
content_promotion_process_91.json,model_eval_1,10,0.05958670260557064,0.9940413297394428,1.0,0.0188429698492693,1.8955921937580202,0.0,0.980561881128771,1.0075207783501146,0.026958897221343592,0.5958670260557186
project_management_process_6.json,model_eval_1,10,0.08333333333333337,0.9439095443901266,0.9220969000697388,0.03896346581121557,4.127881325364754,0.5889005160587185,0.9160367600415217,0.9717823287387316,0.055745568697209924,2.365547950409352
accounts_receivable_process_109.json,model_eval_1,10,0.07074623466311214,0.987975363204108,1.0,0.0258400507708904,2.6154549731977528,0.0,0.9694905044345189,1.006460221973697,0.03696971753917799,1.2024636795892052
order_fulfillment_process_1.json,model_eval_1,10,0.1353902460730655,0.9543829261780804,1.0,0.06384215078738342,6.689364304016371,0.0,0.9087130027203052,1.0000528496358556,0.09133984691555042,4.56170738219196
order_fulfillment_process_143.json,model_eval_1,10,0.05884304148054831,0.9818545060604826,0.9918172827545841,0.022135931383882753,2.254502194291419,0.8250226516208627,0.9660194146749294,0.9976895974460359,0.03167018277110656,1.0044971858558247
final_grades_submission_process_96.json,model_eval_1,10,0.05110140450032341,0.981876229233354,0.9928571428571429,0.02116464762442225,2.15553111423703,0.7194244604316521,0.966735952392788,0.9970165060739201,0.03028055368113214,1.1059913002377244
purchase_order_workflow_74.json,model_eval_1,10,0.058821391151880564,0.9895724063393574,1.0,0.022207918167494352,2.244193353131809,0.0,0.9736858187110089,1.0054589939677059,0.031773175256696984,1.042759366064261
budget_preparation_process_54.json,model_eval_1,10,0.1594202898550725,0.9591850766420128,0.9927536231884058,0.061519740173245054,6.413750763160117,0.7299270072992734,0.915176505655561,1.0031936476284646,0.08801714197290367,3.3813572433592913
loan_application_process_63.json,model_eval_1,9,0.05687319819479886,0.9441743476480625,0.9525666050716152,0.01775828739924418,1.8808271420929894,0.6876763865037822,0.9305241195891288,0.9578245757069962,0.027300456117867355,0.8810152884712676
process_for_optimizing_a_process_34.json,model_eval_1,10,0.04761904761904767,0.9857142857142858,1.0,0.023002185311411835,2.333555031592505,0.0,0.9692595135993504,1.0021690578292213,0.03290954422987091,1.4285714285714235
purchase_order_workflow_159.json,model_eval_1,10,0.04672825397995661,0.9814103440786196,0.9815119897492219,0.017063082248728684,1.7386287348283525,0.9418127564341717,0.9692041503548461,0.9936165378023931,0.024412387447547035,0.010356029438652667
content_promotion_process_153.json,model_eval_1,10,0.03420820132017588,0.9965791798679824,1.0,0.010817583082933464,1.0854715110912188,0.0,0.9888407471036945,1.0043176126322704,0.015476865528575856,0.342082013201761
accounts_receivable_process_144.json,model_eval_1,10,0.18333333333333335,0.8892361611684386,0.8628474725088597,0.0790813109137679,8.893173081249488,5.352140130620699,0.8326647992730615,0.9458075230638158,0.1131427237907543,3.0583260078226546
customer_support_process_for_the_ticket_management_1.json,model_eval_1,10,0.15312500000000007,0.9846875,1.0,0.04842237667132832,4.917537459481137,0.0,0.9500482184446525,1.0193267815553475,0.06927856311069502,1.5312499999999951
employee_onboarding_process_93.json,model_eval_1,10,0.040560841261892855,0.9721097958423887,0.9797381257070792,0.017782446515542914,1.8292631749619814,0.689994604980459,0.9593889999224411,0.9848305917623362,0.02544159183989514,0.7786090654770782
startup_due_diligence_for_a_venture_capitalist_68.json,model_eval_1,10,0.06852476073041447,0.9794425717808757,1.0,0.033100604139564116,3.3795349613381416,0.0,0.9557638260178373,1.003121317543914,0.04735749152607671,2.055742821912432
account_payable_process_170.json,model_eval_1,10,0.05205355583825988,0.9818281656598058,0.9829192261908755,0.01940650123356627,1.976567989422544,1.7377596606099535,0.9679455909816459,0.9957107403379657,0.027765149356319796,0.11100205408514306
customer_support_process_for_the_ticket_management_22.json,model_eval_1,9,0.30400557223210545,0.95527307870278,1.0,0.09996672220907758,10.464727253156566,0.0,0.878431853770467,1.032114303635093,0.1536824498646261,4.472692129722001
loan_application_process_13.json,model_eval_1,9,0.07927567114237544,0.9460009215101797,0.9333093023643143,0.025726044995655173,2.719452424484593,1.2821919885709865,0.9262261327960366,0.9657757102243227,0.03954957742828613,1.359851349784493
customer_support_process_for_the_ticket_management_152.json,model_eval_1,10,0.6166666666666667,0.7395990119196247,0.7905315558162661,0.18762822305018123,25.368912076179406,16.377008934543692,0.6053778668056733,0.8738201570335762,0.2684422902279029,6.442822367040211
purchase_order_workflow_35.json,model_eval_1,10,0.18181818181818177,0.8886363636363637,0.8409090909090909,0.08260702771838774,9.295931507951561,2.7027027027027,0.8295428558763048,0.9477298713964225,0.11818701552011768,5.675675675675676
churn_rate_prevention_process_76.json,model_eval_1,10,0.042892779188382635,0.9894607220811616,1.0,0.017512778559917112,1.7699316576288113,0.0,0.9769328349955899,1.0019886091667334,0.025055774171143463,1.0539277918838352
client_onboarding_process_for_a_marketing_agency_6.json,model_eval_1,10,0.05882352941176472,0.9941176470588236,1.0,0.018601633295108118,1.8711702131173846,0.0,0.9808108402188341,1.007424453898813,0.026613613679978942,0.588235294117645
client_onboarding_process_for_a_marketing_agency_66.json,model_eval_1,10,0.038461538461538436,0.9961538461538462,1.0,0.01216260638526299,1.220956625547636,0.0,0.9874532416815454,1.004854450626147,0.01740120894460162,0.38461538461538325
accounts_receivable_process_60.json,model_eval_1,10,0.17258737960969084,0.9249634842612531,0.8888888888888888,0.06298486491976528,6.809443398738041,3.458040103045107,0.8799068261692695,0.9700201423532366,0.09011331618396712,4.058391979390977
employee_onboarding_process_14.json,model_eval_1,10,0.028014368495803188,0.9935621995140561,1.0,0.01070570520819954,1.0775072978255031,0.0,0.9859037993600844,1.0012205996680277,0.015316800307943246,0.643780048594389
process_for_optimizing_a_process_6.json,model_eval_1,10,0.10216838110025661,0.9897831618899744,1.0,0.03230847891289108,3.2641976704471896,0.0,0.9666710683782301,1.0128952554017185,0.046224187023488406,1.0216838110025606
content_promotion_process_13.json,model_eval_1,10,0.0,1.0,1.0,0.0,0.0,0.0,1.0,1.0,0.0,0.0
client_onboarding_process_for_a_marketing_agency_64.json,model_eval_1,10,0.0714538596858485,0.9681132996437022,0.9648449830424191,0.03159716076691584,3.263787490425413,3.0813409772165175,0.9455100524800236,0.9907165468073807,0.04520649432735713,0.33874007314389876
client_onboarding_process_for_a_marketing_agency_180.json,model_eval_1,9,0.05619285454736056,0.988952455610965,1.0,0.018583694908103566,1.879129254663991,0.0,0.9746677631758118,1.0032371480461182,0.028569384870306358,1.1047544389034991
accounts_receivable_process_2.json,model_eval_1,10,0.06431958278669225,0.9935680417213308,1.0,0.020339637975770753,2.047130857845715,0.0,0.9790179412304201,1.0081181422122416,0.029100200981821533,0.6431958278669159
account_payable_process_171.json,model_eval_1,10,0.07696135646678925,0.962532190165861,0.9670646811898216,0.023019300666708018,2.3915356703801662,1.7409250150866407,0.9460651744633163,0.9789992058684057,0.03293403140508944,0.46868540565291483
churn_rate_prevention_process_23.json,model_eval_1,7,0.07571943337329712,0.9809625673180034,0.9892550935945339,0.027447525105104374,2.798019620682078,1.0861613425131496,0.9555778404226948,1.0063472942133118,0.050769453790617036,0.8382596491263963
final_grades_submission_process_43.json,model_eval_1,10,0.03703703703703709,0.9888888888888889,1.0,0.017890588575542543,1.809160642470594,0.0,0.9760907327994947,1.001687044978283,0.02559631217878844,1.1111111111111072
budget_preparation_process_2.json,model_eval_1,10,0.13862155280307276,0.9211732977503786,0.9411764705882353,0.045875253328474405,4.9800893534916355,1.0338755921216647,0.8883561184687007,0.9539904770320565,0.06563435856335587,2.125337114022273
startup_due_diligence_for_a_venture_capitalist_187.json,model_eval_1,10,0.05812162570993962,0.9880738469045699,0.9972680083781076,0.019345806911202124,1.9579312793075658,0.27394758469546726,0.9742346903290664,1.0019130034800734,0.027678313151006995,0.9219348656827445
customer_support_process_for_the_ticket_management_54.json,model_eval_1,10,0.3773572493640909,0.7413534532457358,0.7243192096544052,0.13828651042992268,18.653249650957648,16.4552638158969,0.6424292430071062,0.8402776634843653,0.19784842047725903,2.3517591918427927
project_management_process_3.json,model_eval_1,10,0.020000000000000018,0.998,1.0,0.006324555320336764,0.6337229779896557,0.0,0.9934756856744036,1.0025243143255964,0.009048628651192825,0.20000000000000018
project_management_process_53.json,model_eval_1,10,0.07194909268871319,0.9786733501392657,0.9883849783776166,0.02597855507066633,2.6544663821661816,1.1751515731702877,0.9600894113623253,0.9972572889162061,0.037167877553880846,0.9825754590374353
purchase_order_workflow_20.json,model_eval_1,10,0.0402220104955916,0.983184575328858,0.9787312726070969,0.015738379850789953,1.6007553663589302,1.3358867538517982,0.9719260166138058,0.99444313404391,0.022517117430104205,0.45500770705921556
employee_onboarding_process_51.json,model_eval_1,10,0.0434789263881773,0.9956521073611823,1.0,0.013749243760543851,1.380928504935729,0.0,0.9858164908852032,1.0054877238371613,0.019671232951958162,0.4347892638817741
loan_application_process_6.json,model_eval_1,10,0.10488428879024869,0.9513435736746402,0.9532717460200434,0.03146482017009533,3.307408704991822,2.3725870732871193,0.9288349972708374,0.973852150078443,0.04501715280760554,0.2022689074184173
final_grades_submission_process_81.json,model_eval_1,10,0.06651207945685644,0.8430047344252705,0.8287077543025441,0.027820402419585145,3.300147826400058,2.17529656379672,0.8231032174275372,0.8629062514230037,0.039803033995466475,1.725213749780706
project_management_process_45.json,model_eval_1,10,0.03759695095879301,0.9872415276916053,0.9963510209951107,0.015878248325971546,1.6083448559035491,0.36623428169369626,0.9758829130969044,0.9986001422863062,0.022717229189401777,0.9142855390871439
startup_due_diligence_for_a_venture_capitalist_92.json,model_eval_1,10,0.13749999999999996,0.9568699883074864,0.9813324427698336,0.05654476056226094,5.909346228140923,1.9022663897136458,0.9164203033428153,0.9973196732721574,0.0808993699293421,2.492779551168342
purchase_order_workflow_1.json,model_eval_1,10,0.1353902460730655,0.9363088123609883,0.9489361702127659,0.04326024009780493,4.620296159417776,2.255307579363014,0.9053623008530745,0.9672553238689021,0.061893023015827664,1.3306856929003301
budget_preparation_process_162.json,model_eval_1,10,0.05872304727505162,0.964766171634969,0.9412769527249484,0.030324451217976767,3.1431918022774945,0.0,0.9430733660364188,0.9864589772335193,0.04338561119710049,2.495463087885087
churn_rate_prevention_process_55.json,model_eval_1,10,0.0,1.0,1.0,0.0,0.0,0.0,1.0,1.0,0.0,0.0
employee_onboarding_process_4.json,model_eval_1,10,0.1353902460730655,0.9864609753926935,1.0,0.04281415505615547,4.3401772725081065,0.0,0.9558335738999738,1.017088376885413,0.06125480298543928,1.3539024607306493
loan_application_process_14.json,model_eval_1,10,0.1170232692169153,0.9029249139312141,0.8835421777175703,0.040846099231674524,4.523753703265987,0.0,0.8737053747638727,0.9321444530985555,0.05843907833468287,2.193753360333597
startup_due_diligence_for_a_venture_capitalist_5.json,model_eval_1,10,0.11645782228242973,0.9534168710870281,1.0,0.060138560831391116,6.3076879227891975,0.0,0.9103963362811556,0.9964374058929006,0.08604106961174507,4.658312891297189
accounts_receivable_process_0.json,model_eval_1,10,0.07252049229684832,0.9814059917689208,1.0,0.028246372615505732,2.8781536746676544,0.0,0.9611997540497982,1.0016122294880436,0.04041247543824544,1.859400823107915
churn_rate_prevention_process_34.json,model_eval_1,10,0.00934277047522769,0.9990657229524771,1.0,0.0029544434357893236,0.2957206285746887,0.0,0.9969522414373855,1.0011792044675687,0.004226963030183217,0.09342770475229134
budget_preparation_process_83.json,model_eval_1,10,0.05364763259500105,0.9946352367404998,1.0,0.016964871007609277,1.7056374418429547,0.0,0.982499299106305,1.0067711743746945,0.024271875268389587,0.5364763259500194
client_onboarding_process_for_a_marketing_agency_172.json,model_eval_2,10,0.05955134135060125,0.9767778385146559,0.9871050934880721,0.027250113809203152,2.7897964854158883,1.3063357282821717,0.9572842814127559,0.996271395616556,0.03898711420380008,1.0462163594884668
content_promotion_process_2.json,model_eval_2,10,0.0,0.9999999999999998,0.9999999999999999,1.1702778228589004e-16,1.1702778228589007e-14,0.0,0.9999999999999997,0.9999999999999999,2.220446049250313e-16,1.1102230246251569e-14
process_for_optimizing_a_process_9.json,model_eval_2,10,0.15887445887445883,0.8373465556158882,0.7999999999999999,0.06528013442954192,7.796071291118745,4.476740758800509,0.7906479606290221,0.8840451506027543,0.09339718997373225,4.6683194519860365
order_fulfillment_process_7.json,model_eval_2,10,0.061231081579918745,0.9883213362864524,0.9999999999999999,0.024657100043939978,2.4948464774207233,0.0,0.9706827094888103,1.0059599630840943,0.035277253595284,1.1678663713547535
purchase_order_workflow_81.json,model_eval_2,10,0.0,0.9999999999999998,0.9999999999999999,1.1702778228589004e-16,1.1702778228589007e-14,0.0,0.9999999999999997,0.9999999999999999,2.220446049250313e-16,1.1102230246251569e-14
churn_rate_prevention_process_27.json,model_eval_2,10,0.08333333333333326,0.981806958473625,0.9999999999999999,0.030933189902423216,3.150638690778254,0.0,0.9596786874532245,1.0039352294940254,0.04425654204080087,1.8193041526374913
startup_due_diligence_for_a_venture_capitalist_7.json,model_eval_2,10,0.2738095238095237,0.8330872516721571,0.7777777777777777,0.10676314461774807,12.815361704726017,5.697278911564618,0.7567134988667062,0.909461004477608,0.15274750561090178,7.111218072134502
project_management_process_81.json,model_eval_2,10,0.151190476190476,0.9452958152958153,0.9270743145743146,0.052144518188699196,5.516211681565669,4.494425744693272,0.9079938741010164,0.9825977564906142,0.07460388238959781,1.9654843667918391
content_promotion_process_0.json,model_eval_2,10,0.04761904761904756,0.9857142857142855,0.9999999999999999,0.02300218531141178,2.3335550315924998,0.0,0.9692595135993501,1.0021690578292208,0.03290954422987069,1.4285714285714348
final_grades_submission_process_0.json,model_eval_2,10,0.07047619047619047,0.9670432900432899,0.9583333333333333,0.024409317812559523,2.524118419917565,0.4743083003952542,0.9495819159760427,0.9845046641105372,0.034922748134494475,0.9088650479954784
account_payable_process_122.json,model_eval_2,10,0.06429110105580693,0.9780920060331824,0.9773755656108596,0.024753337550832057,2.530778024781473,2.314814814814818,0.9603845350703717,0.995799476995993,0.035414941925621335,0.07330246913580223
client_onboarding_process_for_a_marketing_agency_173.json,model_eval_2,10,0.10101010101010088,0.9798348223880138,0.9999999999999999,0.03390849832768768,3.4606341347460234,0.0,0.9555781439382076,1.00409150083782,0.04851335689961234,2.016517761198611
loan_application_process_79.json,model_eval_2,10,0.10048213272830409,0.8928483755713709,0.897345636819321,0.03428523914545843,3.8399844904816987,2.8852968962347187,0.8683221929758114,0.9173745581669304,0.049052365191118996,0.5011738023144421
content_promotion_process_129.json,model_eval_2,10,0.0,0.9999999999999998,0.9999999999999999,1.1702778228589004e-16,1.1702778228589007e-14,0.0,0.9999999999999997,0.9999999999999999,2.220446049250313e-16,1.1102230246251569e-14
employee_onboarding_process_11.json,model_eval_2,10,0.06706349206349205,0.9932936507936507,0.9999999999999999,0.021207338276526027,2.135052233504278,0.0,0.9781228349002818,1.0084644666870197,0.030341631786737877,0.6706349206349161
process_for_optimizing_a_process_185.json,model_eval_2,10,0.022727272727272707,0.9977272727272725,0.9999999999999999,0.007186994682200856,0.7203365968492887,0.0,0.9925860064481856,1.0028685390063592,0.010282532558173574,0.22727272727274267
project_management_process_8.json,model_eval_2,10,0.08361344537815107,0.9552170503320166,0.9376055854714391,0.032477576496525266,3.400020601101774,1.4093781836635801,0.9319839916960367,0.9784501089679966,0.04646611727195982,1.8783447041564143
loan_application_process_48.json,model_eval_2,10,0.1897243107769423,0.9154673448326698,0.9166666666666666,0.0681372966293147,7.442897555430436,6.883116883116877,0.8667248591347179,0.9642098305306217,0.09748497139590384,0.1308351091632924
loan_application_process_72.json,model_eval_2,10,0.16820091673032855,0.8802203811632179,0.9035101540616246,0.06083430940452781,6.911258896792962,3.9147004501548794,0.8367021378107328,0.923738624515703,0.08703648670497022,2.5776990766191465
project_management_process_44.json,model_eval_2,10,0.0,1.0,1.0,0.0,0.0,0.0,1.0,1.0,0.0,0.0
process_for_optimizing_a_process_92.json,model_eval_2,10,0.07385281530774568,0.9892234011929839,0.9999999999999999,0.02325727427588731,2.3510639000087843,0.0,0.972586149425674,1.0058606529602938,0.033274503534619804,1.0776598807015982
content_promotion_process_199.json,model_eval_2,10,0.23484848484848475,0.9023949627608164,0.924953095684803,0.08098202994946689,8.974122561778032,5.8612237998647645,0.8444639083769421,0.9603260171446908,0.11586210876774872,2.4388407400577763
project_management_process_2.json,model_eval_2,10,0.025789813023855523,0.9957339438676824,0.9999999999999999,0.009236066110294568,0.9275636496250547,0.0,0.9891268601916816,1.0023410275436833,0.013214167352001649,0.4266056132317454
startup_due_diligence_for_a_venture_capitalist_186.json,model_eval_2,10,0.21014492753623182,0.8713043478260868,0.8333333333333333,0.07535240861384995,8.648230529533679,0.0,0.8174004819426458,0.9252082137095278,0.10780773176688196,4.556521739130424
startup_due_diligence_for_a_venture_capitalist_45.json,model_eval_2,10,0.07001915708812256,0.9859961685823754,0.9999999999999999,0.02952266883247872,2.9941971148757296,0.0,0.9648769235503768,1.0071154136143738,0.04223849006399705,1.4003831417624515
employee_onboarding_process_19.json,model_eval_2,10,0.23076923076923073,0.9122405372405371,0.9583333333333333,0.10007527275014874,10.970272495549182,4.347826086956518,0.8406509997618203,0.9838300747192539,0.14317907495743354,4.8096830705526425
content_promotion_process_109.json,model_eval_2,10,0.219298245614035,0.8740164087532509,0.8555555555555554,0.09360309121882121,10.709534773190613,8.04252646357908,0.8070567910296651,0.9409760264768368,0.13391923544717166,2.1577620620683087
final_grades_submission_process_68.json,model_eval_2,10,0.03809523809523807,0.9961904761904761,0.9999999999999999,0.012046772038736676,1.2092840000643892,0.0,0.9875727346179115,1.0048082177630406,0.017235483145129127,0.3809523809523819
content_promotion_process_96.json,model_eval_2,10,0.061111111111111116,0.9938888888888888,0.9999999999999999,0.019325030145473432,1.9443853695836881,0.0,0.9800645951162331,1.0077131826615444,0.0276485875453113,0.6111111111111068
purchase_order_workflow_169.json,model_eval_2,10,0.06263371844244747,0.9820870774497218,0.9999999999999999,0.028941184998488842,2.946906202415691,0.0,0.9613838008940782,1.0027903540053653,0.04140655311128716,1.7912922550278103
account_payable_process_45.json,model_eval_2,10,0.07277777777777772,0.9750555555555553,0.9999999999999999,0.03437612699237485,3.5255557282362684,0.0,0.9504643557110354,0.9996467554000753,0.049182399689039924,2.494444444444455
final_grades_submission_process_6.json,model_eval_2,10,0.0,1.0,1.0,0.0,0.0,0.0,1.0,1.0,0.0,0.0
budget_preparation_process_33.json,model_eval_2,10,0.05710526315789477,0.9768548094373865,0.9833333333333332,0.025701378000412445,2.6310335734759804,1.6949152542372936,0.9584691511918288,0.995240467682944,0.0367713164911152,0.658832938570853
process_for_optimizing_a_process_37.json,model_eval_2,10,0.013068651778329166,0.998693134822167,0.9999999999999999,0.004132670556713008,0.41380784673651483,0.0,0.9957368003993208,1.0016494692450133,0.005912668845692526,0.13068651778328502
budget_preparation_process_16.json,model_eval_2,10,0.22493345164152612,0.8416447225750442,0.8231292517006802,0.07782082030676797,9.24627912697797,6.700551103460373,0.7859750613402956,0.8973143838097928,0.11133932246949718,2.2494001806045527
process_for_optimizing_a_process_99.json,model_eval_2,10,0.05799220272904482,0.9942007797270953,0.9999999999999999,0.018338744715401416,1.8445715482576204,0.0,0.9810820320480999,1.0073195274060907,0.026237495357990803,0.5799220272904583
customer_support_process_for_the_ticket_management_25.json,model_eval_2,10,0.04960317460317454,0.9950396825396824,0.9999999999999999,0.015685901092105034,1.5764096012803466,0.0,0.9838186648670724,1.0062607002122925,0.022442035345220157,0.4960317460317444
process_for_optimizing_a_process_27.json,model_eval_2,10,0.11894736842105269,0.9689089620658295,0.9802832244008715,0.04227659197426396,4.363319324049312,2.011334592732515,0.9386661100361359,0.9991518140955232,0.06048570405938736,1.160303680805475
accounts_receivable_process_41.json,model_eval_2,10,0.0,0.9999999999999998,0.9999999999999999,1.1702778228589004e-16,1.1702778228589007e-14,0.0,0.9999999999999997,0.9999999999999999,2.220446049250313e-16,1.1102230246251569e-14
budget_preparation_process_19.json,model_eval_2,10,0.08333333333333326,0.9601942355889724,0.9676378446115288,0.04232417929881699,4.407876836800193,3.34444912098941,0.9299173416380231,0.9904711295399218,0.06055378790189869,0.7692556739081139
purchase_order_workflow_190.json,model_eval_2,10,0.05392156862745101,0.8482843137254902,0.8333333333333333,0.02430332416845787,2.8649974749294453,0.0,0.83089876294354,0.8656698645074403,0.034771101563900286,1.7941176470588307
budget_preparation_process_73.json,model_eval_2,10,0.0,0.9999999999999998,0.9999999999999999,1.1702778228589004e-16,1.1702778228589007e-14,0.0,0.9999999999999997,0.9999999999999999,2.220446049250313e-16,1.1102230246251569e-14
startup_due_diligence_for_a_venture_capitalist_178.json,model_eval_2,10,0.034195658638120574,0.9917367481422126,0.9999999999999999,0.011906322279876333,1.2005526972939191,0.0,0.9832194782745907,1.0002540180098345,0.017034539735243825,0.8263251857787315
purchase_order_workflow_4.json,model_eval_2,10,0.05714285714285716,0.9885714285714284,0.9999999999999999,0.024093544077473373,2.4372082159293877,0.0,0.9713359454262993,1.0058069117165576,0.034470966290258254,1.1428571428571457
account_payable_process_179.json,model_eval_2,10,0.1428571428571428,0.9498927368927369,0.9611868686868686,0.046702350213754996,4.916591989799443,4.038042193205993,0.9164838881422667,0.9833015856432071,0.06681769750094047,1.175019360133508
churn_rate_prevention_process_14.json,model_eval_2,10,0.2055555555555555,0.863429951690821,0.8333333333333333,0.06258366629573281,7.248262140220834,0.0,0.818660293805205,0.9081996095764371,0.08953931577123209,3.611594202898534
final_grades_submission_process_63.json,model_eval_2,10,0.07952528837621997,0.9684006211180124,0.9704414374445429,0.03385984504716912,3.496470810611227,3.045888336476371,0.9441787471284233,0.9926224951076015,0.048443747979178164,0.21029773129892246
final_grades_submission_process_1.json,model_eval_2,10,0.06706349206349205,0.9932936507936507,0.9999999999999999,0.021207338276526027,2.135052233504278,0.0,0.9781228349002818,1.0084644666870197,0.030341631786737877,0.6706349206349161
purchase_order_workflow_16.json,model_eval_2,10,0.17159090909090902,0.9469571293835999,0.9675079491255961,0.0618337401769344,6.529729621148073,3.358323919071578,0.9027239363260341,0.9911903224411657,0.08846638611513158,2.1240982836956985
employee_onboarding_process_43.json,model_eval_2,10,0.05613391984359717,0.9874672316592583,0.9972222222222221,0.018346574447773264,1.857942609087412,0.27855153203342525,0.9743428829271388,1.0005915803913779,0.02624869746423908,0.9782163238626659
churn_rate_prevention_process_102.json,model_eval_2,10,0.1643026004728133,0.8350087619383245,0.8133333333333332,0.06205119683157717,7.431203079538512,3.1365005018400707,0.7906200097611108,0.8793975141155382,0.08877750435442744,2.6650117137284357
order_fulfillment_process_40.json,model_eval_2,10,0.0802482269503546,0.9819113475177303,0.9999999999999999,0.028893469629439374,2.9425741644072043,0.0,0.9612422044808573,1.0025804905546034,0.04133828607374612,1.8088652482269545
process_for_optimizing_a_process_0.json,model_eval_2,10,0.08333333333333326,0.95752002002002,0.9474867724867724,0.034040200408737314,3.5550379832293837,3.2249057657406066,0.9331691275770043,0.9818709124630357,0.048701784886031385,1.0589327286242096
budget_preparation_process_10.json,model_eval_2,10,0.09883449883449869,0.9683754403740445,0.9852909366212415,0.04069999899184497,4.2029152428859815,1.492864983534583,0.9392604150222291,0.99749046572586,0.05823005070363085,1.7168021767462416
accounts_receivable_process_43.json,model_eval_2,10,0.025000000000000022,0.9949999999999999,1.0,0.010540925533894607,1.0593895008939305,0.0,0.9874594761240059,1.002540523875994,0.015081047751988041,0.5000000000000115
account_payable_process_32.json,model_eval_2,10,0.21833196833196833,0.8448935224980115,0.8375365497076023,0.09421739216143164,11.151392412486318,12.432904211215362,0.777494460352785,0.912292584643238,0.13479812429045301,0.8784061773755061
client_onboarding_process_for_a_marketing_agency_102.json,model_eval_2,10,0.06845238095238082,0.9708333333333332,0.9553571428571428,0.026127268605367456,2.6912208005528715,1.246105919003111,0.952143011302333,0.9895236553643334,0.03738064406200037,1.619937694704044
loan_application_process_4.json,model_eval_2,10,0.10926212590299267,0.9347472383927491,0.9360478899952583,0.03729493903674854,3.9898421204084342,3.4997120484361632,0.9080680461950561,0.9614264305904421,0.05335838439538598,0.13895139515947622
process_for_optimizing_a_process_137.json,model_eval_2,10,0.19541100192937577,0.8964389472917931,0.8869093610231669,0.06865892933827213,7.659074780909031,6.555041124788182,0.8473233080331082,0.945554586550478,0.09823127851736979,1.0744712692661826
employee_onboarding_process_151.json,model_eval_2,10,0.08386496544391275,0.9654745008519321,0.9812096116443942,0.02982337747279433,3.088986549771979,0.007592953738934495,0.9441401418173987,0.9868088598864655,0.0426687180690668,1.6036441760993267
accounts_receivable_process_26.json,model_eval_2,10,0.0,0.9999999999999998,0.9999999999999999,1.1702778228589004e-16,1.1702778228589007e-14,0.0,0.9999999999999997,0.9999999999999999,2.220446049250313e-16,1.1102230246251569e-14
order_fulfillment_process_64.json,model_eval_2,10,0.09414912712084045,0.9580330338620296,0.9664725209080047,0.029449700937723755,3.0739755203435846,2.077193776374799,0.9369659869174582,0.979100080806601,0.0421340938891428,0.8732257631128664
project_management_process_23.json,model_eval_2,10,0.14885129490392646,0.801781537176274,0.8055555555555555,0.037472694447026396,4.673678890012644,0.0,0.7749751864182651,0.8285878879342828,0.05361270151601771,0.4684988332901155
final_grades_submission_process_42.json,model_eval_2,10,0.08333333333333326,0.9916666666666666,0.9999999999999999,0.026352313834736473,2.6573761850154427,0.0,0.9728153569766815,1.0105179763566516,0.037702619379970104,0.8333333333333306
customer_support_process_for_the_ticket_management_131.json,model_eval_2,10,0.5412698412698412,0.6831306206693204,0.6694444444444444,0.153169560568532,22.42170910424992,13.561913081458835,0.573559717732129,0.7927015236065118,0.2191418058743828,2.0444080667864566
customer_support_process_for_the_ticket_management_48.json,model_eval_2,10,0.1336898395721925,0.9270571258806551,0.9272133095662507,0.03448368121585897,3.719693237145586,1.3136815123358003,0.9023889863795995,0.9517252653817108,0.04933627900211124,0.016844417997905925
startup_due_diligence_for_a_venture_capitalist_0.json,model_eval_2,10,0.0662380608032781,0.9791029162084932,0.9864245092643551,0.02074126587140381,2.118394862076695,1.245477677502973,0.9642655084288109,0.9939403239881756,0.029674815559364687,0.7422355169704881
account_payable_process_3.json,model_eval_2,10,0.15376984126984128,0.9846230158730158,1.0,0.04862629338552568,4.938569645603011,0.0,0.9498378610879243,1.0194081706581073,0.06957030957018295,1.5376984126984183
order_fulfillment_process_175.json,model_eval_2,10,0.06263371844244747,0.984738592601237,0.9999999999999999,0.026383282532640218,2.6792168734798376,0.0,0.9658651292393375,1.0036120559631363,0.03774692672379876,1.5261407398762918
client_onboarding_process_for_a_marketing_agency_5.json,model_eval_2,10,0.16015151515151504,0.975651515151515,0.9999999999999999,0.05443085838995033,5.578924190108742,0.0,0.9367140247043528,1.0145890055986773,0.07787498089432443,2.4348484848484846
order_fulfillment_process_17.json,model_eval_2,10,0.2666666666666666,0.8455950687529636,0.7867472735893788,0.09479788362402353,11.21078955247766,3.778815729998497,0.7777807480311151,0.9134093894748122,0.13562864144369713,7.479885490432451
final_grades_submission_process_126.json,model_eval_2,10,0.16968764249885981,0.9281346788186735,0.9054414577670391,0.05847843902750685,6.300641529948865,3.555941626129253,0.8863017236099621,0.969967634027385,0.08366591041742288,2.506315660385096
content_promotion_process_48.json,model_eval_2,10,0.08333333333333326,0.9708333333333332,0.9999999999999999,0.0395284707521047,4.071602137555849,0.0,0.9425563687983557,0.9991102978683107,0.056553929069955045,2.916666666666668
customer_support_process_for_the_ticket_management_46.json,model_eval_2,10,0.12650103519668732,0.9487012045925087,0.9624242424242424,0.05609519624293778,5.912841258279217,3.904282115869014,0.9085731185683436,0.9888292906166739,0.08025617204833035,1.4258823943551995
client_onboarding_process_for_a_marketing_agency_14.json,model_eval_2,10,0.2562636165577341,0.8577069716775597,0.8333333333333333,0.0800294574404995,9.33062923389472,0.0,0.800457346616413,0.9149565967387064,0.11449925012229345,2.924836601307175
employee_onboarding_process_195.json,model_eval_2,10,0.2662141779788838,0.9256731958202545,0.9722222222222221,0.09974473184036495,10.77537216057979,2.857142857142859,0.8543201130640574,0.9970262785764517,0.14270616551239423,4.7878998584880925
startup_due_diligence_for_a_venture_capitalist_128.json,model_eval_2,10,0.25867779544250113,0.8373903658191584,0.8070175438596491,0.08809645446003771,10.520356819947327,0.0,0.7743699587296402,0.9004107729086765,0.12604081417903634,3.7635888080261526
customer_support_process_for_the_ticket_management_35.json,model_eval_2,10,0.09523809523809523,0.9714285714285713,0.9999999999999999,0.04600437062282361,4.735744034702431,0.0,0.9385190271987005,1.004338115658442,0.0658190884597416,2.8571428571428585
account_payable_process_13.json,model_eval_2,10,0.0,0.9999999999999998,0.9999999999999999,1.1702778228589004e-16,1.1702778228589007e-14,0.0,0.9999999999999997,0.9999999999999999,2.220446049250313e-16,1.1102230246251569e-14
accounts_receivable_process_49.json,model_eval_2,10,0.2598039215686274,0.9190196078431372,0.9722222222222221,0.1004568229590864,10.930868297233639,2.857142857142859,0.8471571257874824,0.990882089898792,0.14372496411130964,5.47226890756302
churn_rate_prevention_process_29.json,model_eval_2,10,0.04607843137254908,0.9953921568627451,1.0,0.014571279414501374,1.4638732397115535,0.0,0.9849684915047533,1.0058158222207367,0.020847330715983436,0.460784313725493
order_fulfillment_process_22.json,model_eval_2,10,0.0730056980056979,0.9707977207977206,0.9999999999999999,0.037699980340575465,3.883402230239762,0.0,0.9438287795061316,0.9977666620893096,0.053937882583178,2.920227920227925
account_payable_process_36.json,model_eval_2,10,0.19643342853257162,0.9302441255342909,0.9522670312143995,0.06770719768244825,7.278433243914359,4.110340152330815,0.8818093140882306,0.9786789369803512,0.09686962289212064,2.3126817329823304
accounts_receivable_process_101.json,model_eval_2,10,0.04310868245294475,0.992180359824881,0.9999999999999999,0.014385427815527251,1.4498803239832592,0.0,0.981889644691701,1.0024710749580608,0.020581430266359724,0.7819640175118938
churn_rate_prevention_process_3.json,model_eval_2,10,0.0,0.9999999999999998,0.9999999999999999,1.1702778228589004e-16,1.1702778228589007e-14,0.0,0.9999999999999997,0.9999999999999999,2.220446049250313e-16,1.1102230246251569e-14
project_management_process_65.json,model_eval_2,10,0.215143715143715,0.870152295152295,0.8333333333333333,0.07549368239556678,8.67591602253417,0.0,0.8161473680934703,0.9241572222111196,0.1080098541176493,4.418275418275406
order_fulfillment_process_2.json,model_eval_2,10,0.12499999999999989,0.9432169011116379,0.9452511722248564,0.05569100806616442,5.904369185977183,5.791987292253766,0.9033779538910393,0.9830558483322366,0.07967789444119733,0.21520958375861282
customer_support_process_for_the_ticket_management_10.json,model_eval_2,10,0.39254385964912275,0.7486460469355206,0.6969696969696969,0.13578554992073957,18.137483057121454,6.568322981366456,0.6515109160686952,0.8457811778023461,0.19427026173365092,7.414432821183402
order_fulfillment_process_90.json,model_eval_2,10,0.13888888888888884,0.9527777777777777,0.9999999999999999,0.06148873228105179,6.453627877894649,0.0,0.9087913885011459,0.9967641670544095,0.08797277855326358,4.722222222222217
employee_onboarding_process_3.json,model_eval_2,10,0.0730056980056979,0.9926994301994301,0.9999999999999999,0.023086428786841764,2.3256212388682216,0.0,0.9761843939325628,1.0092144664662972,0.033030072533734356,0.7300569800569813
account_payable_process_2.json,model_eval_2,10,0.10002415458937186,0.9594910042054726,0.9605598181301506,0.028917939712293585,3.013883359567265,1.9285784019336085,0.93880435632584,0.9801776520851052,0.04137329575926518,0.11126989746026714
loan_application_process_60.json,model_eval_2,10,0.21110712958539035,0.8388288474810214,0.8248534798534799,0.06450252475797756,7.689593050081285,4.986640614013658,0.7926865209428584,0.8849711740191843,0.09228465307632594,1.6942848601455798
loan_application_process_145.json,model_eval_2,10,0.09404761904761894,0.9822619047619046,0.9999999999999999,0.03192139067562152,3.2497840464818903,0.0,0.9594267174939112,1.005097092029898,0.04567037453598688,1.7738095238095335
client_onboarding_process_for_a_marketing_agency_40.json,model_eval_2,10,0.06963869463869454,0.9791083916083915,0.9999999999999999,0.03363868533740551,3.4356446769031255,0.0,0.9550447257445043,1.0031720574722787,0.04812733172777439,2.0891608391608423
churn_rate_prevention_process_48.json,model_eval_2,10,0.0,0.9999999999999998,0.9999999999999999,1.1702778228589004e-16,1.1702778228589007e-14,0.0,0.9999999999999997,0.9999999999999999,2.220446049250313e-16,1.1102230246251569e-14
budget_preparation_process_49.json,model_eval_2,10,0.06759962049335855,0.9797201138519922,0.9999999999999999,0.03265371894895624,3.3329640258757904,0.0,0.9563610504962312,1.0030791772077532,0.04671812671152198,2.027988614800769
content_promotion_process_91.json,model_eval_2,10,0.07714285714285707,0.9922857142857142,0.9999999999999999,0.024394713378441762,2.458436418789121,0.0,0.974834787601271,1.0097366409701576,0.034901853368886626,0.7714285714285675
project_management_process_6.json,model_eval_2,10,0.11904761904761896,0.9216200651200651,0.8826984126984126,0.05588724208197058,6.06402184556277,0.1978061499730232,0.8816407405410731,0.9615993896990571,0.07995864915798401,4.409394178320635
accounts_receivable_process_109.json,model_eval_2,10,0.08639122315592895,0.9850510281632031,0.9999999999999999,0.03198983509843872,3.2475307556492035,0.0,0.9621668787046722,1.007935177621734,0.0457682989170618,1.4948971836796778
order_fulfillment_process_1.json,model_eval_2,10,0.13573232323232332,0.9530303030303029,1.0,0.06421709393047588,6.73820063499429,0.0,0.9070921614057701,0.9989684446548357,0.0918762832490656,4.696969696969711
order_fulfillment_process_143.json,model_eval_2,10,0.08002415458937184,0.9753304442549966,0.9895424836601306,0.03064665775560914,3.142182009812941,1.0568031704095076,0.9534071459846022,0.997253742525391,0.04384659654078882,1.4362232688147354
final_grades_submission_process_96.json,model_eval_2,10,0.0737570621468926,0.97459604519774,0.9916666666666666,0.030218739560515358,3.100642538969481,0.8403361344537785,0.9529788611633965,0.9962132292320836,0.04323436806868708,1.7214072069505786
purchase_order_workflow_74.json,model_eval_2,10,0.06944444444444442,0.9863492063492062,0.9999999999999999,0.028783871176179567,2.9182231800761396,0.0,0.9657584653227562,1.0069399473756562,0.041181482052899954,1.3650793650793693
budget_preparation_process_54.json,model_eval_2,10,0.18505747126436778,0.9509444688873,0.9913793103448275,0.07173303279792013,7.543346130595296,0.8695652173913005,0.8996297484890876,1.0022591892855124,0.10262944079642478,4.078644877454949
loan_application_process_63.json,model_eval_2,9,0.05778378753207125,0.9264102743317082,0.9384502923976608,0.020034641024310275,2.1626099773950394,0.5849112719341705,0.9110102859819114,0.941810262681505,0.030799976699593667,1.2829681191948206
process_for_optimizing_a_process_34.json,model_eval_2,10,0.08333333333333326,0.9749999999999999,0.9999999999999999,0.040253824294970625,4.1285973635867315,0.0,0.9462041487988629,1.003795851201137,0.05759170240227396,2.5000000000000027
purchase_order_workflow_159.json,model_eval_2,10,0.06154970760233913,0.976578947368421,0.9777777777777777,0.022510273581989468,2.3050131935208835,1.1363636363636325,0.9604760677062558,0.9926818270305862,0.03220575932433034,0.12260765550239539
content_promotion_process_153.json,model_eval_2,10,0.04554865424430632,0.9954451345755693,0.9999999999999999,0.014403749176750351,1.4469656514913518,0.0,0.9851413131301117,1.0057489560210269,0.020607642890915212,0.4554865424430622
accounts_receivable_process_144.json,model_eval_2,10,0.22916666666666663,0.8605657006392299,0.8164502980679451,0.09916389688083324,11.523105883394388,5.292804556875733,0.789628122182563,0.9315032790958968,0.14187515691333386,5.403317590266036
customer_support_process_for_the_ticket_management_1.json,model_eval_2,10,0.17500000000000004,0.9824999999999999,1.0,0.055339859052946645,5.632555628798642,0.0,0.9429122496510314,1.0220877503489685,0.0791755006979371,1.750000000000007
employee_onboarding_process_93.json,model_eval_2,10,0.048484848484848464,0.9765842961456996,0.9855950417353926,0.021262667905228655,2.177248598932663,0.8352435239466904,0.9613738998203335,0.9917946924710658,0.030420792650732276,0.9142442086383898
startup_due_diligence_for_a_venture_capitalist_68.json,model_eval_2,10,0.06998910675381254,0.9790032679738561,0.9999999999999999,0.03380795046995897,3.453303127366251,0.0,0.9548185171284568,1.0031880188192555,0.04836950169079868,2.099673202614383
account_payable_process_170.json,model_eval_2,10,0.06845238095238082,0.9763633786848072,0.9789257369614511,0.02584446005453165,2.6470124360199754,2.152794869196358,0.957875365703715,0.9948513916658993,0.0369760259621843,0.26175205941539925
customer_support_process_for_the_ticket_management_22.json,model_eval_2,9,0.27369852369852365,0.9557119935168714,0.9999999999999999,0.09057434120221877,9.477158580894155,0.0,0.886090391731635,1.0253335953021079,0.13924320357047293,4.428800648312848
loan_application_process_13.json,model_eval_2,9,0.10909090909090902,0.9355044099626143,0.920751633986928,0.03392885900972147,3.626798403983726,1.6377234123462994,0.9094243802362221,0.9615844396890065,0.05216005945278446,1.6022535753540346
customer_support_process_for_the_ticket_management_152.json,model_eval_2,10,0.5694444444444444,0.7437100080473454,0.7905598525984088,0.17346526407284338,23.324314880242998,13.188998458433767,0.619620433446812,0.8677995826478789,0.24817914920106698,5.926160352954614
purchase_order_workflow_35.json,model_eval_2,10,0.2222222222222222,0.8638888888888887,0.8055555555555555,0.1009641449891406,11.68716790871081,3.4482758620689675,0.7916634905154835,0.936114287262294,0.1444507967468105,7.241379310344817
churn_rate_prevention_process_76.json,model_eval_2,10,0.05396825396825389,0.9864659197012136,0.9999999999999999,0.022360025084227488,2.2666799366976633,0.0,0.9704705213395342,1.002461318062893,0.031990796723358805,1.3534080298786335
client_onboarding_process_for_a_marketing_agency_6.json,model_eval_2,10,0.0625,0.99375,1.0,0.01976423537605237,1.9888538743197355,0.0,0.9796115177325112,1.0078884822674887,0.028276964534977522,0.6249999999999978
client_onboarding_process_for_a_marketing_agency_66.json,model_eval_2,10,0.04166666666666663,0.9958333333333332,0.9999999999999999,0.013176156917368237,1.3231287281039235,0.0,0.9864076784883408,1.0052589881783258,0.018851309689985052,0.4166666666666653
accounts_receivable_process_60.json,model_eval_2,10,0.2625598086124401,0.8715381367858148,0.8039215686274509,0.1042875391793228,11.965918045070243,4.134817364920058,0.7969353254272,0.9461409481444296,0.1492056227172296,8.410841405064781
employee_onboarding_process_14.json,model_eval_2,10,0.019883040935672502,0.996345029239766,0.9999999999999999,0.006671965337280627,0.6696440631988188,0.0,0.9915721927593454,1.0011178657201865,0.009545672960841078,0.36549707602339115
process_for_optimizing_a_process_6.json,model_eval_2,10,0.1150641025641026,0.9884935897435897,1.0,0.03638646410257848,3.6810015239468523,0.0,0.9624642813639565,1.0145228981232228,0.052058616759266374,1.1506410256410304
content_promotion_process_13.json,model_eval_2,10,0.0,0.9999999999999998,0.9999999999999999,1.1702778228589004e-16,1.1702778228589007e-14,0.0,0.9999999999999997,0.9999999999999999,2.220446049250313e-16,1.1102230246251569e-14
client_onboarding_process_for_a_marketing_agency_64.json,model_eval_2,10,0.08218954248366006,0.9623546388252271,0.9593253968253967,0.03724921489654227,3.870632861708176,4.106420983359968,0.9357081557070003,0.9890011219434539,0.05329296623645363,0.31576793545284265
client_onboarding_process_for_a_marketing_agency_180.json,model_eval_2,9,0.0647243107769423,0.9851757772810402,0.9999999999999999,0.02321841779339543,2.356779199086209,0.0,0.9673285214662176,1.003023033095863,0.03569451162964532,1.482422271895967
accounts_receivable_process_2.json,model_eval_2,10,0.06893772893772876,0.993106227106227,0.9999999999999999,0.02180002401625229,2.1951351649233453,0.0,0.9775114293758745,1.0087010248365793,0.031189595460704767,0.689377289377291
account_payable_process_171.json,model_eval_2,10,0.07887299063769648,0.962039576164963,0.9713349713349713,0.02361454882863855,2.4546338231504636,1.5141933670601475,0.945146745579015,0.9789324067509111,0.033785661171896075,0.9569711216340666
churn_rate_prevention_process_23.json,model_eval_2,7,0.10139860139860135,0.9765645313391277,0.9864245092643551,0.03620685423573933,3.7075741616470723,1.376232099683834,0.943078776139233,1.0100502865390224,0.06697151039978944,0.9995674106456135
final_grades_submission_process_43.json,model_eval_2,10,0.05555555555555547,0.9833333333333332,0.9999999999999999,0.026835882863313735,2.7290728335573293,0.0,0.9641360991992419,1.0025305674674245,0.0383944682681826,1.6666666666666723
budget_preparation_process_2.json,model_eval_2,10,0.2528735632183907,0.8281061850027365,0.8333333333333333,0.07555287918329673,9.12357383045594,2.380952380952386,0.7740589111129978,0.8821534588924751,0.10809454777947725,0.6272577996716145
startup_due_diligence_for_a_venture_capitalist_187.json,model_eval_2,10,0.05129687372268743,0.9873243975723224,0.9968354430379747,0.0191619063454834,1.940791333891835,0.3174603174603136,0.9736167955365177,1.001031999608127,0.027415204071609245,0.9541239260781346
customer_support_process_for_the_ticket_management_54.json,model_eval_2,10,0.3392857142857142,0.7622874622066046,0.7472943722943722,0.12658945144456343,16.6065241422341,15.64719643775741,0.671730823892698,0.8528441005205112,0.18111327662781318,2.0063164487911225
project_management_process_3.json,model_eval_2,10,0.025000000000000022,0.9974999999999999,0.9999999999999999,0.007905694150420955,0.7925507920221508,0.0,0.9918446070930044,1.0031553929069954,0.011310785813991031,0.24999999999999473
project_management_process_53.json,model_eval_2,10,0.07846153846153836,0.9776399334418201,0.9874042309891367,0.027870761598095598,2.8508207004163055,1.2756446261370953,0.9577023916579605,0.9975774752256797,0.039875083567719294,0.988885528425894
purchase_order_workflow_20.json,model_eval_2,10,0.051851851851851816,0.9775783475783475,0.9715099715099714,0.020873707168819904,2.135246471091361,1.715542521994135,0.9626461970019228,0.9925104981547722,0.029864301152849437,0.6246334310850441
employee_onboarding_process_51.json,model_eval_2,10,0.05980725623582761,0.9940192743764171,0.9999999999999999,0.018912715031052366,1.9026507351094342,0.0,0.9804899330682986,1.0075486156845357,0.027058682616237117,0.5980725623582762
loan_application_process_6.json,model_eval_2,10,0.1269889840881272,0.9391086507671575,0.9384502923976608,0.038216694303114494,4.069464621787403,2.8084238553158962,0.9117700745740548,0.9664472269602603,0.05467715238620552,0.07015378170054616
final_grades_submission_process_81.json,model_eval_2,10,0.08272946859903374,0.7691381203337725,0.7510869565217391,0.03643248443656565,4.736793493053697,2.958675028139562,0.7430758909904065,0.7952003496771385,0.05212445868673199,2.4033387419784007
project_management_process_45.json,model_eval_2,10,0.056930415263748535,0.9870324590938626,0.9956140350877192,0.0189180036034406,1.9166546580249368,0.4405286343612349,0.9734993345689634,1.0005655836187617,0.027066249049798263,0.8619380293388968
startup_due_diligence_for_a_venture_capitalist_92.json,model_eval_2,10,0.1774509803921568,0.9484598333757225,0.9767222831161451,0.07069236181333077,7.453384879961146,2.383248266804086,0.8978895641531794,0.9990301025982655,0.10114053844508608,2.893601408401758
purchase_order_workflow_1.json,model_eval_2,10,0.13573232323232332,0.924671717171717,0.9181818181818182,0.04588149034695756,4.961922106506593,3.712871287128709,0.8918500761957946,0.9574933581476395,0.06564328195184488,0.7068206820681887
budget_preparation_process_162.json,model_eval_2,10,0.060405643738977055,0.9637566137566136,0.9395943562610228,0.03119334029573286,3.2366408541825478,0.0,0.9414422423557681,0.9860709851574591,0.044628742801690935,2.57156264664476
churn_rate_prevention_process_55.json,model_eval_2,10,0.0,0.9999999999999998,0.9999999999999999,1.1702778228589004e-16,1.1702778228589007e-14,0.0,0.9999999999999997,0.9999999999999999,2.220446049250313e-16,1.1102230246251569e-14
employee_onboarding_process_4.json,model_eval_2,10,0.13573232323232332,0.9864267676767676,1.0,0.042922329352032954,4.351294060391693,0.0,0.9557219829544434,1.0171315523990918,0.06140956944464837,1.3573232323232376
loan_application_process_14.json,model_eval_2,10,0.14047619047619042,0.8922868797868799,0.8763111888111889,0.040570002174671875,4.546744224723096,0.0,0.8632648485559835,0.9213089110177763,0.058044062461792834,1.8230613941337241
startup_due_diligence_for_a_venture_capitalist_5.json,model_eval_2,10,0.12368881118881114,0.9505244755244755,1.0,0.06387262744619455,6.719724645801597,0.0,0.9048327503783488,0.9962162006706022,0.09138345029225348,4.94755244755245
accounts_receivable_process_0.json,model_eval_2,10,0.07522429261559693,0.9800217346123914,0.9999999999999999,0.029488284556824288,3.0089418954047185,0.0,0.958927086609439,1.0011163826153437,0.04218929600590471,1.99782653876085
churn_rate_prevention_process_34.json,model_eval_2,10,0.011627906976744207,0.9988372093023254,0.9999999999999999,0.0036770670467074244,0.3681347683548761,0.0,0.9962067939967462,1.0014676246079048,0.005260830611158673,0.11627906976744432
budget_preparation_process_83.json,model_eval_2,10,0.07894736842105265,0.9921052631578947,1.0,0.02496534994869774,2.516401321088897,0.0,0.9742461276621194,1.00996439865367,0.03571827099155056,0.7894736842105288
client_onboarding_process_for_a_marketing_agency_172.json,text_eval_1,10,0.04714316129684448,0.8465537905693055,0.8432045578956604,0.015744606265506823,1.859847116734143,0.9316568439468778,0.8352907777454862,0.8578168033931247,0.022526025647638503,0.3972028664080708
content_promotion_process_2.json,text_eval_1,10,0.05609065294265747,0.8733908474445343,0.8778471350669861,0.01787361608925275,2.0464624905962085,1.44387859963901,0.860604832740419,0.8861768621486497,0.025572029408230668,0.5076382258867557
process_for_optimizing_a_process_9.json,text_eval_1,10,0.050021231174468994,0.8673680067062378,0.8683797121047974,0.016319418872906676,1.8814872979784434,1.6137730580436782,0.855693797714076,0.8790422156983996,0.023348417984323522,0.1165049556613149
order_fulfillment_process_7.json,text_eval_1,10,0.05906379222869873,0.8563612639904022,0.8583707809448242,0.015732188764865065,1.837097195587467,0.9388085831388109,0.8451071341114219,0.8676153938693826,0.02250825975796067,0.234108266384611
purchase_order_workflow_81.json,text_eval_1,10,0.03600597381591797,0.7977798700332641,0.7977240681648254,0.01048512843299605,1.3142884180016805,0.9149675770826495,0.790279260998731,0.8052804790677972,0.01500121806906618,0.006995134115365131
churn_rate_prevention_process_27.json,text_eval_1,10,0.02501469850540161,0.7785671055316925,0.7792038917541504,0.008341346612572128,1.0713715687841352,1.030026148806475,0.772600065627294,0.784534145436091,0.011934079808797016,0.08172266966279483
startup_due_diligence_for_a_venture_capitalist_7.json,text_eval_1,10,0.06285291910171509,0.7395194411277771,0.7336276769638062,0.019585083548403097,2.6483527625096075,1.2666402886523895,0.7255091163574146,0.7535297658981397,0.02802064954072514,0.8031000395670245
project_management_process_81.json,text_eval_1,10,0.040078699588775635,0.7726698577404022,0.7719174325466156,0.013239332216366518,1.7134526581745608,1.321986339578733,0.7631990100089845,0.7821407054718199,0.018941695462835417,0.09747482853241049
content_promotion_process_0.json,text_eval_1,10,0.026585698127746582,0.894959419965744,0.8926074206829071,0.008273192075818616,0.924420916887526,0.6936511330948433,0.8890411348798853,0.9008777050516027,0.011836570171717353,0.26349761701930174
final_grades_submission_process_0.json,text_eval_1,10,0.024858295917510986,0.9028479933738709,0.9013133645057678,0.008041927682046939,0.8907288647776573,0.48599582753833953,0.8970951448692019,0.9086008418785398,0.0115056970093379,0.17026585076152514
account_payable_process_122.json,text_eval_1,10,0.031778693199157715,0.8651760220527649,0.86676424741745,0.009548410480898311,1.1036378999782286,0.4183362397641407,0.8583455006742116,0.8720065434313182,0.013661042757106667,0.18323614170949293
client_onboarding_process_for_a_marketing_agency_173.json,text_eval_1,10,0.0410575270652771,0.8102704346179962,0.8132318556308746,0.014117453703818563,1.742313812853639,1.5019166444984235,0.8001714166162485,0.8203694526197439,0.020198036003495456,0.3641545756444921
loan_application_process_79.json,text_eval_1,10,0.041721880435943604,0.8506574928760529,0.8547356128692627,0.01215996669523958,1.429478585338386,0.8899459724224767,0.8419587767242399,0.8593562090278658,0.017397432303625893,0.47712063611342864
content_promotion_process_129.json,text_eval_1,10,0.06626534461975098,0.8576683044433594,0.8571487069129944,0.02120899340686838,2.472866642848993,1.646551676779966,0.8424963045410698,0.872840304345649,0.030343999804579136,0.06061929816546461
employee_onboarding_process_11.json,text_eval_1,10,0.02476656436920166,0.817937833070755,0.8193540275096893,0.008547559945653435,1.0450133983365992,0.7327075997894588,0.8118232770344336,0.8240523891070763,0.012229112072642767,0.17284279949641468
process_for_optimizing_a_process_185.json,text_eval_1,10,0.032951951026916504,0.8772211134433746,0.8762168288230896,0.011078159917157257,1.262869731175521,0.9670841337891098,0.8692962752411888,0.8851459516455604,0.015849676404371627,0.11461599312511943
project_management_process_8.json,text_eval_1,10,0.0388450026512146,0.7837733626365662,0.7806499302387238,0.011211024631827713,1.4303911266025302,1.02068525305062,0.775753478743181,0.7917932465299513,0.016039767786770298,0.4001066645695155
loan_application_process_48.json,text_eval_1,10,0.01814800500869751,0.8966373920440673,0.8947286009788513,0.0070156403209096635,0.7824389639736175,0.6287332902317658,0.8916187052906983,0.9016560787974364,0.010037373506738057,0.21333743697561067
loan_application_process_72.json,text_eval_1,10,0.047293782234191895,0.8535401165485382,0.8568176627159119,0.012986882850463866,1.5215316302857502,0.670274083192261,0.8442498602144269,0.8628303728826495,0.018580512668222582,0.3825255138864177
project_management_process_44.json,text_eval_1,10,0.0427091121673584,0.7859202444553375,0.7859360873699188,0.015144928654709596,1.927031242871904,1.6455632507331077,0.775086215151758,0.7967542737589169,0.021668058607158924,0.002015801899917901
process_for_optimizing_a_process_92.json,text_eval_1,10,0.018292486667633057,0.8788878083229065,0.8785050511360168,0.005217007310124855,0.5935919534576258,0.22593321102182262,0.8751557861151092,0.8826198305307037,0.007464044415594451,0.04356915038731688
content_promotion_process_199.json,text_eval_1,10,0.049758732318878174,0.8764313340187073,0.879745364189148,0.014261239369632472,1.6271941470006899,0.6298240381666863,0.86622945794794,0.8866332100894746,0.02040375214153456,0.3767033400051089
project_management_process_2.json,text_eval_1,10,0.03678083419799805,0.7752737164497375,0.7740093469619751,0.010074480743625656,1.2994740476641458,0.531664700661234,0.7680668670757165,0.7824805658237586,0.014413698748042103,0.1633532582939911
startup_due_diligence_for_a_venture_capitalist_186.json,text_eval_1,10,0.01651400327682495,0.723846036195755,0.7235053777694702,0.005965139758756922,0.8240895798928883,0.7057887172335477,0.7195788322742481,0.728113240117262,0.008534407843013847,0.047084435963014794
startup_due_diligence_for_a_venture_capitalist_45.json,text_eval_1,10,0.02172309160232544,0.7445137143135071,0.7462189495563507,0.0063016160251845605,0.8464069773375611,0.576585610428679,0.740005809771116,0.7490216188558982,0.009015809084782278,0.22851674349162787
employee_onboarding_process_19.json,text_eval_1,10,0.06971848011016846,0.7764414250850677,0.7797388136386871,0.023637924793649647,3.044392536250864,2.2360146176611995,0.7595318723411153,0.7933509778290202,0.0338191054879049,0.42288372669714475
content_promotion_process_109.json,text_eval_1,10,0.06579703092575073,0.882856035232544,0.8865403532981873,0.01964941527053335,2.225664716145674,1.262915516732612,0.8687996903204825,0.8969123801446054,0.02811268982412285,0.41558379739134904
final_grades_submission_process_68.json,text_eval_1,10,0.023417115211486816,0.8859318137168884,0.885818600654602,0.006912068781423373,0.780203247519026,0.3956984356296139,0.880987217579553,0.8908764098542239,0.009889192274670888,0.012780614699526177
content_promotion_process_96.json,text_eval_1,10,0.04139810800552368,0.8670191705226898,0.8642363250255585,0.016397617227178196,1.8912635135037155,1.8941679940993743,0.8552890217977643,0.8787493192476153,0.02346029744985101,0.322000524225717
purchase_order_workflow_169.json,text_eval_1,10,0.03749954700469971,0.8359494090080262,0.8354901671409607,0.011340217748098841,1.3565674699807055,0.9803813158392058,0.8278371059267126,0.8440617120893398,0.01622460616262722,0.05496675905079713
account_payable_process_45.json,text_eval_1,10,0.014111101627349854,0.8479164242744446,0.8475136756896973,0.004898832300449154,0.5777494290950957,0.5394150891910215,0.8444120107571261,0.851420837791763,0.0070088270346369,0.04752119007632084
final_grades_submission_process_6.json,text_eval_1,10,0.017354905605316162,0.9028885185718536,0.9011116921901703,0.005103551125718588,0.5652470953768627,0.262641340500394,0.8992376580290964,0.9065393791146108,0.007301721085514412,0.19718159214699485
budget_preparation_process_33.json,text_eval_1,10,0.04639941453933716,0.8386619448661804,0.8397371470928192,0.013663448222548882,1.6291961625526084,1.044444096641849,0.8288877028208075,0.8484361869115533,0.019548484090745832,0.1280403314729115
process_for_optimizing_a_process_37.json,text_eval_1,10,0.050224483013153076,0.8604335904121398,0.8639356195926666,0.015863099885877883,1.8436169929488229,1.2186815567037128,0.8490858123586746,0.871781368465605,0.022695556106930415,0.40535765641633514
budget_preparation_process_16.json,text_eval_1,10,0.08518838882446289,0.830432802438736,0.8362568914890289,0.025199493944153998,3.034501270921684,1.4757489497997605,0.8124061704188195,0.8484594344586525,0.036053264039833,0.6964473608011368
process_for_optimizing_a_process_99.json,text_eval_1,10,0.054195523262023926,0.8717717409133912,0.86097651720047,0.018858650060029087,2.163255491657725,0.8085684048413583,0.8582810753556652,0.8852624064711171,0.026981331115451868,1.253834860446911
customer_support_process_for_the_ticket_management_25.json,text_eval_1,10,0.029652655124664307,0.8125322997570038,0.8109804689884186,0.008396282192078356,1.0333474982581434,0.5053177112485236,0.8065259613064221,0.8185386382075855,0.012012676901163477,0.1913524219049212
process_for_optimizing_a_process_27.json,text_eval_1,10,0.05552816390991211,0.8482494175434112,0.8479970097541809,0.016142405381411644,1.9030258138179643,0.875130007818217,0.8367018363748404,0.859796998711982,0.023095162337141595,0.02976517444365408
accounts_receivable_process_41.json,text_eval_1,10,0.023667335510253906,0.8453541040420532,0.8441640734672546,0.008491973711890938,1.0045463399641215,0.951490754991113,0.8392793120019307,0.8514288960821758,0.012149584080245024,0.1409714784367411
budget_preparation_process_19.json,text_eval_1,10,0.026006340980529785,0.815119057893753,0.8148326873779297,0.008781699774353693,1.0773517916567161,0.6707704052133977,0.8088370083140081,0.821401107473498,0.012564099159489972,0.03514470151472237
purchase_order_workflow_190.json,text_eval_1,10,0.06218898296356201,0.8164545893669128,0.8123165667057037,0.01871568057221378,2.292311270701058,0.6495291582242845,0.8030661980196387,0.8298429807141869,0.026776782694548196,0.5094101032545212
budget_preparation_process_73.json,text_eval_1,10,0.0734681487083435,0.7958129942417145,0.795992523431778,0.02056570329909639,2.5842381876023897,1.5962812941832474,0.7811011763605622,0.8105248121228668,0.029423635762304556,0.022554130193267255
startup_due_diligence_for_a_venture_capitalist_178.json,text_eval_1,10,0.047904908657073975,0.7240961730480194,0.7259646654129028,0.015029924447049784,2.075680690837328,0.9766893443547632,0.713344412798605,0.7348479332974338,0.021503520498828754,0.2573806211106251
purchase_order_workflow_4.json,text_eval_1,10,0.021448075771331787,0.8202504634857177,0.8187740445137024,0.008079039574840782,0.9849478829317913,0.7076747198336375,0.8144710667322451,0.8260298602391903,0.01155879350694522,0.18032068577506405
account_payable_process_179.json,text_eval_1,10,0.03439873456954956,0.8805354177951813,0.879975289106369,0.010667211876953983,1.2114460885246585,0.8575351073596159,0.87290455411155,0.8881662814788126,0.015261727367262612,0.06365277477065281
churn_rate_prevention_process_14.json,text_eval_1,10,0.023184359073638916,0.7692934036254883,0.7705709338188171,0.008730835194701846,1.1349161650880657,0.9374317133268899,0.7630477403740665,0.77553906687691,0.012491326502843458,0.1657900833343998
final_grades_submission_process_63.json,text_eval_1,10,0.027281343936920166,0.9025618612766266,0.9054432511329651,0.008579135255229527,0.9505315506124742,0.7260768133800835,0.8964247176245418,0.9086990049287115,0.012274287304169684,0.3182297568326921
final_grades_submission_process_1.json,text_eval_1,10,0.03460019826889038,0.9254766166210174,0.9272679686546326,0.012401201862987859,1.33998003193917,1.19635083298649,0.9166053312259927,0.9343479020160421,0.017742570790049372,0.19318601463330995
purchase_order_workflow_16.json,text_eval_1,10,0.03107374906539917,0.816338187456131,0.8152983486652374,0.009636518358272365,1.1804566423998413,0.4920774388213156,0.8094446374990277,0.8232317374132342,0.013787099914206458,0.12754089255741785
employee_onboarding_process_43.json,text_eval_1,10,0.04163718223571777,0.8076485157012939,0.8013403713703156,0.01448451867486474,1.793418596490282,0.5237104710965694,0.7972869152375683,0.8180101161650195,0.02072320092745117,0.7871991174226328
churn_rate_prevention_process_102.json,text_eval_1,10,0.024837970733642578,0.7763522088527679,0.7758575081825256,0.007300920700903514,0.9404134641018462,0.5565030968993823,0.7711294448094324,0.7815749728961034,0.010445528086671096,0.06376179453378229
order_fulfillment_process_40.json,text_eval_1,10,0.03703993558883667,0.8456038713455201,0.8425672948360443,0.01181871774729782,1.3976659932377016,1.0943069306317832,0.8371492699852725,0.8540584727057676,0.01690920272049512,0.36039572483841087
process_for_optimizing_a_process_0.json,text_eval_1,10,0.016735613346099854,0.870754998922348,0.8672709167003632,0.006219985641998486,0.7143209800341521,0.31940377686744714,0.866305489238306,0.87520450860639,0.008899019368084016,0.4017293967657108
budget_preparation_process_10.json,text_eval_1,10,0.0689542293548584,0.850557678937912,0.8528583645820618,0.0207396623872412,2.438360489924532,1.6119164510211317,0.835721418221699,0.865393939654125,0.029672521432426047,0.2697617493940152
accounts_receivable_process_43.json,text_eval_1,10,0.0649842619895935,0.8172733306884765,0.8125885426998138,0.019434154597628837,2.377925948135047,0.9218898577041905,0.8033709739853612,0.8311756873915919,0.027804713406230697,0.5765264635774379
account_payable_process_32.json,text_eval_1,10,0.03525036573410034,0.8705868184566498,0.8686566054821014,0.010830335900709686,1.2440270942660698,0.707602929247701,0.862839262876095,0.8783343740372045,0.015495111161109465,0.2222066766506721
client_onboarding_process_for_a_marketing_agency_102.json,text_eval_1,10,0.06662017107009888,0.7881265103816986,0.7884101867675781,0.017207422898005906,2.183332583200653,0.8144313046444452,0.7758170615776523,0.8004359591857448,0.02461889760809255,0.035980811846510086
loan_application_process_4.json,text_eval_1,10,0.03687530755996704,0.8360161244869232,0.8349926173686981,0.012481744505067656,1.4930028428252993,1.1884057733069695,0.8270872223566617,0.8449450266171847,0.01785780426052308,0.12257678654099252
process_for_optimizing_a_process_137.json,text_eval_1,10,0.022202491760253906,0.8999034643173218,0.8974532186985016,0.007499422853136375,0.8333585935048636,0.3270655754673489,0.8945387003885364,0.9052682282461072,0.010729527857570753,0.2730220993996337
employee_onboarding_process_151.json,text_eval_1,10,0.03868025541305542,0.8257734537124634,0.8260717391967773,0.011916312330301371,1.4430486081538128,0.9390668310630698,0.8172490373932789,0.8342978700316478,0.01704883263836887,0.03610890799920379
accounts_receivable_process_26.json,text_eval_1,10,0.01949077844619751,0.8512993931770325,0.8494395315647125,0.006499453164969989,0.7634744271006888,0.7096825779359894,0.8466499644704384,0.8559488218836266,0.009298857413188255,0.218951619651375
order_fulfillment_process_64.json,text_eval_1,10,0.029538631439208984,0.8246978521347046,0.818895548582077,0.011190335497190835,1.3569012539835046,0.6135366749067195,0.8166927683566605,0.8327029359127487,0.016010167556088195,0.7085523376789983
project_management_process_23.json,text_eval_1,10,0.04019647836685181,0.8095177710056305,0.811505913734436,0.013037053329656538,1.6104715420220048,1.1841333077729326,0.8001916248727529,0.8188439171385081,0.018652292265755266,0.24499423789241273
final_grades_submission_process_42.json,text_eval_1,10,0.02045983076095581,0.9140111565589905,0.9141119122505188,0.0069190124909802265,0.7569943147114826,0.45914083446588944,0.9090615931910705,0.9189607199269104,0.009899126735839925,0.011022249046102542
customer_support_process_for_the_ticket_management_131.json,text_eval_1,10,0.02408963441848755,0.862289023399353,0.8626912236213684,0.006855425899129395,0.7950264601657157,0.3903843402143647,0.8573849471390406,0.8671930996596654,0.009808152520624835,0.0466215733976157
customer_support_process_for_the_ticket_management_48.json,text_eval_1,10,0.04037892818450928,0.7913485050201416,0.785298228263855,0.014200461564648107,1.79446368756161,0.8677151885850283,0.7811901067718996,0.8015069032683837,0.020316796496484102,0.7704431945125709
startup_due_diligence_for_a_venture_capitalist_0.json,text_eval_1,10,0.05114448070526123,0.781602817773819,0.7802635729312897,0.012789786102139976,1.6363536327271913,0.34188904516242336,0.7724535559597655,0.7907520795878725,0.018298523628107022,0.17164005715377356
account_payable_process_3.json,text_eval_1,10,0.032016754150390625,0.8250014185905457,0.8246171474456787,0.010199659337275069,1.2363202180549504,0.5195565090301401,0.8177050218450778,0.8322978153360135,0.014592793490935785,0.04659994593336504
order_fulfillment_process_175.json,text_eval_1,10,0.05051696300506592,0.8069175362586976,0.8102616369724274,0.01531333939912775,1.8977576655637707,1.0477908364204638,0.7959630331660589,0.8178720393513362,0.021909006185277358,0.41271862829704864
client_onboarding_process_for_a_marketing_agency_5.json,text_eval_1,10,0.022590041160583496,0.7642805755138398,0.7646557688713074,0.006816292447072698,0.8918573447310211,0.529344338264038,0.7594044936387107,0.7691566573889689,0.009752163750258225,0.049066962251709964
order_fulfillment_process_17.json,text_eval_1,10,0.03697091341018677,0.8341135561466217,0.8312923014163971,0.012850571239592998,1.5406261107851011,1.2890439403157885,0.8249208112647108,0.8433063010285327,0.018385489763821816,0.33938179451652084
final_grades_submission_process_126.json,text_eval_1,10,0.023725450038909912,0.9147420287132263,0.9171033799648285,0.007074523941842418,0.7733900618728756,0.34380919070858584,0.9096812191549745,0.9198028382714781,0.010121619116503666,0.25747928785223256
content_promotion_process_48.json,text_eval_1,10,0.03417849540710449,0.8737777352333069,0.8769118189811707,0.011641321662047966,1.3322978135783723,0.8293185647579866,0.865450035387735,0.8821054350788788,0.016655399691143824,0.35740010341119843
customer_support_process_for_the_ticket_management_46.json,text_eval_1,10,0.04884469509124756,0.8072449207305908,0.8086625635623932,0.0176342516942944,2.1844983153730664,1.9164182134193464,0.7946301369994524,0.8198597044617293,0.02522956746227689,0.17530709293097704
client_onboarding_process_for_a_marketing_agency_14.json,text_eval_1,10,0.020592570304870605,0.7500359177589416,0.7496023178100586,0.006151395206804589,0.8201467504629053,0.5072700584594442,0.7456354747163991,0.7544363608014841,0.008800886085085002,0.05784399788807805
employee_onboarding_process_195.json,text_eval_1,10,0.0377354621887207,0.7573810040950775,0.7560316920280457,0.012054070497602152,1.5915464518422158,1.1952201286223776,0.7487580415195605,0.7660039666705944,0.01724592515103396,0.17847295044104608
startup_due_diligence_for_a_venture_capitalist_128.json,text_eval_1,10,0.05178976058959961,0.7187700986862182,0.7149139046669006,0.018738625587515354,2.60704022353826,2.059142431820541,0.7053652934637905,0.7321749039086459,0.026809610444855414,0.5393927848017303
customer_support_process_for_the_ticket_management_35.json,text_eval_1,10,0.038819193840026855,0.8029178857803345,0.8034286499023438,0.011531082687516828,1.436147194094459,1.0404846069112215,0.7946690461465006,0.8111667254141685,0.016497679267667875,0.06357305307338941
account_payable_process_13.json,text_eval_1,10,0.021727442741394043,0.9044812679290771,0.9041212201118469,0.007646097971753992,0.8453572498257136,0.6695295035407598,0.8990115789412546,0.9099509569168996,0.010939377975645037,0.03982295838445885
accounts_receivable_process_49.json,text_eval_1,10,0.019443213939666748,0.8514242947101593,0.8509683907032013,0.005852627517683993,0.6873925907501073,0.5017097397432163,0.8472375771973102,0.8556110122230085,0.008373435025698317,0.05357472873714075
churn_rate_prevention_process_29.json,text_eval_1,10,0.012569904327392578,0.715306431055069,0.715552806854248,0.004245725966218087,0.5935534453333082,0.5320540202302644,0.7122692216642759,0.7183436404458621,0.0060744187815862105,0.03443153277005617
order_fulfillment_process_22.json,text_eval_1,10,0.04802578687667847,0.8208507299423218,0.8265970349311829,0.01579326715735911,1.9240120744570512,0.9462253272768952,0.8095529072134653,0.8321485526711783,0.022595645457712976,0.6951760950049239
account_payable_process_36.json,text_eval_1,10,0.024752557277679443,0.91682009100914,0.9186906516551971,0.006912089464964225,0.7539199383552031,0.35551641994264416,0.9118754800756907,0.9217647019425892,0.009889221866898446,0.20361159033097814
accounts_receivable_process_101.json,text_eval_1,10,0.05341756343841553,0.8462988197803497,0.8467087149620056,0.015615158311281782,1.8451116728881383,0.8827514014902064,0.835128408444549,0.8574692311161504,0.022340822671601313,0.04841041250819052
churn_rate_prevention_process_3.json,text_eval_1,10,0.027398228645324707,0.7487546861171722,0.7521012425422668,0.009923384888712621,1.3253185686452875,1.1455310657294464,0.7416559242064267,0.7558534480279178,0.014197523821491087,0.44496089566113906
project_management_process_65.json,text_eval_1,10,0.04553455114364624,0.8106451213359833,0.805471271276474,0.015017957925130722,1.8525933888777844,1.1855938390205012,0.7999019214206642,0.8213883212513025,0.02148639983063827,0.6423382489247619
order_fulfillment_process_2.json,text_eval_1,10,0.036484479904174805,0.8205691456794739,0.8174300193786621,0.014058168820839278,1.7132217187130994,1.813663939566289,0.8105125375281851,0.8306257538307628,0.020113216302577674,0.3840238584824543
customer_support_process_for_the_ticket_management_10.json,text_eval_1,10,0.05711930990219116,0.7416416823863983,0.7428657114505768,0.016286664759873178,2.196028775980765,0.8453073337356639,0.729990904275194,0.7532924604976026,0.023301556222408593,0.1647712426770079
order_fulfillment_process_90.json,text_eval_1,10,0.028071582317352295,0.8341983497142792,0.8341176509857178,0.008011193669711767,0.9603463819432964,0.48865699235367405,0.8284674869975824,0.839929212430976,0.011461725433393521,0.00967474174249375
employee_onboarding_process_3.json,text_eval_1,10,0.06965070962905884,0.8023585498332977,0.808942973613739,0.01999682532191833,2.4922555291612434,1.1697922996422512,0.7880536827417743,0.816663416924821,0.028609734183046687,0.8139540110011902
account_payable_process_2.json,text_eval_1,10,0.05261355638504028,0.87578085064888,0.878820151090622,0.014340771234841945,1.6374839920531077,0.6669218864383246,0.8655220809090903,0.8860396203886697,0.02051753947957935,0.3458387291154112
loan_application_process_60.json,text_eval_1,10,0.045138657093048096,0.8178367376327514,0.814193606376648,0.013867994332402038,1.6956922689170568,0.8885678682028612,0.8079161721151056,0.8277573031503973,0.019841131035291726,0.44745269768406554
loan_application_process_145.json,text_eval_1,10,0.03320634365081787,0.8735143125057221,0.873699814081192,0.009001392467838622,1.0304802496043426,0.240076399294718,0.8670751042405014,0.8799535207709428,0.012878416530441417,0.02123172884785435
client_onboarding_process_for_a_marketing_agency_40.json,text_eval_1,10,0.03169435262680054,0.8010120689868927,0.8007847964763641,0.008973665227724689,1.1202908888844132,0.3753161672220407,0.7945926955943711,0.8074314423794143,0.012838746785043265,0.028381221962331876
churn_rate_prevention_process_48.json,text_eval_1,10,0.031906306743621826,0.7368276417255402,0.7391570806503296,0.009624585785633022,1.3062194250874846,0.8150473050636731,0.7299426278166805,0.7437126556343998,0.0137700278177193,0.31514802276397436
budget_preparation_process_49.json,text_eval_1,10,0.048181772232055664,0.7794564962387085,0.7813467383384705,0.014416286061338412,1.8495305550604362,1.150560961880407,0.7691437064462814,0.7897692860311356,0.020625579584854226,0.2419210328799161
content_promotion_process_91.json,text_eval_1,10,0.03752416372299194,0.8976373493671417,0.8948812186717987,0.013299316970866854,1.4815913108164704,1.4171669708738712,0.8881235911273392,0.9071511076069442,0.01902751647960499,0.30798843889401095
project_management_process_6.json,text_eval_1,10,0.04285651445388794,0.7976720809936524,0.7983202934265137,0.01518069217320726,1.9031244210398863,1.752222256732921,0.7868124680101337,0.8085316939771711,0.021719225967037348,0.08119703810597825
accounts_receivable_process_109.json,text_eval_1,10,0.03303825855255127,0.8350594580173493,0.8327281773090363,0.0098682182105804,1.1817383918996793,0.9644681514069945,0.8280001599707851,0.8421187560639134,0.014118596093128266,0.2799569861856424
order_fulfillment_process_1.json,text_eval_1,10,0.04084503650665283,0.7714767694473267,0.7728014886379242,0.01508470509560208,1.9553025694355666,1.8575896762609418,0.7606858214826568,0.7822677174119965,0.02158189592933968,0.17141778452476225
order_fulfillment_process_143.json,text_eval_1,10,0.03202688694000244,0.8439098358154297,0.8411926925182343,0.010734231557287467,1.2719642670019948,0.7023127787991268,0.8362310291406359,0.8515886424902235,0.015357613349587629,0.32301080612828953
final_grades_submission_process_96.json,text_eval_1,10,0.01013869047164917,0.9190816879272461,0.9201155304908752,0.003654765752680905,0.39765407152472976,0.230647490114159,0.9164672260063608,0.9216961498481314,0.00522892384177065,0.11236008189945479
purchase_order_workflow_74.json,text_eval_1,10,0.02601790428161621,0.8053905546665192,0.8022001683712006,0.008044559538546173,0.9988395681989479,0.30925754227632407,0.7996358234451281,0.8111452858879104,0.011509462442782281,0.3977045157939142
budget_preparation_process_54.json,text_eval_1,10,0.10373514890670776,0.8164389431476593,0.8256572186946869,0.03306169399001727,4.049499875955551,1.8453924691328571,0.7927880320288117,0.840089854266507,0.0473018222376953,1.1164773150776919
loan_application_process_63.json,text_eval_1,9,0.02543884515762329,0.8465824060969882,0.8477609157562256,0.008842312708309076,1.0444715889000014,0.822860440518178,0.8397856028736118,0.8533792093203646,0.013593606446752782,0.13901438923804582
process_for_optimizing_a_process_34.json,text_eval_1,10,0.02619260549545288,0.8690530359745026,0.8693166375160217,0.007925100517299093,0.9119236904123319,0.608575568130823,0.863383760588941,0.8747223113600642,0.011338550771123224,0.030322845571249844
purchase_order_workflow_159.json,text_eval_1,10,0.056275904178619385,0.8084024786949158,0.8082738518714905,0.018829360188871005,2.3292061423746633,1.8553292501761538,0.7949327658487978,0.8218721915410337,0.026939425692235952,0.015913767731996813
content_promotion_process_153.json,text_eval_1,10,0.024486005306243896,0.868424391746521,0.8688538372516632,0.007989664198411824,0.9200184004900542,0.5950593843423402,0.8627089302858005,0.8741398532072414,0.011430922921440878,0.04942666841417717
accounts_receivable_process_144.json,text_eval_1,10,0.056266725063323975,0.8359395265579224,0.8400026559829712,0.018909379935319187,2.2620511812835007,1.9065478759313372,0.8224125710335687,0.849466482082276,0.027053911048707358,0.48370435451708826
customer_support_process_for_the_ticket_management_1.json,text_eval_1,10,0.04619407653808594,0.8019292831420899,0.8018438518047333,0.013645499902586296,1.7015839413072682,1.184523635855459,0.7921678805513528,0.811690685732827,0.0195228051814742,0.010654360841494138
employee_onboarding_process_93.json,text_eval_1,10,0.06840640306472778,0.805516368150711,0.8066286146640778,0.02071134085047547,2.5711880812582577,1.7583559278230059,0.790700367441411,0.820332368860011,0.029632001418600007,0.1378883036315193
startup_due_diligence_for_a_venture_capitalist_68.json,text_eval_1,10,0.03253692388534546,0.7165402948856354,0.7198768854141235,0.010037750480267619,1.4008633641280022,1.1137831990481497,0.7093597207591656,0.7237208690121052,0.014361148252939548,0.46349460527110475
account_payable_process_170.json,text_eval_1,10,0.02208077907562256,0.8989415407180786,0.8984944224357605,0.006789055178123909,0.7552276617121043,0.3495766120138103,0.8940849432113918,0.9037981382247655,0.009713195013373754,0.049763055969343536
customer_support_process_for_the_ticket_management_22.json,text_eval_1,9,0.03052002191543579,0.8398517171541849,0.8413270115852356,0.011689831829254413,1.3918923531960017,1.4563101637427938,0.8308661169748176,0.8488373173335523,0.017971200358734674,0.17535327057559855
loan_application_process_13.json,text_eval_1,9,0.03453695774078369,0.85338251458274,0.8544509410858154,0.012404236384439774,1.4535376777089002,1.3371669447213832,0.8438477744505506,0.8629172547149293,0.019069480264378713,0.12504246314220815
customer_support_process_for_the_ticket_management_152.json,text_eval_1,10,0.02559041976928711,0.8621773362159729,0.862067699432373,0.007627572635801647,0.8846872117142919,0.47766052303047696,0.8567208994551594,0.8676337729767865,0.010912873521627064,0.012717885575815664
purchase_order_workflow_35.json,text_eval_1,10,0.033415377140045166,0.8006425738334656,0.7997607588768005,0.011633872985134084,1.4530669946055028,1.2304849118246945,0.7923202024503644,0.8089649452165668,0.016644742766202425,0.1102598429439698
churn_rate_prevention_process_76.json,text_eval_1,10,0.03352510929107666,0.7774598777294159,0.7779867947101593,0.013265355912310192,1.7062431505857094,1.5914480439595546,0.7679704137673861,0.7869493416914458,0.018978927924059752,0.06772826792512178
client_onboarding_process_for_a_marketing_agency_6.json,text_eval_1,10,0.02790611982345581,0.7176216900348663,0.7166302800178528,0.008357754707500633,1.16464633435126,0.5362527895350444,0.711642912486447,0.7236004675832857,0.011957555096838712,0.13834330541947368
client_onboarding_process_for_a_marketing_agency_66.json,text_eval_1,10,0.0421711802482605,0.8010534703731537,0.8022391200065613,0.013635768980905055,1.702229562098161,0.8347401012783763,0.7912990288644427,0.8108079118818646,0.01950888301742193,0.14779254761322508
accounts_receivable_process_60.json,text_eval_1,10,0.03169691562652588,0.8599810600280762,0.8635916411876678,0.009902838326017587,1.151518188748748,0.3459394305071686,0.8528969962428485,0.8670651238133038,0.014168127570455269,0.41808894243420036
employee_onboarding_process_14.json,text_eval_1,10,0.0876200795173645,0.7898802280426025,0.7857750356197357,0.025471496609290212,3.2247289785200692,1.3841377049093282,0.7716590170377384,0.8081014390474666,0.03644242200972814,0.5224386416945708
process_for_optimizing_a_process_6.json,text_eval_1,10,0.013612627983093262,0.8606981217861176,0.8611317873001099,0.004183287982377983,0.48603428734070414,0.31210819058440575,0.8577055778382594,0.8636906657339758,0.00598508789571639,0.05035994726799349
content_promotion_process_13.json,text_eval_1,10,0.008258223533630371,0.8924195885658264,0.8922698497772217,0.002708359306583669,0.30348496842568984,0.17198955978314745,0.8904821450320118,0.8943570320996409,0.0038748870676290625,0.01678178284765288
client_onboarding_process_for_a_marketing_agency_64.json,text_eval_1,10,0.02034837007522583,0.8334385216236114,0.8331151902675629,0.0065238397374564145,0.7827619636235917,0.5061222784413373,0.8287716478139762,0.8381053954332467,0.009333747619270527,0.038809922064285116
client_onboarding_process_for_a_marketing_agency_180.json,text_eval_1,9,0.07952731847763062,0.8190774387783475,0.8279755711555481,0.028508315579941077,3.480539718254379,2.1147171305419827,0.797164007573331,0.840990869983364,0.043826862410033085,1.0746853756545136
accounts_receivable_process_2.json,text_eval_1,10,0.045060932636260986,0.8371288120746613,0.8367071449756622,0.014067180966049938,1.6804081717349044,1.019272039523234,0.8270657570230584,0.8471918671262642,0.020126110103205752,0.050396019865625856
account_payable_process_171.json,text_eval_1,10,0.034754812717437744,0.8688812911510467,0.8679718375205994,0.011012026139786506,1.2673798195376462,0.9833437381606605,0.861003762203221,0.8767588200988725,0.01575505789565157,0.10477916346286772
churn_rate_prevention_process_23.json,text_eval_1,7,0.03487086296081543,0.8337801098823547,0.8378098607063293,0.012043571788922559,1.444454196757211,0.33148557314939825,0.8226416637188065,0.8449185560459029,0.022276892327096398,0.4809863207598514
final_grades_submission_process_43.json,text_eval_1,10,0.031542181968688965,0.9204741358757019,0.9208413362503052,0.009642569793023284,1.0475655335877236,0.5938448150623652,0.9135762569829586,0.9273720147684452,0.013795757785486584,0.0398766171921105
budget_preparation_process_2.json,text_eval_1,10,0.0425570011138916,0.8006998360157013,0.800191730260849,0.012402166166931902,1.5489157870501553,0.6790843300100905,0.7918278607991908,0.8095718112322118,0.017743950433021016,0.0634980012461062
startup_due_diligence_for_a_venture_capitalist_187.json,text_eval_1,10,0.03503155708312988,0.7857268452644348,0.7866954803466797,0.010012522944927849,1.274300732534874,0.6098203137311949,0.7785643178295909,0.7928893726992787,0.014325054869687825,0.12312706840746264
customer_support_process_for_the_ticket_management_54.json,text_eval_1,10,0.048326730728149414,0.8372296631336212,0.838684618473053,0.018727373101841447,2.2368262767647034,2.133024769819299,0.8238329074545296,0.8506264188127128,0.026793511358183197,0.17348062756661708
project_management_process_3.json,text_eval_1,10,0.025961220264434814,0.8231114983558655,0.8230889439582825,0.007879369867862817,0.9572664072366337,0.5945192391040108,0.8174749367061926,0.8287480600055384,0.011273123299345711,0.0027402138916560598
project_management_process_53.json,text_eval_1,10,0.05719524621963501,0.8116308450698853,0.8142602145671844,0.015688666006784136,1.9329805048788242,0.866871612327323,0.800407849496465,0.8228538406433055,0.022445991146840427,0.32291513821497725
purchase_order_workflow_20.json,text_eval_1,10,0.026557981967926025,0.8006870567798614,0.7966675162315369,0.009531301113773932,1.1903903070578097,0.743737983847358,0.7938687747052373,0.8075053388544855,0.013636564149248187,0.5045443006560763
employee_onboarding_process_51.json,text_eval_1,10,0.056762635707855225,0.766482675075531,0.7654123306274414,0.016008421003871474,2.0885561441155818,0.815131392872851,0.7550309405567257,0.7779344095943364,0.022903469037610646,0.13983893455338176
loan_application_process_6.json,text_eval_1,10,0.03323972225189209,0.8564364731311798,0.8606450259685516,0.0115971517147594,1.3541169810715281,0.6794338547543488,0.8481403705624371,0.8647325756999225,0.016592205137485383,0.4889998443476339
final_grades_submission_process_81.json,text_eval_1,10,0.01012510061264038,0.9428277313709259,0.9448179602622986,0.00399098035641011,0.42329899976605423,0.13744514290995472,0.9399727560113746,0.9456827067304772,0.005709950719102519,0.2106468097643018
project_management_process_45.json,text_eval_1,10,0.03760498762130737,0.8333109438419342,0.8361577987670898,0.011639431636230354,1.3967693238933592,1.1285463773488067,0.8249845960393833,0.841637291644485,0.01665269560510163,0.3404686207978155
startup_due_diligence_for_a_venture_capitalist_92.json,text_eval_1,10,0.02607065439224243,0.725881677865982,0.7280776500701904,0.007901586843162582,1.0885502533129696,0.7649579422741463,0.7202292231495987,0.7315341325823653,0.01130490943276663,0.30161236291166404
purchase_order_workflow_1.json,text_eval_1,10,0.02921438217163086,0.8211148500442504,0.8178566992282867,0.010814531351760673,1.3170546545562867,0.8215695260786313,0.8133786003569322,0.8288510997315687,0.015472499374636461,0.39837673507327465
budget_preparation_process_162.json,text_eval_1,10,0.05366569757461548,0.8221003472805023,0.8186540305614471,0.017865110565261407,2.1731058287907272,1.6634393869470583,0.8093204170617131,0.8348802774992915,0.025559860437578408,0.42097352366195645
churn_rate_prevention_process_55.json,text_eval_1,10,0.05033302307128906,0.7152026474475861,0.7154141068458557,0.012886609329640588,1.8018123081101973,0.8204974948463494,0.7059841224690817,0.7244211724260905,0.01843704995700879,0.02955762211649683
employee_onboarding_process_4.json,text_eval_1,10,0.028188586235046387,0.7340850353240966,0.7330951392650604,0.008479343837747951,1.1550901366630288,0.6251618232930496,0.7280192781516638,0.7401507924965295,0.012131514344865701,0.1350296852368435
loan_application_process_14.json,text_eval_1,10,0.055817484855651855,0.8409858822822571,0.8446677327156067,0.016565859338779937,1.9698142011401798,1.0521923626223462,0.8291353804009223,0.852836384163592,0.023701003762669703,0.4358933448910634
startup_due_diligence_for_a_venture_capitalist_5.json,text_eval_1,10,0.020273864269256592,0.7523793041706085,0.7516113817691803,0.005653944529107734,0.7514752861710366,0.2561232119422553,0.7483347159057362,0.7564238924354808,0.008089176529744613,0.10217014005570624
accounts_receivable_process_0.json,text_eval_1,10,0.025818049907684326,0.8385443389415741,0.8376825749874115,0.00881373568920601,1.0510756891318194,0.8438142600372712,0.8322393722489004,0.8448493056342478,0.012609933385347327,0.10287476186018887
churn_rate_prevention_process_34.json,text_eval_1,10,0.038691818714141846,0.7710621654987335,0.772994190454483,0.012392610860313251,1.607212934938591,0.9625528498810269,0.7621970257368014,0.7799273052606657,0.0177302795238643,0.24994042382305293
budget_preparation_process_83.json,text_eval_1,10,0.023466408252716064,0.7979237794876098,0.7973135709762573,0.007583319252252581,0.9503814082495751,0.7523117432084531,0.7924989996903307,0.803348559284889,0.010849559594558356,0.07653306472701289
client_onboarding_process_for_a_marketing_agency_172.json,text_eval_2,10,0.12491578525967062,0.7549435619513194,0.7548051526149114,0.034684634753463464,4.594334795545951,1.0244379678547875,0.7301316689493592,0.7797554549532796,0.04962378600392037,0.018337094802342597
content_promotion_process_2.json,text_eval_2,10,0.028045326471328735,0.8116954237222671,0.813923567533493,0.008936808044626376,1.1010051040628055,0.7786386478024417,0.8053024163702094,0.8180884310743248,0.012786014704115445,0.27375344566788784
process_for_optimizing_a_process_9.json,text_eval_2,10,0.19780152494257153,0.8245930942622097,0.8267713446508754,0.061820018945548325,7.497033309605959,4.960958196027819,0.7803697167822744,0.868816471742145,0.08844675495987064,0.26346466925332584
order_fulfillment_process_7.json,text_eval_2,10,0.13831710153155852,0.7448472986618677,0.7596414883931478,0.04352816516950925,5.8439045489872115,1.9438048451525143,0.7137091251036275,0.7759854722201079,0.062276347116480446,1.947522608668191
purchase_order_workflow_81.json,text_eval_2,10,0.13137075304985046,0.8176399350166321,0.8338894695043564,0.04186574978872367,5.120316168005181,0.8709989702719063,0.7876909817816288,0.8475888882516355,0.0598979064700067,1.9486436850416864
churn_rate_prevention_process_27.json,text_eval_2,10,0.14887098561633716,0.771101734584028,0.7944006499919024,0.04573986554957271,5.9317549809750005,1.1199102591500014,0.7383814058849715,0.8038220632830845,0.065440657398113,2.9328922890624427
startup_due_diligence_for_a_venture_capitalist_7.json,text_eval_2,10,0.13614794015884402,0.6047597205638885,0.6135039627552032,0.04483007766784224,7.412874261209377,3.881135018610183,0.5726902149089963,0.6368292262187807,0.06413901130978439,1.4252951443125121
project_management_process_81.json,text_eval_2,10,0.12407679027981222,0.72522381775909,0.7230375607808431,0.03399978753256134,4.688178559498943,1.132151196570468,0.7009018349461369,0.749545800572043,0.048643965625906116,0.3023711487250773
content_promotion_process_0.json,text_eval_2,10,0.2627906356539046,0.712400344903507,0.7461247824960284,0.09598619866867919,13.47363169534685,7.44508838137118,0.6437359548079952,0.7810647349990189,0.13732878019102368,4.519946044373741
final_grades_submission_process_0.json,text_eval_2,10,0.1997703433036805,0.7336967239596628,0.7275534637949683,0.05731435666893149,7.811723127181705,3.839642808333124,0.6926965031052769,0.7746969448140487,0.08200044170877185,0.844372334185697
account_payable_process_122.json,text_eval_2,10,0.304187651191439,0.700345947534319,0.6882167756557465,0.11044236220731153,15.769686766396193,12.787140161612202,0.6213402410176052,0.7793516540510328,0.15801141303342758,1.762405728488038
client_onboarding_process_for_a_marketing_agency_173.json,text_eval_2,10,0.20207731165583176,0.7702145823883633,0.7687585119690215,0.06617982765200599,8.592388298698337,7.608004365741976,0.7228723856415524,0.8175567791351741,0.09468439349362168,0.18940543703540677
loan_application_process_79.json,text_eval_2,10,0.14140289425849917,0.6953287464380263,0.6820593625307083,0.03908747530932865,5.621438134057135,3.1931602020080807,0.6673672510385402,0.7232902418375124,0.05592299079897223,1.9454881255618852
content_promotion_process_129.json,text_eval_2,10,0.23727144939558853,0.688556374443902,0.6607172105993544,0.08039761732244989,11.676257791873805,7.88564864080908,0.6310433836687008,0.7460693652191033,0.11502598155040245,4.2134764159229325
employee_onboarding_process_11.json,text_eval_2,10,0.07557061740330284,0.8303974879639491,0.8374700652701514,0.022568044860773323,2.717740020638537,0.45137275077106065,0.8142532812185391,0.846541694709359,0.0322884134908199,0.8445170280708351
process_for_optimizing_a_process_185.json,text_eval_2,10,0.28983673724261194,0.7420196476307782,0.7523838633840734,0.11130158541299284,14.999816483077202,12.555974672956127,0.66239928986011,0.8216400054014464,0.15924071554133645,1.3775170172681497
project_management_process_8.json,text_eval_2,10,0.2694225013256073,0.6106366813182831,0.5800958126783371,0.08732923828237314,14.30134169042072,5.751180766929078,0.5481651076198297,0.6731082550167364,0.1249431473969067,5.264797292526033
loan_application_process_48.json,text_eval_2,10,0.1158967084354825,0.7205409182442559,0.7251420782672034,0.04112587901845579,5.707639632550964,3.9398843964950676,0.6911212366742895,0.7499605998142224,0.058839363139932876,0.634518415196983
loan_application_process_72.json,text_eval_2,10,0.11547610825962495,0.7434367249409357,0.7581163843472799,0.03640813104344293,4.897273678043747,0.7656605834273107,0.7173919169655238,0.7694815329163476,0.05208961595082373,1.9363332213144329
project_management_process_44.json,text_eval_2,10,0.1463545560836792,0.6617101222276688,0.6499990224838257,0.04516586283098863,6.8256267078001285,4.869699924091078,0.6294004103373974,0.6940198341179402,0.06461942378054286,1.8017103624389705
process_for_optimizing_a_process_92.json,text_eval_2,10,0.2732707776806571,0.774671176888726,0.7660884387565381,0.08893685989364417,11.48059493459366,7.427919607289457,0.7110495799684622,0.8382927738089898,0.12724319384052762,1.1203325488267144
content_promotion_process_199.json,text_eval_2,10,0.21172074760709492,0.752501381295068,0.7578873378889901,0.0921338726151709,12.243681527415525,13.129771151887844,0.686592779245984,0.818409983344152,0.131817204098168,0.7106539883518866
project_management_process_2.json,text_eval_2,10,0.11118290490574301,0.7209701915582022,0.7208821972211202,0.026685786290616423,3.7013716521263618,0.6268336832244816,0.7018803300439524,0.7400600530724519,0.03817972302849948,0.01220647942495417
startup_due_diligence_for_a_venture_capitalist_186.json,text_eval_2,10,0.05465333461761479,0.5819230180978775,0.5659001290798187,0.024412759732102694,4.195187159274141,1.1440371138310583,0.5644591818297153,0.5993868543660397,0.03492767253632434,2.831398721204185
startup_due_diligence_for_a_venture_capitalist_45.json,text_eval_2,10,0.07336154580116272,0.6347568571567536,0.623327761888504,0.028024155771604303,4.414943368572972,0.4825867856564507,0.6147095837915387,0.6548041305219684,0.04009454673042967,1.8335610840792105
employee_onboarding_process_19.json,text_eval_2,10,0.13213416934013367,0.7007207125425339,0.6936476528644562,0.04142967816342528,5.9124380686706886,2.06139621420503,0.6710837061561855,0.7303577189288822,0.05927401277269673,1.01969056607762
content_promotion_process_109.json,text_eval_2,10,0.09417455395062757,0.6747613509496053,0.6890213042497635,0.034373956720261396,5.094239122007541,1.3741603298500369,0.6501717036242296,0.699350998274981,0.04917929465075144,2.069595411956823
final_grades_submission_process_68.json,text_eval_2,10,0.06001103255483842,0.584632573525111,0.5939319521188736,0.023332422630656924,3.9909549496996606,1.604214841631545,0.5679415638632443,0.6013235831869777,0.0333820193237333,1.5657313199915837
content_promotion_process_96.json,text_eval_2,10,0.183143566052119,0.7727952995470593,0.7666079749663671,0.06746291728850033,8.72972665957477,8.243752811288044,0.7245352357678028,0.8210553633263158,0.09652012755851302,0.8071041239772659
purchase_order_workflow_169.json,text_eval_2,10,0.14374977350234985,0.7992247045040131,0.8211705535650253,0.06489361962206396,8.11957128656777,5.082365529119159,0.7528026055539362,0.8456468034540899,0.09284419790015375,2.672508039375825
account_payable_process_45.json,text_eval_2,10,0.1938372254371643,0.6239582121372222,0.6126449406147003,0.0583023498612014,9.343951041448816,5.0552798364621445,0.582251223529694,0.6656652007447504,0.08341397721505639,1.8466277565551592
final_grades_submission_process_6.json,text_eval_2,10,0.14299679653985164,0.7371585450002125,0.7369144580193928,0.03380111139767641,4.585324504061289,0.3162405590048682,0.7129786865324009,0.7613384034680241,0.04835971693562313,0.03312283782241337
budget_preparation_process_33.json,text_eval_2,10,0.1759298048236153,0.8166036997058175,0.8387011170387269,0.06498777154423704,7.958299915570915,3.716157743741691,0.7701142485280037,0.8630931508836313,0.09297890235562756,2.6347189581588495
process_for_optimizing_a_process_37.json,text_eval_2,10,0.16051317345012328,0.8483986133878882,0.8619005625898188,0.05156791108591213,6.078264423369025,2.6616725032666455,0.8115091520660999,0.8852880747096766,0.07377892264357677,1.5665321253950981
budget_preparation_process_16.json,text_eval_2,10,0.20272417068481452,0.7147618557648225,0.7118269681930542,0.07245783903649962,10.137339933867478,7.662505026329905,0.6629286402183517,0.7665950713112933,0.1036664310929416,0.41230350954788875
process_for_optimizing_a_process_99.json,text_eval_2,10,0.15209776163101207,0.8108858704566956,0.8134065419435501,0.047932593213372204,5.911139281089741,4.333883179438651,0.7765969588804271,0.845174782032964,0.06857782315253691,0.3098907319864491
customer_support_process_for_the_ticket_management_25.json,text_eval_2,10,0.10868958234786985,0.796266149878502,0.8054902344942093,0.03225831058233875,4.05119702592668,0.4684811682539534,0.7731899446284793,0.8193423551285246,0.04615241050004526,1.1451516381821079
process_for_optimizing_a_process_27.json,text_eval_2,10,0.14602891694415698,0.7150337996807965,0.7387292737310582,0.047833525750034724,6.689687364623664,3.763650685556271,0.6808157566985835,0.7492518426630095,0.06843608596442596,3.2075991696639203
accounts_receivable_process_41.json,text_eval_2,10,0.15469081061226986,0.7226770520210266,0.7752088223184859,0.07521578265043448,10.407938433922494,1.3889581037959842,0.6688709224640498,0.7764831815780034,0.10761225911395367,6.776467035081957
budget_preparation_process_19.json,text_eval_2,10,0.16704208652178443,0.6853373067246543,0.6851941214667426,0.04508360481025288,6.578308865996983,0.8720733663424062,0.6530864386775876,0.717588174771721,0.06450173609413334,0.020897035369360203
purchase_order_workflow_190.json,text_eval_2,10,0.2030327022075653,0.8082272946834564,0.8420904874801636,0.06734721597228566,8.332707446939454,0.8375569987798641,0.7600499986397841,0.8564045907271288,0.09635459208734476,4.021324703243939
budget_preparation_process_73.json,text_eval_2,10,0.03673407435417175,0.8423509415653017,0.8424407061603334,0.010282851649548196,1.220732493091306,0.7541349593938312,0.8349950326247255,0.8497068505058778,0.014711817881152278,0.010655301242608078
startup_due_diligence_for_a_venture_capitalist_178.json,text_eval_2,10,0.2413894913413307,0.6616692986452217,0.6831394637172872,0.08299717506763936,12.543603766651614,9.800526677957576,0.6022966962845296,0.7210419010059138,0.11874520472138417,3.142867044342023
purchase_order_workflow_4.json,text_eval_2,10,0.07608437963894443,0.7458395174571446,0.763632750936917,0.032082323458357064,4.3015049092247235,0.47639131276590907,0.7228892058116242,0.768789829102665,0.04590062329104083,2.330077312417712
account_payable_process_179.json,text_eval_2,10,0.23043103350533378,0.7736010422309241,0.7777254035075506,0.06586124885852829,8.513593604863365,6.3647055939522135,0.7264867430241233,0.8207153414377248,0.09422859841360154,0.5303107315288408
churn_rate_prevention_process_14.json,text_eval_2,10,0.17099113265673327,0.7013133684794108,0.7117670973141988,0.0491789764583347,7.012411094481867,4.383902501565213,0.6661328480413724,0.7364938889174493,0.07036104087607686,1.468700769427864
final_grades_submission_process_63.json,text_eval_2,10,0.1927468478679657,0.7450309306383133,0.766535758972168,0.06734253837638429,9.038891622752876,3.8477260625227836,0.6968569807451722,0.7932048805314543,0.09634789978628211,2.8054566381469375
final_grades_submission_process_1.json,text_eval_2,10,0.21767495359693256,0.7984525940247945,0.7536753288337162,0.08056764105356516,10.09047270388895,5.5510157764849914,0.740817975599361,0.856087212450228,0.11526923685086699,5.9411876013467735
purchase_order_workflow_16.json,text_eval_2,10,0.20106318593025208,0.6956690937280655,0.7181432247161865,0.06177620829906816,8.88011395878056,0.5090346106102995,0.6514770564966448,0.7398611309594862,0.08838407446284147,3.1294775491341422
employee_onboarding_process_43.json,text_eval_2,10,0.1342362701892854,0.7596575911839802,0.744343047340711,0.04525450136303005,5.957223608138728,3.0677086648667724,0.7272844711076778,0.7920307112602827,0.06474624015260488,2.057457767353775
churn_rate_prevention_process_102.json,text_eval_2,10,0.08896370728810621,0.5923427710930507,0.5966054697831471,0.035396440667738935,5.975668547861545,6.208016771203895,0.5670216828146027,0.6176638593714986,0.050642176556895846,0.7144920564750823
order_fulfillment_process_40.json,text_eval_2,10,0.12565817345272412,0.7523473902182145,0.7440352941101247,0.038045305480377,5.056880102866065,2.879245343403652,0.7251314182030633,0.7795633622333658,0.05443194403030249,1.1171642224353315
process_for_optimizing_a_process_0.json,text_eval_2,10,0.14473144303668628,0.744468408552083,0.7517556155269796,0.057995652931639316,7.790210070086802,6.330980687444679,0.702980817711157,0.785955999393009,0.08297518168185203,0.9693585022026443
budget_preparation_process_10.json,text_eval_2,10,0.1891488974744624,0.7570970212871377,0.7532495165413076,0.05796747076564241,7.656544555820882,5.567646951400314,0.7156295907532828,0.7985644518209927,0.08293486106770986,0.5107875493231974
accounts_receivable_process_43.json,text_eval_2,10,0.03249213099479675,0.694350951058524,0.6920085570641926,0.009717077298814419,1.3994475393172474,0.5412629138429114,0.6873997727069663,0.7013021294100816,0.013902356703115348,0.3384920562642769
account_payable_process_32.json,text_eval_2,10,0.2775243719418843,0.7304322981172138,0.7429076880216599,0.0770441989864734,10.547753595379756,7.616404313802411,0.6753181983072619,0.7855463979271656,0.11022819961990371,1.679265150380615
client_onboarding_process_for_a_marketing_agency_102.json,text_eval_2,10,0.2601958447032504,0.5982299218575161,0.5707839926083883,0.07586464122657874,12.681519003766558,1.9219947759888119,0.5439596268370962,0.652500216877936,0.10854059004083982,4.808461625509934
loan_application_process_4.json,text_eval_2,10,0.08093765377998352,0.7117580622434616,0.7299963086843491,0.034725811317747,4.878878534693549,0.9218109052270538,0.686916713301877,0.7365994111850462,0.04968269788316926,2.498402556823569
process_for_optimizing_a_process_137.json,text_eval_2,10,0.13259041309356678,0.8582850654919942,0.8647661308447521,0.040037379509119314,4.664811391791924,2.7551346832492998,0.8296440495631774,0.8869260814208111,0.0572820318576337,0.7494587405298544
employee_onboarding_process_151.json,text_eval_2,10,0.18093939640305257,0.7925836965532014,0.7921100770885294,0.052483022134886294,6.621764031120645,2.8136107619720163,0.7550396042227993,0.8301277888836035,0.07508818466080425,0.05979212717666444
accounts_receivable_process_26.json,text_eval_2,10,0.15030763404709957,0.811363982302802,0.8516162144286292,0.06910892191316444,8.517622598555638,0.5955539178110622,0.7619264377480325,0.8608015268575716,0.09887508910953913,4.726569485626036
order_fulfillment_process_64.json,text_eval_2,10,0.12377811140484274,0.7401267038451301,0.7427811076243719,0.04832533335892573,6.529332492377912,6.870416942451146,0.7055568428934881,0.7746965647967722,0.0691397219032841,0.3573601633099289
project_management_process_23.json,text_eval_2,10,0.16208363572756446,0.7047588855028153,0.6835307346449958,0.054159568574647064,7.68483657158952,1.4853729570049554,0.6660154640985497,0.7435023069070809,0.07748684280853113,3.1056614987246642
final_grades_submission_process_42.json,text_eval_2,10,0.0727299153804779,0.8132555782794952,0.8301616311073303,0.03148441715324055,3.8714050040515255,0.6103781207097947,0.7907329830384634,0.8357781735205271,0.04504519048206368,2.0364772586857036
customer_support_process_for_the_ticket_management_131.json,text_eval_2,10,0.33172540863355016,0.7144778450330098,0.7598405530055364,0.09584642380763692,13.414890954835512,5.4756798658017924,0.6459134438496257,0.783042246216394,0.13712880236676828,5.970029869173894
customer_support_process_for_the_ticket_management_48.json,text_eval_2,10,0.28661820563403045,0.6072651616009799,0.5837620198726654,0.08289128660367606,13.649932820967924,4.471489732666801,0.5479683072842466,0.6665620159177131,0.11859370863346652,4.026151227419891
startup_due_diligence_for_a_venture_capitalist_0.json,text_eval_2,10,0.11966378184465265,0.6504167935022941,0.6585600685614805,0.03729777499352821,5.734442186323508,3.271586108859117,0.6237355725833337,0.6770980144212545,0.053362441837920827,1.236527303724036
account_payable_process_3.json,text_eval_2,10,0.0919963916142782,0.7291673759619395,0.7434997310241064,0.03502770086531941,4.80379430293488,0.5991732027093708,0.7041100682476586,0.7542246836762203,0.05011461542856166,1.9276879955861348
order_fulfillment_process_175.json,text_eval_2,10,0.18483811616897583,0.7222087681293488,0.7412719875574112,0.06716719472438296,9.300246367592315,5.415736498274903,0.674160251528585,0.7702572847301125,0.0960970332015274,2.57169024973927
client_onboarding_process_for_a_marketing_agency_5.json,text_eval_2,10,0.09462835391362512,0.7238069544235864,0.7156612177689871,0.02908417914822015,4.01822322519431,0.2827917678945812,0.7030013860154192,0.7446125228317537,0.04161113681633455,1.1382112726456004
order_fulfillment_process_17.json,text_eval_2,10,0.1355149745941162,0.6295567780733109,0.634987086057663,0.04192206329844122,6.658980533374459,4.190024222975467,0.5995675405802317,0.6595460155663901,0.05997847498615849,0.8551840035151428
final_grades_submission_process_126.json,text_eval_2,10,0.011862725019454956,0.7430853000708988,0.7442659756966999,0.003537261970921209,0.47602367730645645,0.2118251949960894,0.7405548952917729,0.7456157048500247,0.005060809558251833,0.1586362489157098
content_promotion_process_48.json,text_eval_2,10,0.2504225810368855,0.7118888676166535,0.6662518143653869,0.11168866663202258,15.689059305836208,10.349008272961994,0.6319916086227808,0.7917861266105262,0.15979451798774535,6.849820483376304
customer_support_process_for_the_ticket_management_46.json,text_eval_2,10,0.23632342900548675,0.643007381000216,0.6226732858589717,0.06578939932013697,10.231515417101388,6.546113200939906,0.5959444798568944,0.6900702821435377,0.09412580228664336,3.2656122565453574
client_onboarding_process_for_a_marketing_agency_14.json,text_eval_2,10,0.16708461443583178,0.6583512922128041,0.6268356293439865,0.05707823977002269,8.669875861893628,0.6975786062296483,0.6175199792126689,0.6991826052129393,0.08166262600027041,5.027739552998961
employee_onboarding_process_195.json,text_eval_2,10,0.09029630252293175,0.7858333591903961,0.8034322219235557,0.037489984729588685,4.770729607128501,1.1643675768463355,0.75901463970935,0.8126520786714422,0.053637438962092165,2.190460159915526
startup_due_diligence_for_a_venture_capitalist_128.json,text_eval_2,10,0.08042386174201965,0.5656350493431092,0.5551730841398239,0.030623656621899066,5.414030947598339,2.767587383161328,0.5437282050925594,0.5875418935936589,0.04381368850109957,1.8844510842046382
customer_support_process_for_the_ticket_management_35.json,text_eval_2,10,0.16744051376978553,0.6514589428901674,0.6549499928951263,0.06571727922507235,10.087708510611689,11.100859745098647,0.6044476333549094,0.6984702524254254,0.09402261907051601,0.533025428327316
account_payable_process_13.json,text_eval_2,10,0.1729991833368938,0.7939073006312052,0.7853939433892568,0.049527446073571166,6.238441948347597,0.5830204910697137,0.7584775000473863,0.829337101215024,0.07085960116763768,1.0839601340965475
accounts_receivable_process_49.json,text_eval_2,10,0.15257874982697628,0.7685692902122225,0.7137899271079472,0.07489009138620409,9.74409104552238,0.9379972858544292,0.7149961461503272,0.8221424342741178,0.10714628812379057,7.674437677514464
churn_rate_prevention_process_29.json,text_eval_2,10,0.15129544734954836,0.6376532155275345,0.655195552110672,0.04218165681733126,6.615140610940716,3.7404911319612975,0.607478276017972,0.667828155037097,0.06034987901912503,2.6774199743307134
order_fulfillment_process_22.json,text_eval_2,10,0.09544146486691074,0.717568222114018,0.6995649210044316,0.039010441969316,5.436478479270983,1.4601015947920613,0.6896618330463,0.7454746111817361,0.05581277813543606,2.5734996951730276
account_payable_process_36.json,text_eval_2,10,0.1492040838514056,0.8226957597902844,0.8164881829704558,0.04230523143356084,5.142269293370975,0.24854912589743508,0.7924324203255995,0.8529590992549694,0.060526678929369915,0.7602776071106053
accounts_receivable_process_101.json,text_eval_2,10,0.1730112267865075,0.7925938543346194,0.8017729669809341,0.0636535085554418,8.03103736009646,6.620979382754806,0.7470588774002213,0.8381288312690175,0.09106995386879624,1.144851850128921
churn_rate_prevention_process_3.json,text_eval_2,10,0.16369911432266238,0.679377343058586,0.6760619759559632,0.05170333866437481,7.61040078722734,6.657526479889533,0.6423910026832854,0.7163636834338866,0.07397268075060115,0.49039396098779653
project_management_process_65.json,text_eval_2,10,0.11857286691665658,0.6503225606679917,0.6491980850696564,0.048375848991234344,7.438746849185754,7.218429311065328,0.6157165630099182,0.6849285583260651,0.06921199531614697,0.17320993764401385
order_fulfillment_process_2.json,text_eval_2,10,0.17775304118792212,0.7325067950619591,0.7158989492389891,0.06595789817177575,9.004407688285907,8.030545457145804,0.6853233571014695,0.7796902330224488,0.09436687592097925,2.3198589466606165
customer_support_process_for_the_ticket_management_10.json,text_eval_2,10,0.2759605944156647,0.5874875078598658,0.5839817076921463,0.07930046837942291,13.498239080572679,6.724566295645899,0.5307593701579373,0.6442156455617943,0.11345627540385705,0.600327051608205
order_fulfillment_process_90.json,text_eval_2,10,0.014035791158676147,0.7742420319999969,0.7742016826357161,0.004005596834855883,0.5173571918472,0.263237236331078,0.7713766006416485,0.7771074633583452,0.005730862716696761,0.005211738127899784
employee_onboarding_process_3.json,text_eval_2,10,0.23087923015866973,0.6797507034880774,0.6865829250642231,0.06524965019972721,9.599055928137288,1.8394515068044661,0.6330739156055324,0.7264274913706225,0.09335357576509007,0.9951050815175204
account_payable_process_2.json,text_eval_2,10,0.2333774852632271,0.7298096172436319,0.7447611573669646,0.08202180737836857,11.238795083045238,7.81624718420847,0.6711347508953204,0.7884844835919435,0.11734973269662308,2.007561749889384
loan_application_process_60.json,text_eval_2,10,0.13112527794308138,0.6533628132608202,0.6362060887946023,0.04119846989293733,6.305603725336452,1.512151243511705,0.623891203307483,0.6828344232141574,0.05894321990667439,2.6967243426928245
loan_application_process_145.json,text_eval_2,10,0.15917236606280005,0.786757156252861,0.7949855244821973,0.04924057433892337,6.258675113099018,3.214070507818051,0.7515325713455503,0.8219817411601718,0.07044916981462146,1.0350337177140039
client_onboarding_process_for_a_marketing_agency_40.json,text_eval_2,10,0.01584717631340027,0.8171727011601131,0.8170590649048488,0.004486832613862344,0.5490678540157468,0.1839202901556397,0.8139630144638522,0.820382387856374,0.006419373392521743,0.013907960898459137
churn_rate_prevention_process_48.json,text_eval_2,10,0.11595315337181089,0.7684138208627701,0.7697935044765473,0.036677097071382836,4.7730917997026685,0.5522709619353303,0.7421766061817999,0.7946510355437403,0.052474429361940356,0.17922775468407376
budget_preparation_process_49.json,text_eval_2,10,0.0796464416715833,0.7730615814526876,0.7795622580581241,0.02358419001967274,3.050751788150544,0.5765973439146413,0.7561904682503903,0.7899326946549848,0.033742226404594566,0.8338880619528181
content_promotion_process_91.json,text_eval_2,10,0.2684752345085144,0.7321520080169042,0.7799454828103384,0.10914563207163963,14.907509762524565,11.456573395392903,0.6540739263579235,0.8102300896758848,0.15615616331796134,6.1277968584704645
project_management_process_6.json,text_eval_2,10,0.13186496496200562,0.7113360404968262,0.7092726677656174,0.031953335426108266,4.492016938125439,1.1486458507511679,0.6884780013309626,0.7341940796626898,0.045716078331727195,0.29091389320117933
accounts_receivable_process_109.json,text_eval_2,10,0.016519129276275635,0.8461011575801033,0.8449355172259467,0.0049341091052902,0.5831582974548846,0.47526692239816937,0.8425715085568212,0.8496308066033854,0.007059298046564244,0.13795613160913597
order_fulfillment_process_1.json,text_eval_2,10,0.020422518253326416,0.671452670437949,0.6721150300332478,0.00754235254780104,1.123288785623804,1.0679333171748016,0.6660571964556141,0.6768481444202838,0.010790947964669728,0.09854854685604132
order_fulfillment_process_143.json,text_eval_2,10,0.1772817929585775,0.6869549179077149,0.6958657072650062,0.06868872922208726,9.999015573146368,7.880608499849348,0.6378179610963458,0.736091874719084,0.09827391362273818,1.280532905165535
final_grades_submission_process_96.json,text_eval_2,10,0.13492143948872892,0.7517630661858452,0.7389044480191337,0.042253826008679225,5.620630742483637,3.787179437705343,0.7215364999468536,0.7819896324248368,0.06045313247798312,1.7402274680011875
purchase_order_workflow_74.json,text_eval_2,10,0.15006501334054134,0.674123848761831,0.6867878458329609,0.04540363743143275,6.735207115847628,0.38743487774956376,0.6416440431690673,0.7066036543545946,0.06495961118552729,1.8439460086499673
budget_preparation_process_54.json,text_eval_2,10,0.13960117697715757,0.8132194715738297,0.8140734225511551,0.043626368666242386,5.364648805298765,4.904109370691652,0.782011047466011,0.8444278956816483,0.06241684821563731,0.10489852065791695
loan_application_process_63.json,text_eval_2,9,0.12889060378074646,0.7844023141596053,0.7988804578781128,0.04180456014171599,5.329479450415016,0.44543792094152124,0.7522684846405425,0.816536143678668,0.06426765903812548,1.8123041533601385
process_for_optimizing_a_process_34.json,text_eval_2,10,0.12420741385883749,0.7789709624316956,0.7696445484956106,0.045620470161204615,5.856504588924888,6.83202164711537,0.7463360440482493,0.811605880815142,0.06526983676689269,1.2117819783580537
purchase_order_workflow_159.json,text_eval_2,10,0.328933447599411,0.7104512393474579,0.7053954899311066,0.09748556329241462,13.721640260907153,7.491396499535577,0.6407142684137888,0.7801882102811271,0.1394739418673383,0.7167255090963393
content_promotion_process_153.json,text_eval_2,10,0.3064270198345185,0.6958788625399271,0.7344269186258316,0.10922503256248257,15.6959836606929,10.255181513371795,0.6177439811914845,0.7740137438883697,0.1562697626968852,5.2487259260636625
accounts_receivable_process_144.json,text_eval_2,10,0.09956193396023338,0.8393983347075327,0.8485727565629142,0.029305697160141177,3.4912741601223227,0.9436464152041617,0.8184343018597408,0.8603623675553246,0.04192806569558383,1.0811591327232681
customer_support_process_for_the_ticket_management_1.json,text_eval_2,10,0.10883865356445321,0.690964641571045,0.700193989276886,0.031402915884652674,4.544793466312823,0.8799975224957538,0.6685003488253428,0.7134289343167471,0.04492858549140433,1.3181129582921027
employee_onboarding_process_93.json,text_eval_2,10,0.20177336714484473,0.7435410123581838,0.7314782241980236,0.08206644190422586,11.037244824457947,12.377304631586266,0.6848342163935555,0.8022478083228122,0.11741359192925671,1.6490973703811398
startup_due_diligence_for_a_venture_capitalist_68.json,text_eval_2,10,0.2789399491416083,0.611603480776151,0.636246951089965,0.08316977043975164,13.59864242992954,9.159193907241008,0.5521074111240798,0.6710995504282222,0.11899213930414243,3.8732555451302115
account_payable_process_170.json,text_eval_2,10,0.1572296380996704,0.6957207703590393,0.6990309953689575,0.03773219412633705,5.423468111619647,0.3065857909850736,0.6687287847133384,0.7227127560047403,0.05398397129140187,0.4735448115817809
customer_support_process_for_the_ticket_management_22.json,text_eval_2,9,0.25612616539001465,0.7664867051379392,0.7602926095326742,0.08320587141050709,10.855487884233181,8.953568865736813,0.7025290106226407,0.8304443996532376,0.12791538903059685,0.8146989103408828
loan_application_process_13.json,text_eval_2,9,0.1322072446346283,0.6558579239580367,0.6704110205173492,0.04392862013151549,6.697886619469455,1.766789902993346,0.6220913973990074,0.6896244505170659,0.06753305311805846,2.170772274608808
customer_support_process_for_the_ticket_management_152.json,text_eval_2,10,0.29189119338989256,0.7071997792190976,0.6837310045957565,0.07564159947129771,10.695930866214706,2.412563507801279,0.6530890386586378,0.7613105197795574,0.10822148112091967,3.432457277144622
purchase_order_workflow_35.json,text_eval_2,10,0.14665959136826656,0.714607001202447,0.6927556714841298,0.04780418692285434,6.689577186119884,1.1620638068198703,0.6804099459528706,0.7488040564520234,0.06839411049915278,3.154262118345986
churn_rate_prevention_process_76.json,text_eval_2,10,0.08856829729947169,0.6796390297737989,0.6843403862281279,0.03154630499546559,4.641626453672768,3.960695347671903,0.6570721626374357,0.702205896910162,0.04513373427272627,0.6869909403186664
client_onboarding_process_for_a_marketing_agency_6.json,text_eval_2,10,0.013953059911727905,0.6088108450174332,0.6083151400089264,0.0041788773537503165,0.6863999529493688,0.31586833982071727,0.6058214562432235,0.611800233791643,0.005978777548419467,0.0814881918769185
client_onboarding_process_for_a_marketing_agency_66.json,text_eval_2,10,0.07269201108387535,0.6505267351865769,0.6502222865819931,0.03266998635948842,5.02208204404057,4.858485513327619,0.6271560348263494,0.6738974355468044,0.04674140072045496,0.046822234621358774
accounts_receivable_process_60.json,text_eval_2,10,0.16584845781326296,0.7849905300140382,0.8034657388925552,0.06237465907054517,7.94591229902222,3.438061651449558,0.740370386890358,0.8296106731377184,0.08924028624736047,2.2994395385149935
employee_onboarding_process_14.json,text_eval_2,10,0.13874036073684692,0.7886901140213013,0.8219565898180008,0.05752703821889585,7.293997629256721,2.202897711015438,0.7475377499513758,0.8298424780912268,0.08230472813985101,4.0472302562919324
process_for_optimizing_a_process_6.json,text_eval_2,10,0.11510632104343843,0.7081268386708366,0.7083639668093787,0.04574541462584097,6.460059431119107,7.629871443483302,0.6754025404017499,0.7408511369399233,0.06544859653817348,0.03347546595434949
content_promotion_process_13.json,text_eval_2,10,0.10032967329025277,0.6562097942829132,0.6462713450193405,0.031156412378952808,4.747934677354157,0.13983687054195904,0.6339218395223594,0.6784977490434669,0.04457590952110757,1.537813697012245
client_onboarding_process_for_a_marketing_agency_64.json,text_eval_2,10,0.3123547624027918,0.7242589433514883,0.7361833793776376,0.10846010242600194,14.97532110878822,14.184074966648735,0.6466712600587622,0.8018466266442145,0.15517536658545228,1.6197643630898102
client_onboarding_process_for_a_marketing_agency_180.json,text_eval_2,9,0.30504654513465024,0.7305263737101613,0.7607554694016775,0.11401392314716197,15.607091988768824,12.968942052997281,0.6428875142940927,0.8181652331262298,0.17527771883213705,3.9735627159264375
accounts_receivable_process_2.json,text_eval_2,10,0.12623736924595297,0.8035644060373306,0.8138423644834094,0.05049534819740741,6.283920469600987,6.172649832361305,0.7674422099849219,0.8396866020897393,0.07224439210481748,1.2628930238354947
account_payable_process_171.json,text_eval_2,10,0.2527254521846771,0.6919406455755234,0.6905965209007263,0.08545390964346285,12.349890151688712,9.511693867068892,0.6308106011698791,0.7530706899811677,0.12226008881128858,0.1946324133003086
churn_rate_prevention_process_23.json,text_eval_2,7,0.2349979418974657,0.7410658791170016,0.757427474627128,0.07535393778161194,10.168318351318243,4.392716655549739,0.6713751101406553,0.8107566480933479,0.1393815379526926,2.1601534217095835
final_grades_submission_process_43.json,text_eval_2,10,0.18148503700892127,0.7657926234934066,0.7681693169805739,0.06263191980338442,8.178705028218868,3.879277349175962,0.7209884471278547,0.8105967998589585,0.08960835273110379,0.3093970866357053
budget_preparation_process_2.json,text_eval_2,10,0.18047074476877845,0.6892388068967394,0.7256159236033758,0.06786471693964401,9.846328480139015,1.9710830036223717,0.6406913129622207,0.7377863008312582,0.09709498786903747,5.013274312667951
startup_due_diligence_for_a_venture_capitalist_187.json,text_eval_2,10,0.2059232862222763,0.7247086607274555,0.7183123181263606,0.05796768557242979,7.998757116306901,5.033765048391711,0.6832410765300818,0.7661762449248293,0.08293516839474746,0.8904681765417942
customer_support_process_for_the_ticket_management_54.json,text_eval_2,10,0.2275257834366391,0.6614719744239534,0.6672193109989166,0.08383010121341973,12.673265754973768,10.763218615090356,0.6015035325927138,0.7214404162551931,0.11993688366247923,0.8613864257553708
project_management_process_3.json,text_eval_2,10,0.11630908317036093,0.7393335269557104,0.7451569636662801,0.041619032576164255,5.629263527049198,3.967295576958701,0.7095610645825332,0.7691059893288876,0.05954492474635442,0.7815047023002478
project_management_process_53.json,text_eval_2,10,0.17663614533164285,0.7585426952622154,0.7593035906553268,0.05042223032428823,6.6472501336075895,1.8831481545567272,0.7224728045852924,0.7946125859391384,0.07213978135384602,0.10020963979041839
purchase_order_workflow_20.json,text_eval_2,10,0.08470756241253441,0.7789149569613594,0.7590938274349486,0.036148432168834184,4.640870206145938,0.6638422160006401,0.7530559263693717,0.8047739875533471,0.05171806118397537,2.6111567253007855
employee_onboarding_process_51.json,text_eval_2,10,0.15042267441749568,0.7757413375377655,0.7581796795129776,0.048254471377118364,6.220433157562547,4.729718375638704,0.7412221681941802,0.8102605068813509,0.06903833868717069,2.316292364373151
loan_application_process_6.json,text_eval_2,10,0.2635376453399658,0.7282182365655899,0.8040816336870193,0.10893191859166647,14.958691381502511,0.5832656378434761,0.6502930363204071,0.8061434368107727,0.15585040049036558,9.434787954746207
final_grades_submission_process_81.json,text_eval_2,10,0.054784911870956354,0.8164138656854629,0.8224089801311493,0.016873302610973456,2.0667584567303487,0.0789513749907222,0.8043434321361702,0.8284842992347556,0.024140867098585428,0.7289699639138554
project_management_process_45.json,text_eval_2,10,0.09447074228233399,0.7337883390538342,0.7371531248092651,0.04115611751256164,5.6087178443894885,5.42262289269165,0.704347026168283,0.7632296519393854,0.05888262577110237,0.45645682588695374
startup_due_diligence_for_a_venture_capitalist_92.json,text_eval_2,10,0.1392803896557201,0.6902135662057182,0.6828705424612218,0.05006148956552577,7.253043408104347,5.701941939997503,0.654401733921841,0.7260253984895954,0.07162366456775437,1.0753171044734802
purchase_order_workflow_1.json,text_eval_2,10,0.15548134701592586,0.696271710736411,0.6946426353284291,0.036924376273116274,5.303156182241448,0.6015186220276951,0.6698576031707779,0.7226858183020441,0.05282821513126623,0.23451992796435966
budget_preparation_process_162.json,text_eval_2,10,0.11774193969639868,0.8201410827311602,0.8249207017096606,0.046925594914749756,5.721649104381207,5.734600953365635,0.786572534342112,0.8537096311202083,0.0671370967780962,0.5794034467306495
churn_rate_prevention_process_55.json,text_eval_2,10,0.10392648577690122,0.6526013237237931,0.6552737832069397,0.029280273652802252,4.48670154172026,1.1472602169659487,0.63165547775755,0.6735471696900361,0.0418916919324861,0.4078386090875651
employee_onboarding_process_4.json,text_eval_2,10,0.1569514359746661,0.6027568033763341,0.5808332839182445,0.0514954928162508,8.543328342011156,0.39452206562488074,0.5659191469638664,0.6395944597888018,0.07367531282493545,3.774494345467885
loan_application_process_14.json,text_eval_2,10,0.08257478475570679,0.7017429411411286,0.7039992958307266,0.031759934680525445,4.525864503728318,4.131478071998631,0.6790232525342375,0.7244626297480197,0.04543937721378222,0.3205052480820366
startup_due_diligence_for_a_venture_capitalist_5.json,text_eval_2,10,0.06462672352790833,0.6449396520853042,0.6283629536628723,0.02918751952586449,4.525620254777565,0.5048386097715454,0.6240601584243235,0.665819145746285,0.04175898732196148,2.638076978568283
accounts_receivable_process_0.json,text_eval_2,10,0.07540902495384216,0.8130221694707871,0.7967866212129593,0.030645952720483136,3.7693870931503892,0.6813805013124296,0.791099375552139,0.8349449633894351,0.043845587837296085,2.037628120953161
churn_rate_prevention_process_34.json,text_eval_2,10,0.15210586190223696,0.6955310827493668,0.6864970952272416,0.04664460422953764,6.706329218984155,3.6918474405846107,0.6621635429874986,0.728898622511235,0.06673507952373647,1.3159542239774311
budget_preparation_process_83.json,text_eval_2,10,0.011733204126358032,0.6767396675215827,0.6764345632659065,0.0037916596261262903,0.5602833420438393,0.44337500997055956,0.674027277622943,0.6794520574202223,0.005424779797279289,0.04510477025347778
