description,metric,n,range,mean,median,SD,CV_pct,MedianCV_pct,CI_95_lower,CI_95_upper,CI_width,mean_median_diff_pct
client_onboarding_process_for_a_marketing_agency_172.json,model_eval_1,10,0.051724137931034475,0.9948275862068965,1.0,0.01635660858707782,1.6441651612660546,0.0,0.9831267732958713,1.0065283991179217,0.02340162582205041,0.5172413793103514
content_promotion_process_2.json,model_eval_1,10,0.0,1.0,1.0,0.0,0.0,0.0,1.0,1.0,0.0,0.0
process_for_optimizing_a_process_9.json,model_eval_1,10,0.1713473787100135,0.8466778305582071,0.8078739224491056,0.07378844662240414,8.715055946812269,4.159813258172847,0.7938927556860226,0.8994629054303916,0.10557014974436907,4.803213351839076
order_fulfillment_process_7.json,model_eval_1,10,0.07531381106379764,0.9849728282722594,1.0,0.02602577740643651,2.6422837929537932,0.0,0.9663551086713098,1.003590547873209,0.0372354392018992,1.5027171727740596
purchase_order_workflow_81.json,model_eval_1,10,0.07791298903274024,0.9778475400271656,1.0,0.03080875403934364,3.1506705062107883,0.0,0.9558082850607694,0.9998867949935617,0.044078509932792276,2.2152459972834437
churn_rate_prevention_process_27.json,model_eval_1,10,0.161756350453221,0.9676487299093559,1.0,0.06820246579047842,7.048266967380535,0.0,0.9188596250019092,1.0164378348168026,0.0975782098148934,3.235127009064409
startup_due_diligence_for_a_venture_capitalist_7.json,model_eval_1,10,0.09403119935323756,0.779894266969751,0.7742347829543124,0.0310393314823256,3.979940973656304,2.606585975660816,0.7576900668371567,0.8020984671023452,0.04440840026518855,0.7309777524904294
project_management_process_81.json,model_eval_1,10,0.09895829566118053,0.9371663428901472,0.9318181818181818,0.029972653109470823,3.198221248219128,1.7278648677934632,0.9157251984980241,0.9586074872822703,0.04288228878424616,0.5739489930889753
content_promotion_process_0.json,model_eval_1,10,0.1636111323300995,0.98363888676699,1.0,0.05173838287223261,5.259896041959624,0.0,0.946627477275584,1.0206502962583959,0.07402281898281182,1.6361113233010038
final_grades_submission_process_0.json,model_eval_1,10,0.08274104726619846,0.9739133821912784,0.9887333692608056,0.03318540888567072,3.407429191598585,1.139501415595755,0.9501739707674536,0.9976527936151033,0.047478822847649704,1.498886103197551
account_payable_process_122.json,model_eval_1,10,0.032226233956045625,0.9967773766043955,1.0,0.010190829971056274,1.0223777355152441,0.0,0.9894872960070276,1.0040674572017634,0.014580161194735819,0.3222623395604529
client_onboarding_process_for_a_marketing_agency_173.json,model_eval_1,10,0.04586983025034752,0.9954130169749653,1.0,0.01450531394763897,1.4572156180677893,0.0,0.9850365404692492,1.0057894934806815,0.020752953011432318,0.45869830250346855
loan_application_process_79.json,model_eval_1,6,0.1555034771797662,0.90410187251547,0.9235752934171364,0.060239342769500076,6.662893264660208,2.3689732925247475,0.8408845592892462,0.9673191857416938,0.12643462645244763,2.108482225592746
content_promotion_process_129.json,model_eval_1,10,0.05493996121818023,0.994506003878182,1.0,0.01737354120107685,1.7469518668893778,0.0,0.9820777211988257,1.0069342865575381,0.02485656535871239,0.5493996121818001
employee_onboarding_process_11.json,model_eval_1,10,0.0,1.0,1.0,0.0,0.0,0.0,1.0,1.0,0.0,0.0
process_for_optimizing_a_process_185.json,model_eval_1,10,0.059315969818969916,0.991317292456646,1.0,0.019780324412761566,1.9953575473038196,0.0,0.9771673007856368,1.005467284127655,0.02829998334201822,0.8682707543353985
project_management_process_8.json,model_eval_1,10,0.08414678352333294,0.9431262372875062,0.9423076923076923,0.02554013088293361,2.7080288802471157,1.5680363896471494,0.924855928281005,0.9613965462940074,0.036540618013002346,0.0868659978578047
loan_application_process_48.json,model_eval_1,10,0.07314271199552003,0.9805465414196324,1.0,0.028055514917455258,2.861211960101003,0.0,0.9604768350728677,1.000616247766397,0.040139412693529164,1.9453458580367622
loan_application_process_72.json,model_eval_1,8,0.09895829566118053,0.9352066700393777,0.9318181818181818,0.028309852508602514,3.0271226046121447,0.0,0.9115390410539347,0.9588742990248208,0.04733525797088611,0.3636426383722508
project_management_process_44.json,model_eval_1,10,0.0,1.0,1.0,0.0,0.0,0.0,1.0,1.0,0.0,0.0
process_for_optimizing_a_process_92.json,model_eval_1,10,0.10238287560581583,0.9728773389919967,0.9795979957304872,0.0319894195409966,3.288124644175699,1.736002573604354,0.9499934868053519,0.9957611911786415,0.045767704373289586,0.6860627285664195
content_promotion_process_199.json,model_eval_1,10,0.2187180697761274,0.8223589622531564,0.7884615384615384,0.07559469107062418,9.192420164486878,0.0,0.7682817779410664,0.8764361465652464,0.10815436862417993,4.29918545649789
project_management_process_2.json,model_eval_1,10,0.026536625928219038,0.997346337407178,1.0,0.008391617934905204,0.8413945707888263,0.0,0.9913433355651763,1.0033493392491797,0.012006003684003397,0.2653662592821959
startup_due_diligence_for_a_venture_capitalist_186.json,model_eval_1,10,0.13207547169811318,0.9188679245283019,0.8867924528301887,0.05835854445112978,6.351135227741023,2.1276595744680846,0.8771207367327902,0.9606151123238136,0.08349437559102335,3.6170212765957435
startup_due_diligence_for_a_venture_capitalist_45.json,model_eval_1,10,0.0370072416935715,0.9962992758306429,1.0,0.011702717367203299,1.1746186764460318,0.0,0.9879276561433912,1.0046708955178947,0.016743239374503505,0.37007241693570725
employee_onboarding_process_19.json,model_eval_1,10,0.2001466207422139,0.9144967602927675,0.9221288849588989,0.07783538445242011,8.51128050224058,8.444710529219783,0.858816680495847,0.970176840089688,0.11136015959384093,0.8276635501415368
content_promotion_process_109.json,model_eval_1,9,0.1777777777777778,0.945679012345679,0.9555555555555556,0.07295450223552673,7.714510027516535,4.651162790697669,0.8896012177333836,1.0017568069579743,0.11215558922459068,1.033591731266159
final_grades_submission_process_68.json,model_eval_1,10,0.0,1.0,1.0,0.0,0.0,0.0,1.0,1.0,0.0,0.0
content_promotion_process_96.json,model_eval_1,10,0.0,1.0,1.0,0.0,0.0,0.0,1.0,1.0,0.0,0.0
purchase_order_workflow_169.json,model_eval_1,10,0.057614246431844984,0.9857012530645605,1.0,0.023436078530685103,2.3776046198401364,0.0,0.968936092438764,1.002466413690357,0.03353032125159294,1.4298746935439532
account_payable_process_45.json,model_eval_1,10,0.0,1.0,1.0,0.0,0.0,0.0,1.0,1.0,0.0,0.0
final_grades_submission_process_6.json,model_eval_1,10,0.050000000000000044,0.9949999999999999,1.0,0.01581138830084191,1.5890842513408956,0.0,0.9836892141860089,1.006310785813991,0.022621571627982173,0.5000000000000115
budget_preparation_process_33.json,model_eval_1,9,0.02898550724637683,0.9944161846167181,1.0,0.011246732097408953,1.1309884403926738,0.0,0.9857711810419986,1.0030611881914375,0.017290007149438957,0.5583815383281898
process_for_optimizing_a_process_37.json,model_eval_1,10,0.05806606777254553,0.9845184753674199,1.0,0.02218022239471544,2.2529005752215907,0.0,0.968651700101395,1.0003852506334447,0.03173355053204974,1.5481524632580124
budget_preparation_process_16.json,model_eval_1,10,0.06026086767240291,0.8504900867882164,0.8524590163934426,0.017794997816464552,2.0923227787010936,0.0,0.8377603122084756,0.8632198613679571,0.025459549159481565,0.23097058830538242
process_for_optimizing_a_process_99.json,model_eval_1,10,0.07417182921723853,0.9746708838323576,0.9790781663001391,0.02150078541655115,2.2059533913654144,0.920123473517752,0.9592901485008344,0.9900516191638807,0.030761470663046353,0.450146129234638
customer_support_process_for_the_ticket_management_25.json,model_eval_1,10,0.08823529411764708,0.95,0.9411764705882353,0.03681369285395802,3.875125563574528,3.125000000000001,0.9236650705826381,0.9763349294173618,0.05266985883472364,0.9374999999999967
process_for_optimizing_a_process_27.json,model_eval_1,10,0.0687219517220452,0.9764369296624352,0.9921875,0.02845749698854324,2.914422439796629,0.7874015748031495,0.9560796626650414,0.996794196659829,0.04071453399478764,1.5874590576443235
accounts_receivable_process_41.json,model_eval_1,10,0.0,1.0,1.0,0.0,0.0,0.0,1.0,1.0,0.0,0.0
budget_preparation_process_19.json,model_eval_1,10,0.1244090637396077,0.9875590936260392,1.0,0.03934160029862254,3.9837211314789527,0.0,0.959415808160482,1.0157023790915964,0.056286570931114444,1.244090637396078
purchase_order_workflow_190.json,model_eval_1,10,0.13953488372093026,0.9306586566528194,0.9317986959393584,0.03806683718201414,4.090311405786977,2.556364247330695,0.9034272817862048,0.9578900315194341,0.05446274973322929,0.12234823803757874
budget_preparation_process_73.json,model_eval_1,10,0.02519754718699385,0.9974802452813005,1.0,0.007968164056046926,0.7988292594005022,0.0,0.9917801640959001,1.003180326466701,0.011400162370800881,0.2519754718699474
startup_due_diligence_for_a_venture_capitalist_178.json,model_eval_1,10,0.06665368853852072,0.9832680930089243,1.0,0.028367932845644973,2.885065939527797,0.0,0.96297489633968,1.0035612896781685,0.04058639333848846,1.673190699107574
purchase_order_workflow_4.json,model_eval_1,10,0.18222074280296152,0.8950737631958179,0.8792383881389119,0.05494041165116355,6.138087597942928,2.073510777887242,0.8557717603042869,0.9343757660873488,0.07860400578306193,1.8010331749077557
account_payable_process_179.json,model_eval_1,10,0.10606060606060608,0.9444031428021343,0.9467791367679406,0.04789448746935678,5.071402804447396,5.580999916086858,0.9101414904330045,0.9786647951712641,0.06852330473825963,0.25095546295171467
churn_rate_prevention_process_14.json,model_eval_1,10,0.036363636363636376,0.9873074366738054,1.0,0.017236936751325278,1.7458530252132756,0.0,0.9749768749309653,0.9996379984166455,0.02466112348568017,1.2692563326194617
final_grades_submission_process_63.json,model_eval_1,10,0.0434751086402142,0.9939341858496864,1.0,0.01421032752998571,1.4297050782932574,0.0,0.9837687299150061,1.0040996417843668,0.020330911869360757,0.6065814150313598
final_grades_submission_process_1.json,model_eval_1,10,0.0,1.0,1.0,0.0,0.0,0.0,1.0,1.0,0.0,0.0
purchase_order_workflow_16.json,model_eval_1,10,0.08169621486577983,0.9774799676816537,0.9947388824278673,0.03137375032613868,3.2096566030452403,0.5288943324796814,0.955036538719651,0.9999233966436564,0.044886857924005374,1.7350196168153884
employee_onboarding_process_43.json,model_eval_1,10,0.022895243115593877,0.9880146071326928,0.9849012345756125,0.008782073613301328,0.8888607060970175,0.3666976768589864,0.981732290124675,0.9942969241407107,0.012564634016035692,0.31611012838478786
churn_rate_prevention_process_102.json,model_eval_1,10,0.1783717880602218,0.9027464999124944,0.8843848447282243,0.0726294836664566,8.045390779526342,6.883013251841612,0.8507904971946111,0.9547025026303778,0.10391200543576673,2.0762064494572785
order_fulfillment_process_40.json,model_eval_1,10,0.042733075040909285,0.9906705850617478,1.0,0.014752703046298528,1.4891633272203195,0.0,0.9801171370558437,1.0012240330676518,0.02110689601180815,0.9329414938252234
process_for_optimizing_a_process_0.json,model_eval_1,10,0.13007539527497336,0.8951977244174353,0.9104840201211917,0.04496316571467599,5.022707775976142,1.7491650208334646,0.8630330133091384,0.9273624355257322,0.06432942221659377,1.6789197136839022
budget_preparation_process_10.json,model_eval_1,10,0.08887167730823742,0.9610848290669282,0.9783001149082114,0.03530542988413733,3.673497782543681,2.2181214906454887,0.9358288459810474,0.9863408121528089,0.05051196617176146,1.7597141796204845
accounts_receivable_process_43.json,model_eval_1,10,0.050000000000000044,0.985,1.0,0.024152294576982418,2.4520096017241033,0.0,0.9677224892793178,1.0022775107206823,0.034555021441364464,1.5000000000000013
account_payable_process_32.json,model_eval_1,10,0.1623494988588452,0.8537737310329309,0.8297872340425532,0.05775152893308219,6.764266319509736,0.0,0.8124607759802859,0.8950866860855758,0.08262591010528997,2.8906804065326965
client_onboarding_process_for_a_marketing_agency_102.json,model_eval_1,10,0.041317924773036974,0.9958682075226963,1.0,0.013065875047429249,1.3120084513925474,0.0,0.9865214435749681,1.0052149714704246,0.01869352789545653,0.4131792477303664
loan_application_process_4.json,model_eval_1,7,0.10293186229441209,0.9822559345658439,1.0,0.038392053854404744,3.908559114114591,0.0,0.9467492067894003,1.0177626623422875,0.07101345555288718,1.7744065434156076
process_for_optimizing_a_process_137.json,model_eval_1,10,0.17757320026191625,0.8507207836347817,0.84869154175204,0.05331282845998284,6.26678335425155,4.237647189883879,0.8125830836191035,0.8888584836504598,0.07627540003135636,0.23910240445574638
employee_onboarding_process_151.json,model_eval_1,9,0.1020510404094439,0.9272129544972528,0.9310776219207569,0.03881126089169662,4.185797955415819,3.584571242851916,0.8973799784610061,0.9570459305334995,0.05966595207249337,0.415074676108264
accounts_receivable_process_26.json,model_eval_1,10,0.05493225800456969,0.9867408211263587,1.0,0.023078553345160863,2.3388667876146885,0.0,0.9702314186110855,1.0032502236416319,0.03301880503054633,1.3259178873641253
order_fulfillment_process_64.json,model_eval_1,10,0.05404691910844428,0.9877564687480407,0.9966447431131447,0.018335781025674323,1.8563058411467066,0.33665525354348735,0.9746398411649587,1.0008730963311228,0.026233255166164038,0.8918197207703458
project_management_process_23.json,model_eval_1,10,0.13043478260869568,0.9510991173175197,0.9620173257180336,0.05307426001817121,5.580307988074037,3.9482318318557112,0.9131320788842382,0.9890661557508013,0.07593407686656306,1.134928458005126
final_grades_submission_process_42.json,model_eval_1,10,0.04255319148936165,0.97893349221183,0.9739536612087702,0.019299602877558504,1.971492755238401,1.6948293697715875,0.9651273880108773,0.9927395964127828,0.02761220840190548,0.5113006091972913
customer_support_process_for_the_ticket_management_131.json,model_eval_1,10,0.2709790651678008,0.8547451865051532,0.8793103448275862,0.08261237997200224,9.665147142832629,1.9607843137254939,0.7956478499735088,0.9138425230367976,0.11819467306328879,2.7936846719629687
customer_support_process_for_the_ticket_management_48.json,model_eval_1,10,0.14536796216355052,0.8968849081510545,0.9024390243902439,0.042886528136221035,4.78172034632988,2.702702702702705,0.8662057340757036,0.9275640822264054,0.06135834815070185,0.6154561238020735
startup_due_diligence_for_a_venture_capitalist_0.json,model_eval_1,7,0.07571943337329712,0.9876479514601767,1.0,0.028227864136122507,2.858089676021638,0.0,0.9615415313297844,1.013754371590569,0.052212840260784654,1.2352048539823302
account_payable_process_3.json,model_eval_1,10,0.0,1.0,1.0,0.0,0.0,0.0,1.0,1.0,0.0,0.0
order_fulfillment_process_175.json,model_eval_1,10,0.046433680768444674,0.9887524795325856,1.0,0.019526545365669064,1.974866892359135,0.0,0.9747840304555048,1.0027209286096666,0.027936898154161782,1.1247520467414396
client_onboarding_process_for_a_marketing_agency_5.json,model_eval_1,10,0.06060606060606055,0.9924480796162213,1.0,0.019221461987424842,1.936772550847976,0.0,0.9786978740406643,1.0061982851917783,0.027500411151114013,0.7551920383778721
order_fulfillment_process_17.json,model_eval_1,10,0.1474287027992608,0.8615775727613876,0.8392156286253505,0.04876657419903034,5.660148980286441,1.1234770017618938,0.8266920671275804,0.8964630783951948,0.06977101126761442,2.664624367478277
final_grades_submission_process_126.json,model_eval_1,10,0.18674613723209832,0.9487061189873579,0.9811344327836082,0.06474207147840683,6.8242493837303435,1.9228320387113165,0.9023924310484331,0.9950198069262827,0.09262737587784953,3.305185580353847
content_promotion_process_48.json,model_eval_1,10,0.08759494004133261,0.964962023983467,1.0,0.04523383253228246,4.687628259768435,0.0,0.9326036894979782,0.9973203584689557,0.0647166689709775,3.5037976016533023
customer_support_process_for_the_ticket_management_46.json,model_eval_1,10,0.20642429859297318,0.8972900736859433,0.9,0.058959215350639284,6.5708088253381645,3.6242906779705493,0.8551131918142518,0.9394669555576347,0.08435376374338288,0.30110292378408376
client_onboarding_process_for_a_marketing_agency_14.json,model_eval_1,10,0.07999999999999996,0.992,1.0,0.02529822128134702,2.550223919490627,0.0,0.9739027426976143,1.0100972573023856,0.0361945146047713,0.8000000000000007
employee_onboarding_process_195.json,model_eval_1,10,0.010305736860185544,0.9989694263139814,1.0,0.0032589601444538564,0.3262322207876608,0.0,0.9966381066683633,1.0013007459595997,0.004662639291236448,0.10305736860185544
startup_due_diligence_for_a_venture_capitalist_128.json,model_eval_1,10,0.021276595744680882,0.8468085106382979,0.851063829787234,0.008971000454378392,1.059389500893931,0.0,0.8403910435097923,0.8532259777668034,0.0128349342570111,0.5000000000000007
customer_support_process_for_the_ticket_management_35.json,model_eval_1,10,0.14814814814814814,0.9329948646125116,0.9259259259259258,0.05767803472876363,6.182031318330813,4.182773109243697,0.8917344841464747,0.9742552450785484,0.08252076093207372,0.7634453781512619
account_payable_process_13.json,model_eval_1,10,0.06953932766740656,0.9930460672332593,1.0,0.021990266238576864,2.2144255905311905,0.0,0.9773151784153598,1.0087769560511588,0.03146177763579905,0.6953932766740722
accounts_receivable_process_49.json,model_eval_1,10,0.329437685927084,0.9493589910546063,1.0,0.10785363958214544,11.360680269361014,0.0,0.8722051451454476,1.026512836963765,0.1543076918183175,5.0641008945393695
churn_rate_prevention_process_29.json,model_eval_1,10,0.03448275862068961,0.9965517241379309,1.0,0.010904405724718538,1.0942137232416527,0.0,0.9887511821972474,1.0043522660786144,0.01560108388136694,0.34482758620690834
order_fulfillment_process_22.json,model_eval_1,10,0.0,1.0,1.0,0.0,0.0,0.0,1.0,1.0,0.0,0.0
account_payable_process_36.json,model_eval_1,10,0.05769230769230771,0.9712085224024258,0.9714272273967448,0.028641180794968912,2.9490248627679643,2.9413188963032493,0.9507198559255905,0.9916971888792612,0.040977332953670675,0.022513780564403743
accounts_receivable_process_101.json,model_eval_1,10,0.06339654823359553,0.9853449285217746,1.0,0.022231902422893444,2.256255832792075,0.0,0.9694411835906918,1.0012486734528574,0.03180748986216564,1.4655071478225423
churn_rate_prevention_process_3.json,model_eval_1,10,0.0,1.0,1.0,0.0,0.0,0.0,1.0,1.0,0.0,0.0
project_management_process_65.json,model_eval_1,10,0.1428571428571429,0.9260412455296466,0.9183673469387755,0.04802001918474248,5.185516240939957,4.444444444444437,0.8916897931809973,0.960392697878296,0.06870290469729867,0.8356022910059627
order_fulfillment_process_2.json,model_eval_1,10,0.06521739130434778,0.9731699952486478,0.9685376653215797,0.021801529553282427,2.2402591181114326,1.2406255968533022,0.9575741205219837,0.9887658699753119,0.031191749453328255,0.47828082406377304
customer_support_process_for_the_ticket_management_10.json,model_eval_1,10,0.32299399546954943,0.6992980430430746,0.6778099217829208,0.09346378168084231,13.365371548034666,8.305845882388688,0.6324380813595496,0.7661580047265997,0.13371992336705008,3.1702281966648127
order_fulfillment_process_90.json,model_eval_1,10,0.058821391151880564,0.9882357217696238,1.0,0.024801276157282386,2.509651858452454,0.0,0.9704939575936262,1.0059774859456214,0.0354835283519952,1.176427823037618
employee_onboarding_process_3.json,model_eval_1,10,0.0136888077700279,0.9986311192229973,1.0,0.004328781100549856,0.43347148083247605,0.0,0.9955344957682837,1.001727742677711,0.006193246909427241,0.13688807770027012
account_payable_process_2.json,model_eval_1,10,0.01636543449083172,0.9983634565509169,1.0,0.005175204788930622,0.5183688119765114,0.0,0.9946613380653428,1.0020655750364909,0.007404236971148004,0.16365434490831499
loan_application_process_60.json,model_eval_1,9,0.19660744940094843,0.8583369526185289,0.8398923153076259,0.06390023831437508,7.4446565674977165,4.763114207140157,0.8092188813540354,0.9074550238830225,0.09823614252898705,2.196071683802391
loan_application_process_145.json,model_eval_1,8,0.06896551724137934,0.9685241193234367,0.9741379310344828,0.03402578136511904,3.513157874569791,2.654867256637168,0.9400778542273989,0.9969703844194746,0.05689253019207574,0.5762850960011847
client_onboarding_process_for_a_marketing_agency_40.json,model_eval_1,10,0.04878048780487809,0.9951219512195122,1.0,0.015425744683748207,1.5501361079256777,0.0,0.9840870382302527,1.0061568642087717,0.02206982597851903,0.4878048780487809
churn_rate_prevention_process_48.json,model_eval_1,10,0.0,1.0,1.0,0.0,0.0,0.0,1.0,1.0,0.0,0.0
budget_preparation_process_49.json,model_eval_1,10,0.0,1.0,1.0,0.0,0.0,0.0,1.0,1.0,0.0,0.0
content_promotion_process_91.json,model_eval_1,10,0.0,1.0,1.0,0.0,0.0,0.0,1.0,1.0,0.0,0.0
project_management_process_6.json,model_eval_1,10,0.11932884132646326,0.9228987127990329,0.9166666666666666,0.0311278049936567,3.37283003670577,0.0,0.9006312225291124,0.9451662030689534,0.04453498053984095,0.679859578076321
accounts_receivable_process_109.json,model_eval_1,10,0.0,1.0,1.0,0.0,0.0,0.0,1.0,1.0,0.0,0.0
order_fulfillment_process_1.json,model_eval_1,10,0.1791179796456841,0.9476691001841427,0.9757085020242915,0.06223923164236244,6.567612221425037,2.4896265560165984,0.9031458360064708,0.9921923643618147,0.08904652835534388,2.87374782345093
order_fulfillment_process_143.json,model_eval_1,10,0.13392892345644436,0.9590779492118813,0.9764021069953527,0.050903531835469855,5.307548972145553,2.015927608438459,0.9226637561750803,0.9954921422486822,0.07282838607360187,1.7742851699472892
final_grades_submission_process_96.json,model_eval_1,10,0.02893779702902599,0.9856776488685259,0.9857142857142858,0.015097478818257971,1.531685215302243,1.449275362318841,0.9748775631331392,0.9964777346039126,0.02160017147077342,0.0037167814538957805
purchase_order_workflow_74.json,model_eval_1,8,0.1031625627261058,0.9641290830218257,0.9608050678676381,0.036176047079579894,3.7521995463714224,3.1203188547439966,0.9338851508014354,0.9943730152422159,0.06048786444078047,0.3459614510115684
budget_preparation_process_54.json,model_eval_1,10,0.175094760092962,0.9403986617771356,0.9893690065764695,0.073994440419741,7.868411922227605,1.0745225848864088,0.887466227819439,0.9933310957348322,0.10586486791539329,4.949654221409952
loan_application_process_63.json,model_eval_1,8,0.15804159756152214,0.9533580562038497,0.9776431461569316,0.057476394587916556,6.0288360929974445,2.286811290085971,0.9053065878285068,1.0014095245791927,0.09610293675068593,2.484044413193648
process_for_optimizing_a_process_34.json,model_eval_1,10,0.04761904761904767,0.9845384762645818,1.0,0.022485518086161057,2.2838638233289696,0.0,0.9684533056173182,1.0006236469118455,0.03217034129452723,1.5461523735418203
purchase_order_workflow_159.json,model_eval_1,10,0.06981818181818167,0.9858851458648287,1.0,0.024819022105248754,2.5174354446204026,0.0,0.9681306870024003,1.0036396047272569,0.03550891772485654,1.4114854135171329
content_promotion_process_153.json,model_eval_1,10,0.0,1.0,1.0,0.0,0.0,0.0,1.0,1.0,0.0,0.0
accounts_receivable_process_144.json,model_eval_1,10,0.17922040874544076,0.8287446257921225,0.8166666666666667,0.04932326622609117,5.951563930679791,0.0,0.7934608866722586,0.8640283649119864,0.07056747823972787,1.4789337704639804
customer_support_process_for_the_ticket_management_1.json,model_eval_1,10,0.0,1.0,1.0,0.0,0.0,0.0,1.0,1.0,0.0,0.0
employee_onboarding_process_93.json,model_eval_1,10,0.027384526170930235,0.9850718809079902,0.9864982659173946,0.007798966552778087,0.7917154782237199,0.0,0.9794928363250263,0.9906509254909542,0.011158089165927976,0.1445907264801858
startup_due_diligence_for_a_venture_capitalist_68.json,model_eval_1,10,0.037956646322545695,0.9962043353677454,1.0,0.01200294547206985,1.2048678213831507,0.0,0.987617945432311,1.00479072530318,0.01717277987086907,0.37956646322545584
account_payable_process_170.json,model_eval_1,10,0.12034776631907285,0.927554057739288,0.9366934442327632,0.0418846130025739,4.5155980563179865,3.9155692883890114,0.8975916105739881,0.957516504904588,0.05992489433059989,0.9757073191604557
customer_support_process_for_the_ticket_management_22.json,model_eval_1,10,0.10204081632653061,0.9702483422506851,0.9795918367346939,0.031465784252381154,3.2430649847223623,2.0833333333333357,0.9477390761839612,0.992757608317409,0.04501853213344775,0.9538150619092245
loan_application_process_13.json,model_eval_1,10,0.12725586828662472,0.9718259499746378,1.0,0.04564957091870311,4.697299029717661,0.0,0.9391702141633459,1.0044816857859296,0.06531147162258366,2.817405002536222
customer_support_process_for_the_ticket_management_152.json,model_eval_1,10,0.16972310409755575,0.8530244820943176,0.8571428571428572,0.05881638748943831,6.895040965885792,5.555555555555548,0.8109497731195013,0.8950991910691338,0.08414941794963249,0.4804770889962895
purchase_order_workflow_35.json,model_eval_1,10,0.2969876638954865,0.8312322103815966,0.8295454545454546,0.0820790976243738,9.87438848004861,2.778707291607806,0.7725163610601604,0.8899480597030327,0.11743169864287228,0.20333495011026526
churn_rate_prevention_process_76.json,model_eval_1,10,0.05522503477063323,0.9831840888260868,1.0,0.022294867308618824,2.2676188073017642,0.0,0.9672353015291667,0.9991328761230068,0.03189757459384013,1.6815911173913234
client_onboarding_process_for_a_marketing_agency_6.json,model_eval_1,10,0.0,1.0,1.0,0.0,0.0,0.0,1.0,1.0,0.0,0.0
client_onboarding_process_for_a_marketing_agency_66.json,model_eval_1,10,0.009521121460156157,0.9990478878539844,1.0,0.0030108429693201555,0.3013712361464103,0.0,0.9968940605430879,1.0012017151648807,0.0043076546217927225,0.0952112146015649
accounts_receivable_process_60.json,model_eval_1,10,0.11111111111111116,0.9533333333333334,0.9777777777777779,0.052847582168109565,5.543452674976527,2.27272727272727,0.915528450465524,0.9911382162011427,0.07560976573561873,2.5000000000000044
employee_onboarding_process_14.json,model_eval_1,10,0.018181818181818188,0.9945454545454545,1.0,0.008782652573448147,0.8830820686282415,0.0,0.9882627233742973,1.0008281857166117,0.01256546234231437,0.545454545454549
process_for_optimizing_a_process_6.json,model_eval_1,10,0.0938159584776126,0.9751915692011603,1.0,0.03480666394049674,3.5692129669464867,0.0,0.950292381777526,1.0000907566247947,0.04979837484726879,2.4808430798839654
content_promotion_process_13.json,model_eval_1,10,0.0,1.0,1.0,0.0,0.0,0.0,1.0,1.0,0.0,0.0
client_onboarding_process_for_a_marketing_agency_64.json,model_eval_1,10,0.12574422481543224,0.9555374102307749,0.9670646811898216,0.038574391589534594,4.036931592266845,1.702849842973102,0.9279429528135845,0.9831318676479652,0.05518891483438071,1.191985518989713
client_onboarding_process_for_a_marketing_agency_180.json,model_eval_1,10,0.1209370226457287,0.9691683317863923,0.9684358569871322,0.03777279754985548,3.8974444697580894,3.1557633372351015,0.9421473002012714,0.9961893633715132,0.05404206317024185,0.07563482846854337
accounts_receivable_process_2.json,model_eval_1,10,0.043323996265172804,0.9941760701344828,1.0,0.013985124267454078,1.4067049778780434,0.0,0.9841717149089017,1.0041804253600641,0.02000871045116248,0.5823929865517163
account_payable_process_171.json,model_eval_1,10,0.05018664066039891,0.9833050297593809,0.989165431244798,0.01953461635899031,1.9866283368621147,1.0953242413220374,0.9693308070414897,0.9972792524772722,0.027948445435782565,0.5924591883525681
churn_rate_prevention_process_23.json,model_eval_1,7,0.09355322338830574,0.9581563613121865,0.9592147178664032,0.02951214834705444,3.0800973138285923,1.2933712334711354,0.9308621763896818,0.9854505462346912,0.054588369845009366,0.11033572926933712
final_grades_submission_process_43.json,model_eval_1,10,0.01851851851851849,0.9981481481481481,1.0,0.005856069741052546,0.5866934434449675,0.0,0.9939589682170403,1.0023373280792558,0.008378359862215468,0.18518518518518823
budget_preparation_process_2.json,model_eval_1,10,0.05882352941176472,0.9853397024703152,1.0,0.02401479760881143,2.4372099843946877,0.0,0.9681605511553641,1.0025188537852663,0.03435830262990214,1.4660297529684785
startup_due_diligence_for_a_venture_capitalist_187.json,model_eval_1,7,0.07692307692307687,0.9843101335159046,0.9945360167562153,0.02809715307979186,2.8545020642457772,0.5494002380734366,0.9583246009502179,1.0102956660815914,0.051971065131373506,1.0282064267178086
customer_support_process_for_the_ticket_management_54.json,model_eval_1,10,0.346419619512612,0.8533805728400697,0.8923700524899905,0.10112147272048325,11.849516609447612,2.7541676461959934,0.7810426289875478,0.9257185166925916,0.1446758877050438,4.36920530234379
project_management_process_3.json,model_eval_1,10,0.0,1.0,1.0,0.0,0.0,0.0,1.0,1.0,0.0,0.0
project_management_process_53.json,model_eval_1,10,0.07351613631234488,0.9873507271900314,1.0,0.024618024906065173,2.493341446775178,0.0,0.9697400530621199,1.0049614013179429,0.035221348255823015,1.2649272809968637
purchase_order_workflow_20.json,model_eval_1,10,0.08743741267560456,0.9574225131955382,0.9659966920123837,0.03249098254001285,3.3935887335226145,2.875556200913128,0.9341798644537677,0.9806651619373087,0.04648529748354102,0.8875991903226523
employee_onboarding_process_51.json,model_eval_1,10,0.016949152542372836,0.9966247817742115,1.0,0.00591160529991514,0.593162583153028,0.0,0.9923958740975445,1.0008536894508786,0.00845781535333412,0.33752182257884566
loan_application_process_6.json,model_eval_1,7,0.07528929405484253,0.9842340412477666,1.0,0.02932176114721084,2.9791451949820855,0.0,0.9571159351175714,1.0113521473779619,0.05423621226039044,1.576595875223341
final_grades_submission_process_81.json,model_eval_1,10,0.15274007038712922,0.9478289065374511,0.9696636019518698,0.05559290458362704,5.865288998909681,3.1285487035983364,0.9080601383205853,0.9875976747543169,0.07953753643373163,2.251780449474118
project_management_process_45.json,model_eval_1,10,0.02941176470588236,0.9912761246845887,1.0,0.01178497050929658,1.1888685922952502,0.0,0.9828456646441027,0.9997065847250747,0.016860920080971953,0.87238753154113
startup_due_diligence_for_a_venture_capitalist_92.json,model_eval_1,10,0.1871866169708204,0.9264850438652097,0.9631925064033484,0.07586369878273283,8.18833496396623,3.821405726472503,0.8722154230285034,0.980754664701916,0.10853924167341256,3.8110203613613907
purchase_order_workflow_1.json,model_eval_1,10,0.23762737057195926,0.8734907141542768,0.9051383399209487,0.07814089686783927,8.945818839470565,3.4747633232405093,0.8175920839411265,0.9293893443674272,0.11179726042630067,3.496440750641044
budget_preparation_process_162.json,model_eval_1,10,0.019918538802605412,0.9980081461197395,1.0,0.006298795027867612,0.6311366347416459,0.0,0.9935022595972608,1.0025140326422184,0.009011773044957594,0.19918538802604635
churn_rate_prevention_process_55.json,model_eval_1,10,0.0,1.0,1.0,0.0,0.0,0.0,1.0,1.0,0.0,0.0
employee_onboarding_process_4.json,model_eval_1,10,0.0,1.0,1.0,0.0,0.0,0.0,1.0,1.0,0.0,0.0
loan_application_process_14.json,model_eval_1,10,0.16907216494845356,0.9081850176776187,0.8992812254024082,0.05683141695064636,6.257691532500043,3.5068537521625283,0.8675302710858755,0.9488397642693619,0.08130949318348635,0.9901009855094323
startup_due_diligence_for_a_venture_capitalist_5.json,model_eval_1,10,0.0,1.0,1.0,0.0,0.0,0.0,1.0,1.0,0.0,0.0
accounts_receivable_process_0.json,model_eval_1,10,0.0847457627118644,0.9781275467689557,0.9792993151750228,0.02624645837410236,2.683337000455837,1.7307428157798412,0.95935196151377,0.9969031320241415,0.03755117051037149,0.11965375528294017
churn_rate_prevention_process_34.json,model_eval_1,10,0.056415327957277106,0.9916073566428153,1.0,0.018959563800227872,1.9120031404786415,0.0,0.9780445017441308,1.0051702115414998,0.027125709797368946,0.8392643357184704
budget_preparation_process_83.json,model_eval_1,10,0.0,1.0,1.0,0.0,0.0,0.0,1.0,1.0,0.0,0.0
client_onboarding_process_for_a_marketing_agency_172.json,model_eval_2,10,0.02083333333333337,0.9979166666666666,0.9999999999999999,0.006588078458684136,0.6601832275925648,0.0,0.9932038392441703,1.002629494089163,0.009425654844992581,0.20833333333333265
content_promotion_process_2.json,model_eval_2,10,0.0,0.9999999999999998,0.9999999999999999,1.1702778228589004e-16,1.1702778228589007e-14,0.0,0.9999999999999997,0.9999999999999999,2.220446049250313e-16,1.1102230246251569e-14
process_for_optimizing_a_process_9.json,model_eval_2,10,0.22008784299900108,0.8062257413384785,0.7503360215053764,0.09726774257185204,12.064579135165078,4.480130075098169,0.7366445899615273,0.8758068927154297,0.1391623027539024,7.448625446632863
order_fulfillment_process_7.json,model_eval_2,10,0.10632487667371382,0.9799593800200472,0.9999999999999999,0.035953684468126336,3.6688953849689994,0.0,0.9542396635406828,1.0056790964994116,0.05143943295872877,2.004061997995266
purchase_order_workflow_81.json,model_eval_2,10,0.04880952380952375,0.9873795064584538,0.9999999999999999,0.01769447230478618,1.792063962138829,0.0,0.9747216434977184,1.0000373694191893,0.02531572592147091,1.2620493541546043
churn_rate_prevention_process_27.json,model_eval_2,10,0.19408369408369397,0.9611832611832611,0.9999999999999999,0.08183287066717591,8.513763604917116,0.0,0.9026435520160926,1.0197229703504296,0.117079418334337,3.881673881673876
startup_due_diligence_for_a_venture_capitalist_7.json,model_eval_2,10,0.09315375982042651,0.7240847122593861,0.715146274926092,0.030044204954983705,4.149266577005299,2.72169392785641,0.7025923827604404,0.7455770417583317,0.04298465899789128,1.2498753956619426
project_management_process_81.json,model_eval_2,10,0.10590001766472346,0.9288772691713868,0.9166666666666665,0.03436826090490505,3.6999786780834416,1.2471148834785184,0.9042916963868614,0.9534628419559122,0.04917114556905089,1.332065727787667
content_promotion_process_0.json,model_eval_2,10,0.17341430499325228,0.9826585695006747,0.9999999999999999,0.054838418263378756,5.580617720684429,0.0,0.9434295282834588,1.0218876107178905,0.07845808243443164,1.7341430499325243
final_grades_submission_process_0.json,model_eval_2,10,0.09859708193041516,0.9700492365296286,0.9861694677871148,0.03784458312649329,3.901305387537139,1.4024498491034925,0.9429768526365108,0.9971216204227464,0.05414476778623567,1.6346309416431934
account_payable_process_122.json,model_eval_2,10,0.022624434389140302,0.9977375565610858,0.9999999999999999,0.007154474344272361,0.7170697642105179,0.0,0.9926195539303205,1.0028555591918509,0.010236005261530345,0.22624434389141307
client_onboarding_process_for_a_marketing_agency_173.json,model_eval_2,10,0.061076894363568446,0.993892310563643,0.9999999999999999,0.01931420985983765,1.9432899977749534,0.0,0.9800757571570414,1.0077088639702445,0.02763310681320308,0.6107689436356868
loan_application_process_79.json,model_eval_2,6,0.08081133328589396,0.9085889034725506,0.9152693346842282,0.032782179933880724,3.6080321703897087,2.3299008724770194,0.8741861154964532,0.942991691448648,0.06880557595219483,0.7298869260142299
content_promotion_process_129.json,model_eval_2,10,0.04931247036510189,0.9950687529634898,0.9999999999999999,0.015593972340327694,1.5671251151125085,0.0,0.9839134971583209,1.0062240087686587,0.022310511610337813,0.4931247036510046
employee_onboarding_process_11.json,model_eval_2,10,0.0,0.9999999999999998,0.9999999999999999,1.1702778228589004e-16,1.1702778228589007e-14,0.0,0.9999999999999997,0.9999999999999999,2.220446049250313e-16,1.1102230246251569e-14
process_for_optimizing_a_process_185.json,model_eval_2,10,0.08963210702341129,0.9891493609188249,0.9999999999999999,0.028309381078205964,2.8619925560998456,0.0,0.968898049660775,1.0094006721768747,0.04050262251609971,1.0850639081175009
project_management_process_8.json,model_eval_2,10,0.09249786871270238,0.9386590071706303,0.9356060606060606,0.027654530842131517,2.946174343491326,2.074093528709259,0.9188761475513328,0.9584418667899278,0.039565719238594976,0.32630683929004944
loan_application_process_48.json,model_eval_2,10,0.11890838206627674,0.973779587858535,0.9999999999999999,0.04338913488138924,4.455744957317031,0.0,0.9427408705770406,1.0048183051400295,0.062077434562988865,2.622041214146487
loan_application_process_72.json,model_eval_2,8,0.10590001766472346,0.9242996338584573,0.9166666666666665,0.03159495991122973,3.418259485761955,0.0,0.8978855863546172,0.9507136813622973,0.05282809500768004,0.8326873300135355
project_management_process_44.json,model_eval_2,10,0.0,1.0,1.0,0.0,0.0,0.0,1.0,1.0,0.0,0.0
process_for_optimizing_a_process_92.json,model_eval_2,10,0.08333333333333337,0.978660920285825,0.9857043682371918,0.025401599256990794,2.595546499350569,1.4502960749148412,0.9604897108346373,0.9968321297370126,0.03634241890237533,0.7145598800544143
content_promotion_process_199.json,model_eval_2,10,0.24362041467304618,0.8029106858054227,0.7651515151515151,0.08428130743226403,10.49697169588907,0.0,0.7426194704895159,0.8632019011213294,0.12058243063181351,4.934861907243363
project_management_process_2.json,model_eval_2,10,0.01788467468393462,0.9982115325316064,0.9999999999999999,0.005655630721238541,0.5665763755398675,0.0,0.9941657380375486,1.0022573270256643,0.008091588988115683,0.17884674683934512
startup_due_diligence_for_a_venture_capitalist_186.json,model_eval_2,10,0.23809523809523803,0.8476190476190476,0.7857142857142857,0.10718693978497858,12.645650199351405,3.030303030303034,0.7709421300140014,0.9242959652240939,0.1533538352100925,7.87878787878788
startup_due_diligence_for_a_venture_capitalist_45.json,model_eval_2,10,0.025932953826691918,0.9974067046173307,0.9999999999999999,0.008200720054832595,0.8222042239007123,0.0,0.9915402628921741,1.0032731463424873,0.011732883450313203,0.259329538266917
employee_onboarding_process_19.json,model_eval_2,10,0.2559985234403839,0.8868376455585759,0.8933982683982684,0.1053816907349721,11.882861678542897,11.9321623258631,0.8114521253284488,0.962223165788703,0.15077104046025425,0.7343447006512257
content_promotion_process_109.json,model_eval_2,9,0.219298245614035,0.9327485380116958,0.9444444444444444,0.08995684247318804,9.644275901514204,5.882352941176461,0.8636015877673353,1.0018954882560562,0.13829390048872092,1.2383900928792686
final_grades_submission_process_68.json,model_eval_2,10,0.0,0.9999999999999998,0.9999999999999999,1.1702778228589004e-16,1.1702778228589007e-14,0.0,0.9999999999999997,0.9999999999999999,2.220446049250313e-16,1.1102230246251569e-14
content_promotion_process_96.json,model_eval_2,10,0.0,0.9999999999999998,0.9999999999999999,1.1702778228589004e-16,1.1702778228589007e-14,0.0,0.9999999999999997,0.9999999999999999,2.220446049250313e-16,1.1102230246251569e-14
purchase_order_workflow_169.json,model_eval_2,10,0.05555555555555547,0.9867737172388333,0.9999999999999999,0.022857382444430245,2.3163752788622327,0.0,0.9704225308547976,1.003124903622869,0.03270237276807153,1.3226282761166555
account_payable_process_45.json,model_eval_2,10,0.0,0.9999999999999998,0.9999999999999999,1.1702778228589004e-16,1.1702778228589007e-14,0.0,0.9999999999999997,0.9999999999999999,2.220446049250313e-16,1.1102230246251569e-14
final_grades_submission_process_6.json,model_eval_2,10,0.025000000000000022,0.9974999999999999,1.0,0.007905694150420955,0.7925507920221508,0.0,0.9918446070930044,1.0031553929069954,0.011310785813991031,0.2500000000000058
budget_preparation_process_33.json,model_eval_2,9,0.033333333333333326,0.9946688056543673,0.9999999999999999,0.011564294194349938,1.1626276131925222,0.0,0.9857797022434045,1.0035579090653302,0.017778206821925657,0.5331194345632563
process_for_optimizing_a_process_37.json,model_eval_2,10,0.05339105339105332,0.9853308698469988,0.9999999999999999,0.02201046274894006,2.2338143889024633,0.0,0.9695855333159344,1.0010762063780632,0.031490673062128716,1.4669130153001089
budget_preparation_process_16.json,model_eval_2,10,0.08519607843137245,0.8130466708422498,0.8133333333333332,0.021230884572981785,2.6112750146296433,0.0,0.7978590109431012,0.8282343307413984,0.030375319798297218,0.035245388247964526
process_for_optimizing_a_process_99.json,model_eval_2,10,0.05329419439008476,0.9779579331349332,0.9808649879072413,0.01778048517204973,1.8181237218509765,1.3015347997706297,0.9652385402755984,0.9906773259942679,0.025438785718669532,0.29637664797380264
customer_support_process_for_the_ticket_management_25.json,model_eval_2,10,0.08531746031746035,0.9545634920634919,0.9503968253968254,0.03501482907009681,3.668150873275575,3.757828810020887,0.9295153922768158,0.979611591850168,0.05009619957335221,0.4384133611690891
process_for_optimizing_a_process_27.json,model_eval_2,10,0.07614139296529232,0.9776758356947035,0.9967948717948717,0.029285902210352904,2.995461393350622,0.3215434083601275,0.9567259633009461,0.998625708088461,0.0418997447875149,1.9180512100490272
accounts_receivable_process_41.json,model_eval_2,10,0.0,0.9999999999999998,0.9999999999999999,1.1702778228589004e-16,1.1702778228589007e-14,0.0,0.9999999999999997,0.9999999999999999,2.220446049250313e-16,1.1102230246251569e-14
budget_preparation_process_19.json,model_eval_2,10,0.17748917748917747,0.9822510822510822,0.9999999999999999,0.05612700608956864,5.714120055835327,0.0,0.9421002408334517,1.0224019236687125,0.08030168283526085,1.774891774891774
purchase_order_workflow_190.json,model_eval_2,10,0.18518518518518512,0.9057504873294345,0.9166666666666666,0.07135164205586784,7.877626681299948,8.133971291866024,0.8547085974324226,0.9567923772264465,0.10208377979402394,1.1908559276980475
budget_preparation_process_73.json,model_eval_2,10,0.017450458444247308,0.9982549541555752,0.9999999999999999,0.005518319489793991,0.5527966043967136,0.0,0.9943073861991986,1.002202522111952,0.00789513591275337,0.17450458444246977
startup_due_diligence_for_a_venture_capitalist_178.json,model_eval_2,10,0.05949820788530469,0.9850666293858181,0.9999999999999999,0.025320981838054524,2.5704841766736095,0.0,0.966953090162008,1.0031801686096282,0.03622707844762019,1.4933370614181765
purchase_order_workflow_4.json,model_eval_2,10,0.1794871794871794,0.9193084693084692,0.9156565656565656,0.0550710229305494,5.99048358294528,3.220331791760364,0.8799130327362319,0.9587039058807065,0.07879087314447464,0.3988289702575359
account_payable_process_179.json,model_eval_2,10,0.1473495058400719,0.9238797680307114,0.9281926406926406,0.06563274034325486,7.104034812143772,7.654637672710312,0.8769289339683846,0.9708306020930382,0.09390166812465361,0.46465275341020623
churn_rate_prevention_process_14.json,model_eval_2,10,0.08333333333333326,0.9727272727272727,0.9999999999999999,0.03931616253743141,4.041848485156501,0.0,0.944602184339856,1.0008523611146893,0.05625017677483335,2.727272727272723
final_grades_submission_process_63.json,model_eval_2,10,0.03785862170955334,0.9936785781506277,0.9999999999999999,0.013648678340782013,1.3735506270230842,0.0,0.983914901842177,1.0034422544590782,0.019527352616901195,0.6321421849372234
final_grades_submission_process_1.json,model_eval_2,10,0.0,0.9999999999999998,0.9999999999999999,1.1702778228589004e-16,1.1702778228589007e-14,0.0,0.9999999999999997,0.9999999999999999,2.220446049250313e-16,1.1102230246251569e-14
purchase_order_workflow_16.json,model_eval_2,10,0.08932748538011703,0.9816408007197479,0.9956140350877192,0.030179124455469653,3.074355144299427,0.4405286343612349,0.9600519556243795,1.0032296458151162,0.043177690190736695,1.4034790466508584
employee_onboarding_process_43.json,model_eval_2,10,0.02458547741566608,0.985009832654805,0.9814537446938227,0.011008122796203973,1.1175647624282905,0.6153343590708844,0.9771350959907674,0.9928845693188426,0.015749473328075192,0.3623286354765142
churn_rate_prevention_process_102.json,model_eval_2,10,0.2666666666666666,0.853418535230184,0.82297052154195,0.11236218195036139,13.166128612387718,10.526306376505529,0.7730394724020606,0.9337975980583073,0.1607581256562467,3.6997696626101884
order_fulfillment_process_40.json,model_eval_2,10,0.03858156028368798,0.9927499137134396,0.9999999999999999,0.012505890830615716,1.259722177545873,0.0,0.9838037383424434,1.0016960890844357,0.017892350741992358,0.7250086286560321
process_for_optimizing_a_process_0.json,model_eval_2,10,0.17720476404686925,0.8538572591061149,0.8689551591725505,0.05870866463004191,6.875700124808071,3.694150010119541,0.8118596104226987,0.895854907789531,0.08399529736683231,1.737477464408219
budget_preparation_process_10.json,model_eval_2,10,0.09988183859151589,0.9570042340629584,0.9755477308294209,0.040237694894076054,4.204547217439891,2.5065169440545354,0.9282199211401405,0.9857885469857763,0.057568625845635824,1.9008292654934085
accounts_receivable_process_43.json,model_eval_2,10,0.025000000000000022,0.9925,1.0,0.012076147288491209,1.216740280956293,0.0,0.983861244639659,1.0011387553603412,0.017277510720682288,0.7499999999999951
account_payable_process_32.json,model_eval_2,10,0.21834923158452568,0.8144372623397391,0.7807017543859649,0.0777028870732911,9.540684183587569,0.0,0.7588519654580017,0.8700225592214765,0.11117059376347482,4.321177423292428
client_onboarding_process_for_a_marketing_agency_102.json,model_eval_2,10,0.036658141517476595,0.9963341858482522,0.9999999999999999,0.01159232219840072,1.1634973850195984,0.0,0.9880415381073892,1.004626833589115,0.016585295481725937,0.36658141517477155
loan_application_process_4.json,model_eval_2,7,0.0461538461538461,0.9922161172161171,0.9999999999999999,0.017202229220291732,1.7337179795623971,0.0,0.9763067086601379,1.0081255257720965,0.03181881711195855,0.7783882783882757
process_for_optimizing_a_process_137.json,model_eval_2,10,0.2420282455493723,0.8192963365228462,0.8157407407407407,0.07056917767005098,8.613388651235981,4.690789801109638,0.7688141879279043,0.869778485117788,0.10096429718988364,0.43587326273257154
employee_onboarding_process_151.json,model_eval_2,9,0.1208755013102839,0.9211215078515802,0.924744337787816,0.04674470312038303,5.074759705634295,4.192423811474648,0.8851903482867488,0.9570526674164116,0.07186231912966279,0.39176557110934307
accounts_receivable_process_26.json,model_eval_2,10,0.050344462109167876,0.9888894409114997,0.9999999999999999,0.020931612036388013,2.1166786872650287,0.0,0.9739158676881708,1.0038630141348286,0.029947146446657746,1.111055908850023
order_fulfillment_process_64.json,model_eval_2,10,0.04335911002577664,0.9860591114538482,0.9961538461538461,0.017981241456397384,1.823545997144714,0.3861003861003848,0.9731961062000883,0.998922116707608,0.02572601050751966,1.013371050965039
project_management_process_23.json,model_eval_2,10,0.2222222222222222,0.9153153153153152,0.9376876876876876,0.09318977940544922,10.181166844492976,6.645316253002398,0.8486513630517443,0.9819792675788861,0.13332790452714183,2.385908726981593
final_grades_submission_process_42.json,model_eval_2,10,0.08333333333333326,0.9677391127391125,0.9854548229548228,0.03774158430687268,3.8999750872988876,1.475986184893218,0.9407404097629171,0.994737815715308,0.05399740595239089,1.797719165104988
customer_support_process_for_the_ticket_management_131.json,model_eval_2,10,0.38131313131313127,0.8398484848484848,0.8882575757575757,0.11720387102845102,13.955358989496242,0.7818052594171969,0.7560058863017873,0.9236910833951824,0.16768519709339502,5.449893390191891
customer_support_process_for_the_ticket_management_48.json,model_eval_2,10,0.14379084967320277,0.8954237755708343,0.9001570325099736,0.04613881612227064,5.15273520550167,3.6481293759871725,0.8624180548244573,0.9284294963172113,0.06601144149275395,0.5258256913175693
startup_due_diligence_for_a_venture_capitalist_0.json,model_eval_2,7,0.10139860139860135,0.9835751296951075,0.9999999999999999,0.03780990999411461,3.844130341709136,0.0,0.9486067951927627,1.0185434641974525,0.06993666900468976,1.6424870304892374
account_payable_process_3.json,model_eval_2,10,0.0,1.0,1.0,0.0,0.0,0.0,1.0,1.0,0.0,0.0
order_fulfillment_process_175.json,model_eval_2,10,0.05714285714285705,0.9844047619047618,0.9999999999999999,0.02546153710018614,2.5864906474974436,0.0,0.9661906755035153,1.0026188483060083,0.036428172802493,1.5595238095238109
client_onboarding_process_for_a_marketing_agency_5.json,model_eval_2,10,0.02777777777777779,0.9953703703703702,0.9999999999999999,0.010001143053098549,1.0047659997531566,0.0,0.9882159836197356,1.0025247571210048,0.014308773501269134,0.46296296296296513
order_fulfillment_process_17.json,model_eval_2,10,0.19024966261808363,0.8178613025981447,0.7867472735893788,0.06291494183243666,7.692617517489985,0.7684194666264964,0.7728546644695685,0.8628679407267209,0.09001327625715239,3.954767948138456
final_grades_submission_process_126.json,model_eval_2,10,0.19615384615384612,0.9454665945970293,0.9845008051529789,0.06947810602385004,7.348552177400045,1.5743201799223134,0.8957649516391062,0.9951682375549524,0.09940328591584624,3.9648734009805264
content_promotion_process_48.json,model_eval_2,10,0.08373590982286638,0.9665056360708533,0.9999999999999999,0.04324103789646501,4.473956103582935,0.0,0.9355728609902778,0.9974384111514287,0.06186555016115092,3.349436392914663
customer_support_process_for_the_ticket_management_46.json,model_eval_2,10,0.2136363636363635,0.8794586862412949,0.875,0.06604602317885078,7.509849434897718,4.199940845903573,0.8322122074484054,0.9267051650341843,0.09449295758577891,0.50956414186227
client_onboarding_process_for_a_marketing_agency_14.json,model_eval_2,10,0.16666666666666663,0.9833333333333332,0.9999999999999999,0.05270462766947298,5.359792644353186,0.0,0.9456307139533631,1.0210359527133033,0.07540523875994021,1.6666666666666723
employee_onboarding_process_195.json,model_eval_2,10,0.012195121951219523,0.9987804878048779,0.9999999999999999,0.0038564361709370514,0.3861144884210479,0.0,0.996021759557563,1.0015392160521928,0.005517456494629758,0.12195121951219526
startup_due_diligence_for_a_venture_capitalist_128.json,model_eval_2,10,0.02631578947368418,0.8017543859649121,0.8070175438596491,0.011095711088310091,1.3839289541218278,0.0,0.7938169924112342,0.8096917795185901,0.015874787107355903,0.6521739130434941
customer_support_process_for_the_ticket_management_35.json,model_eval_2,10,0.1704545454545453,0.9237824675324676,0.9147727272727273,0.06936288219210382,7.508573135987338,6.66962437148772,0.8741632507383166,0.9734016843266187,0.09923843358830209,0.9849157054126074
account_payable_process_13.json,model_eval_2,10,0.0850574712643678,0.9914942528735631,0.9999999999999999,0.02689753412097242,2.712828041415025,0.0,0.9722529160865439,1.0107355896605823,0.03848267357403845,0.8505747126436816
accounts_receivable_process_49.json,model_eval_2,10,0.36535947712418293,0.9421519474998672,0.9999999999999999,0.12337573223307262,13.095099209895759,0.0,0.8538942654177512,1.0304096295819831,0.17651536416423197,5.78480525001327
churn_rate_prevention_process_29.json,model_eval_2,10,0.015625,0.9984375,1.0,0.004941058844013092,0.4948791330466946,0.0,0.9949028794331278,1.0019721205668721,0.007069241133744297,0.15625000000000222
order_fulfillment_process_22.json,model_eval_2,10,0.0,0.9999999999999998,0.9999999999999999,1.1702778228589004e-16,1.1702778228589007e-14,0.0,0.9999999999999997,0.9999999999999999,2.220446049250313e-16,1.1102230246251569e-14
account_payable_process_36.json,model_eval_2,10,0.07828282828282818,0.9609090909090909,0.961111111111111,0.039157395093910974,4.075036386310508,4.046242774566471,0.9328975779088399,0.988920603909342,0.05602302600050213,0.02101944298474949
accounts_receivable_process_101.json,model_eval_2,10,0.0628019323671497,0.9848080345792016,0.9999999999999999,0.024640456720343398,2.5020568329209474,0.0,0.9671813136980327,1.0024347554603705,0.0352534417623378,1.5191965420798261
churn_rate_prevention_process_3.json,model_eval_2,10,0.0,0.9999999999999998,0.9999999999999999,1.1702778228589004e-16,1.1702778228589007e-14,0.0,0.9999999999999997,0.9999999999999999,2.220446049250313e-16,1.1102230246251569e-14
project_management_process_65.json,model_eval_2,10,0.22687400318979256,0.8676196172248802,0.8486842105263157,0.08261968052202899,9.522569439622828,7.855297157622738,0.8085170581943568,0.9267221762554037,0.11820511806104683,2.2311486962649676
order_fulfillment_process_2.json,model_eval_2,10,0.11111111111111105,0.9546052631578947,0.9551656920077972,0.03857777598872303,4.041228084276981,4.0306122448979576,0.9270083846873725,0.982202141628417,0.05519375694104456,0.058673469387749796
customer_support_process_for_the_ticket_management_10.json,model_eval_2,10,0.36974637681159417,0.6709771106510236,0.6394149831649831,0.10623993024907967,15.83361467368076,8.52394273490209,0.5949776428575028,0.7469765784445445,0.1519989355870417,4.936094448368088
order_fulfillment_process_90.json,model_eval_2,10,0.06706349206349205,0.9865873015873016,0.9999999999999999,0.02827645103536804,2.8660870649636982,0.0,0.9663595470628097,1.0068150561117934,0.04045550904898376,1.3412698412698323
employee_onboarding_process_3.json,model_eval_2,10,0.01724137931034475,0.9982758620689655,0.9999999999999999,0.005452202862359251,0.5461619447613758,0.0,0.9943755910986237,1.002176133039307,0.007800541940683359,0.1724137931034431
account_payable_process_2.json,model_eval_2,10,0.020915032679738488,0.997908496732026,0.9999999999999999,0.00661391406048286,0.6627776075804807,0.0,0.993177187633363,1.002639805830689,0.009462618197325856,0.2091503267973916
loan_application_process_60.json,model_eval_2,9,0.22187557015143222,0.8544505695222454,0.8538314176245211,0.06268898985004596,7.336760262808142,2.441205099353737,0.8062635462469194,0.9026375927975714,0.09637404655065196,0.07251453682120193
loan_application_process_145.json,model_eval_2,8,0.06891304347826077,0.976728777462473,0.9886363636363635,0.029219481131277147,2.9915654996046017,1.1494252873563209,0.9523006799175607,1.0011568750073854,0.04885619508982464,1.2044454980486983
client_onboarding_process_for_a_marketing_agency_40.json,model_eval_2,10,0.023809523809523836,0.9976190476190474,0.9999999999999999,0.007529232524210434,0.7547202052907835,0.0,0.9922329591361946,1.0030051361019003,0.01077217696570576,0.2380952380952484
churn_rate_prevention_process_48.json,model_eval_2,10,0.0,0.9999999999999998,0.9999999999999999,1.1702778228589004e-16,1.1702778228589007e-14,0.0,0.9999999999999997,0.9999999999999999,2.220446049250313e-16,1.1102230246251569e-14
budget_preparation_process_49.json,model_eval_2,10,0.0,0.9999999999999998,0.9999999999999999,1.1702778228589004e-16,1.1702778228589007e-14,0.0,0.9999999999999997,0.9999999999999999,2.220446049250313e-16,1.1102230246251569e-14
content_promotion_process_91.json,model_eval_2,10,0.0,0.9999999999999998,0.9999999999999999,1.1702778228589004e-16,1.1702778228589007e-14,0.0,0.9999999999999997,0.9999999999999999,2.220446049250313e-16,1.1102230246251569e-14
project_management_process_6.json,model_eval_2,10,0.1592592592592592,0.8918253968253967,0.8809523809523809,0.041438786907359394,4.646513438041545,0.0,0.8621818744361704,0.921468919214623,0.05928704477845259,1.2342342342342274
accounts_receivable_process_109.json,model_eval_2,10,0.0,0.9999999999999998,0.9999999999999999,1.1702778228589004e-16,1.1702778228589007e-14,0.0,0.9999999999999997,0.9999999999999999,2.220446049250313e-16,1.1102230246251569e-14
order_fulfillment_process_1.json,model_eval_2,10,0.24285714285714277,0.9256043956043956,0.9615384615384616,0.08505633326205884,9.189274993289036,3.9999999999999973,0.8647587602088395,0.9864500309999517,0.1216912707911122,3.7371428571428646
order_fulfillment_process_143.json,model_eval_2,10,0.1788364779874212,0.9504182445991548,0.971677559912854,0.06497254011952913,6.836205059061312,1.9078679168365227,0.9039396893261936,0.996896799872116,0.09295711054592237,2.1878981455129876
final_grades_submission_process_96.json,model_eval_2,10,0.0347903657448706,0.9831876300921796,0.9833333333333332,0.017727117249922385,1.8030248456503022,1.6949152542372936,0.9705064143444959,0.9958688458398632,0.02536243149536732,0.014817278761382455
purchase_order_workflow_74.json,model_eval_2,8,0.08187134502923965,0.9696273527784749,0.9779246157922628,0.03197650195764221,3.2978135224850345,2.2573707473201123,0.9428943281413525,0.9963603774155972,0.0534660492742447,0.8484563001889317
budget_preparation_process_54.json,model_eval_2,10,0.21097883597883593,0.927976688062895,0.9876984126984126,0.0898383485945026,9.681099724825595,1.2454801124949737,0.8637102049748177,0.9922431711509724,0.12853296617615473,6.046554683869201
loan_application_process_63.json,model_eval_2,8,0.17460317460317454,0.9480359329375986,0.9698792637622424,0.06284751012307913,6.629232916134188,3.105617097216474,0.8954940996023694,1.0005777662728277,0.10508366667045832,2.2521701041335542
process_for_optimizing_a_process_34.json,model_eval_2,10,0.08333333333333326,0.9734848484848484,0.9999999999999999,0.0394861004321007,4.056159733102952,0.0,0.9452381938508939,1.0017315031188028,0.05649330926790885,2.6515151515151496
purchase_order_workflow_159.json,model_eval_2,10,0.03383838383838378,0.9910068772834728,0.9999999999999999,0.014604648271471121,1.4737181553679097,0.0,0.9805593412832034,1.0014544132837422,0.02089507200053875,0.8993122716527082
content_promotion_process_153.json,model_eval_2,10,0.0,0.9999999999999998,0.9999999999999999,1.1702778228589004e-16,1.1702778228589007e-14,0.0,0.9999999999999997,0.9999999999999999,2.220446049250313e-16,1.1102230246251569e-14
accounts_receivable_process_144.json,model_eval_2,10,0.21626984126984128,0.7905525030525029,0.7756410256410255,0.059889164726890126,7.57560876673522,0.0,0.7477103754723073,0.8333946306326985,0.08568425516039113,1.9224714679260069
customer_support_process_for_the_ticket_management_1.json,model_eval_2,10,0.0,1.0,1.0,0.0,0.0,0.0,1.0,1.0,0.0,0.0
employee_onboarding_process_93.json,model_eval_2,10,0.02263707702304185,0.9911515969410706,0.9938271604938271,0.007517829018364976,0.7584943657021573,0.0,0.9857736660348765,0.9965295278472647,0.01075586181238819,0.26921819599165336
startup_due_diligence_for_a_venture_capitalist_68.json,model_eval_2,10,0.026013309134906182,0.9973986690865093,0.9999999999999999,0.008226130634436784,0.8247585333125496,0.0,0.9915140497277481,1.0032832884452705,0.011769238717522335,0.26013309134905743
account_payable_process_170.json,model_eval_2,10,0.15283446712018134,0.9124880986954423,0.9251757369614512,0.05237782741000611,5.740110746089638,4.595352132330167,0.8750192581379549,0.9499569392529298,0.0749376811149749,1.3713760271836308
customer_support_process_for_the_ticket_management_22.json,model_eval_2,10,0.08994708994708989,0.9693690077657079,0.976190476190476,0.029704515799525176,3.0643145759312973,2.376036672848789,0.9481196772500028,0.990618338281413,0.0424986610314102,0.6987845703421046
loan_application_process_13.json,model_eval_2,10,0.11596638655462188,0.9792940496036471,0.9999999999999999,0.03710122018939869,3.788567918330024,0.0,0.9527534355212225,1.0058346636860718,0.05308122816484928,2.0705950396352817
customer_support_process_for_the_ticket_management_152.json,model_eval_2,10,0.15157990157990142,0.8703974674562909,0.8734924525365702,0.04958450606332542,5.69676589342965,4.372612989789445,0.8349268486147468,0.905868086297835,0.07094123768308824,0.3543230478170275
purchase_order_workflow_35.json,model_eval_2,10,0.3409214092140921,0.8051626285539486,0.8003472222222221,0.09714945240043044,12.065817383366186,3.492235376885101,0.7356660968680323,0.8746591602398649,0.1389930633718326,0.6016646522938103
churn_rate_prevention_process_76.json,model_eval_2,10,0.06012296881862089,0.9795094750633652,0.9999999999999999,0.026674483582962347,2.723249163183108,0.0,0.960427699019092,0.9985912511076384,0.03816355208854638,2.049052493663473
client_onboarding_process_for_a_marketing_agency_6.json,model_eval_2,10,0.0,1.0,1.0,0.0,0.0,0.0,1.0,1.0,0.0,0.0
client_onboarding_process_for_a_marketing_agency_66.json,model_eval_2,10,0.011111111111111072,0.9988888888888887,0.9999999999999999,0.00351364184463152,0.3517550233780165,0.0,0.996375380930224,1.0014023968475534,0.005027015917329347,0.1111111111111174
accounts_receivable_process_60.json,model_eval_2,10,0.196078431372549,0.9174019607843137,0.9583333333333333,0.09303722698756842,10.141380873878685,4.347826086956518,0.8508471379463963,0.983956783622231,0.13310964567583472,4.271099744245522
employee_onboarding_process_14.json,model_eval_2,10,0.021739130434782594,0.993478260869565,0.9999999999999999,0.010500997642166254,1.0569931981173912,0.0,0.9859662996866597,1.0009902220524702,0.015023922365810516,0.6521739130434857
process_for_optimizing_a_process_6.json,model_eval_2,10,0.09817813765182182,0.9748981238919319,1.0,0.03520813801125328,3.6114684343321324,0.0,0.9497117392192136,1.0000845085646501,0.05037276934543655,2.5101876108068133
content_promotion_process_13.json,model_eval_2,10,0.0,0.9999999999999998,0.9999999999999999,1.1702778228589004e-16,1.1702778228589007e-14,0.0,0.9999999999999997,0.9999999999999999,2.220446049250313e-16,1.1102230246251569e-14
client_onboarding_process_for_a_marketing_agency_64.json,model_eval_2,10,0.05263157894736836,0.9757618609321395,0.976682564917859,0.01602500694875928,1.642307164316782,0.5127509495387983,0.9642982615431166,0.9872254603211623,0.02292719877804572,0.09426849815804399
client_onboarding_process_for_a_marketing_agency_180.json,model_eval_2,10,0.05197505197505192,0.9820757557599663,0.9785499785499785,0.018404624255122317,1.8740534166715217,2.1188138334357656,0.9689098806972694,0.9952416308226633,0.026331750125393905,0.3603062988374218
accounts_receivable_process_2.json,model_eval_2,10,0.051851851851851816,0.9930906768837803,0.9999999999999999,0.016694950140507554,1.6811103486435546,0.0,0.9811478290059322,1.0050335247616282,0.02388569575569599,0.6909323116219613
account_payable_process_171.json,model_eval_2,10,0.06039488966318218,0.9788898984630692,0.9856674856674856,0.024384324446158005,2.491018089413654,1.4540922309929352,0.9614464035730808,0.9963333933530576,0.03488698977997684,0.6876139573404649
churn_rate_prevention_process_23.json,model_eval_2,7,0.1266666666666666,0.9537983781134339,0.959096459096459,0.0412093084474469,4.320547129568083,2.5041877449830814,0.9156861244046858,0.9919106318221821,0.07622450741749631,0.5524033513809736
final_grades_submission_process_43.json,model_eval_2,10,0.007575757575757569,0.999242424242424,0.9999999999999999,0.002395664894066952,0.23974811676788305,0.0,0.9975286688160617,1.0009561796687863,0.0034275108527245246,0.07575757575758459
budget_preparation_process_2.json,model_eval_2,10,0.16666666666666663,0.9626666666666666,0.9999999999999999,0.06865192218542089,7.131432359981395,0.0,0.913556040023165,1.011777293310168,0.09822125328700304,3.733333333333334
startup_due_diligence_for_a_venture_capitalist_187.json,model_eval_2,7,0.09615384615384603,0.9804871640314679,0.9936708860759493,0.03519476064660863,3.589517735438614,0.6369426751592279,0.9479374392843807,1.013036888778555,0.06509944949417434,1.3267694796357161
customer_support_process_for_the_ticket_management_54.json,model_eval_2,10,0.3234842995530698,0.8711050256948768,0.9132678030774335,0.09557582797682297,10.971791593164387,1.7256208542746276,0.8027341971077923,0.9394758542819613,0.13674165717416908,4.616693727785105
project_management_process_3.json,model_eval_2,10,0.0,0.9999999999999998,0.9999999999999999,1.1702778228589004e-16,1.1702778228589007e-14,0.0,0.9999999999999997,0.9999999999999999,2.220446049250313e-16,1.1102230246251569e-14
project_management_process_53.json,model_eval_2,10,0.06547619047619035,0.988255972422639,0.9999999999999999,0.022033941361199003,2.2295783659353323,0.0,0.9724938403041525,1.0040181045411254,0.031524264236972854,1.174402757736093
purchase_order_workflow_20.json,model_eval_2,10,0.08333333333333326,0.9718161670798586,0.9685185185185184,0.02502407235689528,2.5749800429939684,1.8348659434763541,0.953915024103844,0.9897173100558733,0.03580228595202928,0.34048379027221776
employee_onboarding_process_51.json,model_eval_2,10,0.020000000000000018,0.9960392156862744,0.9999999999999999,0.006955059169402897,0.6982716202203784,0.0,0.9910638660780074,1.0010145652945415,0.00995069921653402,0.3960784313725486
loan_application_process_6.json,model_eval_2,7,0.0523513753327417,0.9884112547710595,0.9999999999999999,0.02092955308510127,2.1174944117718564,0.0,0.9690546465861067,1.0077678629560123,0.038713216369905545,1.158874522894038
final_grades_submission_process_81.json,model_eval_2,10,0.201226309921962,0.926789934218902,0.9569160997732427,0.07823259052444063,8.44124300836036,4.5023696682464305,0.8708257103152682,0.9827541581225357,0.11192844780726752,3.148255689446501
project_management_process_45.json,model_eval_2,10,0.027045300878972167,0.9904242731575389,0.9999999999999999,0.012612701396743127,1.2734644877526062,0.0,0.9814016901104329,0.9994468562046449,0.01804516609421203,0.9575726842460999
startup_due_diligence_for_a_venture_capitalist_92.json,model_eval_2,10,0.22791293213828423,0.9095709850308028,0.9620915032679738,0.09695514346026857,10.659436707623778,3.940217391304346,0.8402134535871232,0.9789285164744824,0.13871506288735924,5.458994083075516
purchase_order_workflow_1.json,model_eval_2,10,0.2970588235294118,0.8848029421558833,0.9224358974358975,0.099233262554873,11.215295273892774,3.480952681786593,0.8138157424852547,0.9557901418265119,0.14197439934125722,4.079736639112032
budget_preparation_process_162.json,model_eval_2,10,0.041530054644808745,0.9958469945355191,0.9999999999999999,0.013132956402885074,1.3187725097278142,0.0,0.9864522434769035,1.0052417455941345,0.01878950211723096,0.4153005464480831
churn_rate_prevention_process_55.json,model_eval_2,10,0.0,0.9999999999999998,0.9999999999999999,1.1702778228589004e-16,1.1702778228589007e-14,0.0,0.9999999999999997,0.9999999999999999,2.220446049250313e-16,1.1102230246251569e-14
employee_onboarding_process_4.json,model_eval_2,10,0.0,1.0,1.0,0.0,0.0,0.0,1.0,1.0,0.0,0.0
loan_application_process_14.json,model_eval_2,10,0.16666666666666663,0.9088719613719614,0.8996108058608059,0.06123704322286816,6.7376974783587285,5.5757729991093,0.8650656196012585,0.9526783031426642,0.08761268354140572,1.0294624576339764
startup_due_diligence_for_a_venture_capitalist_5.json,model_eval_2,10,0.0,1.0,1.0,0.0,0.0,0.0,1.0,1.0,0.0,0.0
accounts_receivable_process_0.json,model_eval_2,10,0.10333333333333328,0.9748750378929889,0.9818594661945045,0.032143592323764056,3.2972012898428966,1.8475692734118632,0.9518808971414786,0.9978691786444992,0.04598828150302059,0.7113470452737862
churn_rate_prevention_process_34.json,model_eval_2,10,0.08033826638477792,0.9900787449826882,0.9999999999999999,0.025443101276397016,2.5698058265902777,0.0,0.9718778467753065,1.0082796431900698,0.036401796414763266,0.9921255017311672
budget_preparation_process_83.json,model_eval_2,10,0.0,1.0,1.0,0.0,0.0,0.0,1.0,1.0,0.0,0.0
client_onboarding_process_for_a_marketing_agency_172.json,text_eval_1,10,0.04411691427230835,0.8278825044631958,0.8283752501010895,0.012331540295080021,1.4895278289611724,0.8750178669972986,0.8190610519518547,0.8367039569745368,0.017642905022682065,0.059483384834779586
content_promotion_process_2.json,text_eval_1,10,0.050840139389038086,0.8786431431770325,0.8856791257858276,0.016695930720895525,1.9001947321327428,0.8543544988535745,0.8666995938342321,0.8905866925198329,0.023887098685600794,0.794416668966018
process_for_optimizing_a_process_9.json,text_eval_1,10,0.07907885313034058,0.8460934221744537,0.8513166010379791,0.022071971610310503,2.6086920228720962,0.7803204186036661,0.8303040848546297,0.8618827594942777,0.03157867463964803,0.6135412908848461
order_fulfillment_process_7.json,text_eval_1,10,0.03479504585266113,0.8452428817749024,0.8463827669620514,0.010808600283014993,1.2787567356164313,0.6826575015617137,0.8375108749185711,0.8529748886312336,0.015464013712662483,0.13467726797421123
purchase_order_workflow_81.json,text_eval_1,10,0.05053675174713135,0.8110485553741456,0.8101701140403748,0.014064777197010448,1.7341473705630623,0.9487508422906067,0.8009872198753254,0.8211098908729657,0.020122670997640313,0.10842677587672893
churn_rate_prevention_process_27.json,text_eval_1,10,0.024352192878723145,0.7815306782722473,0.7789097428321838,0.008018221305771383,1.0259637310076553,0.6085658356020541,0.7757947882875627,0.787266568256932,0.011471779969369322,0.33648769503556686
startup_due_diligence_for_a_venture_capitalist_7.json,text_eval_1,10,0.047898948192596436,0.7273147523403167,0.7223048210144043,0.018892841534559904,2.5976156091661102,2.129517066140827,0.7137996276751599,0.7408298770054735,0.027030249330313616,0.6936034732367545
project_management_process_81.json,text_eval_1,10,0.07393032312393188,0.7878624022006988,0.7899290025234222,0.02127788606891864,2.700710937529717,1.498723723448979,0.7726411194568409,0.8030836849445567,0.030442565487715845,0.26161848927203507
content_promotion_process_0.json,text_eval_1,10,0.05910128355026245,0.8497523844242096,0.8517048060894012,0.01808911269984851,2.128751037527909,1.491864277833478,0.8368122127314913,0.862692556116928,0.025880343385436655,0.22923689654355023
final_grades_submission_process_0.json,text_eval_1,10,0.06536173820495605,0.8863053619861603,0.8873802423477173,0.019536739474137102,2.2042898883468753,1.3580274278820803,0.8723296204831866,0.9002811034891339,0.027951483005947297,0.1211296251889974
account_payable_process_122.json,text_eval_1,10,0.0533791184425354,0.8520043611526489,0.8529294729232788,0.015211221845567112,1.7853455380191185,1.102696742689721,0.8411229085571706,0.8628858137481271,0.021762905190956472,0.10846286826732053
client_onboarding_process_for_a_marketing_agency_173.json,text_eval_1,10,0.041980624198913574,0.827214390039444,0.8293866515159607,0.012193430435725499,1.4740350968923643,0.9174836086385437,0.8184917353697748,0.8359370447091131,0.0174453093393383,0.26191179621063876
loan_application_process_79.json,text_eval_1,6,0.03129810094833374,0.830971340338389,0.8276964426040649,0.01161064708088501,1.3972379692609989,0.7958806150632394,0.8187867134894541,0.843155967187324,0.024369253697869908,0.39566410651962575
content_promotion_process_129.json,text_eval_1,10,0.05423092842102051,0.8608967959880829,0.8584049642086029,0.018983439129580802,2.205077219249354,1.6719027002851863,0.8473168617076635,0.8744767302685023,0.02715986856083874,0.29028627319010175
employee_onboarding_process_11.json,text_eval_1,10,0.04632103443145752,0.8563368678092956,0.8550775051116943,0.01671056577229347,1.9514009498438265,1.5029813562417484,0.8443828491814085,0.8682908864371828,0.023908037255774284,0.1472805318901229
process_for_optimizing_a_process_185.json,text_eval_1,10,0.04164320230484009,0.8600021064281463,0.8595474660396576,0.01307394493995546,1.5202224322746811,1.0246890718058312,0.850649569627069,0.8693546432292237,0.018705073602154787,0.052892993866120154
project_management_process_8.json,text_eval_1,10,0.05174720287322998,0.8070793747901917,0.8085253536701202,0.014193889650399742,1.758673321826566,0.9996863574406841,0.7969256778061926,0.8172330717741907,0.020307393967998077,0.17884150118049988
loan_application_process_48.json,text_eval_1,10,0.04992300271987915,0.9094927132129669,0.9076184630393982,0.013769006355622046,1.513921569198751,0.5547663668260272,0.8996429594281187,0.9193424669978151,0.019699507569696406,0.2065019884338033
loan_application_process_72.json,text_eval_1,8,0.035076260566711426,0.8678338751196861,0.8648585379123688,0.013928556946774948,1.6049796333260222,1.0029484314470822,0.8561893101040714,0.8794784401353009,0.023289130031229455,0.34402588133076006
project_management_process_44.json,text_eval_1,10,0.05825626850128174,0.8063726723194122,0.8047321736812592,0.017327114925877348,2.148772586258219,0.887178962438465,0.7939776009966385,0.818767743642186,0.024790142645547464,0.2038564744651119
process_for_optimizing_a_process_92.json,text_eval_1,10,0.047524988651275635,0.8651507318019866,0.8677093386650085,0.016463053329854826,1.9029115649667905,1.4984770651667458,0.8533737729091116,0.8769276906948617,0.02355391778575,0.2948691167664938
content_promotion_process_199.json,text_eval_1,10,0.04853266477584839,0.863295179605484,0.8593433201313019,0.015985139122581985,1.8516423466984968,1.1213715993017737,0.8518600999412431,0.8747302592697248,0.022870159328481687,0.45986969137995587
project_management_process_2.json,text_eval_1,10,0.0426173210144043,0.7868824005126953,0.7850717306137085,0.012793524898388824,1.6258496682672239,1.1922421127483218,0.7777304641249252,0.7960343369004654,0.018303872775540242,0.2306375109916866
startup_due_diligence_for_a_venture_capitalist_186.json,text_eval_1,10,0.040736496448516846,0.7129526019096375,0.7141522169113159,0.014250701383945356,1.9988287223828025,1.3997512495528517,0.7027582642597064,0.7231469395595685,0.020388675299862102,0.1679774946112632
startup_due_diligence_for_a_venture_capitalist_45.json,text_eval_1,10,0.03270983695983887,0.7536482453346253,0.7566819787025452,0.012165324471067345,1.6141913082628956,1.0235709018743337,0.7449456964608733,0.7623507942083773,0.017405097747503984,0.40092581207256067
employee_onboarding_process_19.json,text_eval_1,10,0.041375160217285156,0.7979250192642212,0.8004148304462433,0.012915707716016694,1.6186618296449038,1.1261114926520428,0.7886856785540701,0.8071643599743723,0.01847868142030218,0.3110650986606489
content_promotion_process_109.json,text_eval_1,9,0.060810387134552,0.8651788499620225,0.871900737285614,0.01978942736348992,2.2873221374237924,1.0649800824674922,0.8499673495175125,0.8803903504065326,0.030423000889020058,0.7709463974669788
final_grades_submission_process_68.json,text_eval_1,10,0.028263866901397705,0.9043416559696198,0.9028810858726501,0.009230434003305395,1.0206799545696787,0.6806750088511022,0.8977386012602488,0.9109447106789907,0.013206109418741896,0.1617677144668484
content_promotion_process_96.json,text_eval_1,10,0.06388789415359497,0.8553085088729858,0.8552993535995483,0.022827263169425953,2.668892327460269,1.949999519148416,0.8389788685203272,0.8716381492256444,0.032659280705317206,0.0010704174391045196
purchase_order_workflow_169.json,text_eval_1,10,0.04504978656768799,0.8337976574897766,0.8333446085453033,0.01319970020037047,1.583081948216233,0.7881868530264118,0.8243551607946993,0.843240154184854,0.018884993390154703,0.0543651377626522
account_payable_process_45.json,text_eval_1,10,0.04737824201583862,0.8300367653369903,0.830994576215744,0.013598470054063172,1.6382973166908177,0.5796607469400149,0.820309005873181,0.8397645248007997,0.019455518927618654,0.11526078583032967
final_grades_submission_process_6.json,text_eval_1,10,0.020668089389801025,0.9329535663127899,0.933107316493988,0.005765452610104756,0.6179785166469669,0.3734187981393481,0.9288292099721049,0.9370779226534749,0.008248712681369952,0.016477223839141412
budget_preparation_process_33.json,text_eval_1,9,0.03476971387863159,0.8299753864606222,0.8290666341781616,0.011769400838730732,1.4180421529029434,1.079993932174072,0.8209286241262927,0.8390221487949516,0.018093524668658878,0.1096114889922445
process_for_optimizing_a_process_37.json,text_eval_1,10,0.036939382553100586,0.8535151720046997,0.8541729748249054,0.01226161456752829,1.4366018284981084,0.7867580554384697,0.8447437413454678,0.8622866026639316,0.01754286131846383,0.0770104931428564
budget_preparation_process_16.json,text_eval_1,10,0.07695156335830688,0.8175734162330628,0.8169003427028656,0.024467714872951275,2.992723881077898,2.2337394908916166,0.8000702674253759,0.8350765650407497,0.03500629761537377,0.08239359136148725
process_for_optimizing_a_process_99.json,text_eval_1,10,0.05359679460525513,0.8651453673839569,0.8650024831295013,0.014519326159840805,1.678252777766657,0.43140202090862917,0.8547588671454742,0.8755318676224395,0.020773000476965287,0.016518363500943902
customer_support_process_for_the_ticket_management_25.json,text_eval_1,10,0.07841885089874268,0.7938663184642791,0.7891068458557129,0.021208306954794906,2.6715211946290927,1.0825653507783357,0.7786948096202209,0.8090378273083374,0.030343017688116536,0.6031467897614087
process_for_optimizing_a_process_27.json,text_eval_1,10,0.026764631271362305,0.8241635799407959,0.8273531496524811,0.008727929674285293,1.0590045334097713,0.7054696337878199,0.8179199951734697,0.8304071647081221,0.012487169534652454,0.3855149053369647
accounts_receivable_process_41.json,text_eval_1,10,0.055085957050323486,0.8261719763278961,0.8271775841712952,0.016210558077550227,1.9621287748831224,1.2836170623495746,0.814575641657482,0.8377683109983102,0.023192669340828198,0.12157097371135327
budget_preparation_process_19.json,text_eval_1,10,0.03452795743942261,0.8202752113342285,0.8231421411037445,0.012090184010203661,1.4739180025370053,0.8805264664998822,0.8116264147080733,0.8289240079603838,0.017297593252310506,0.34829097264680514
purchase_order_workflow_190.json,text_eval_1,10,0.052622437477111816,0.8090185344219207,0.8072660565376282,0.015240975507592036,1.8838845909114288,0.968643891906164,0.798115797338835,0.8199212715050065,0.021805474166171512,0.2170880182685932
budget_preparation_process_73.json,text_eval_1,10,0.02698463201522827,0.8186601459980011,0.8180568218231201,0.009553136112894406,1.1669233148327378,1.127717323986886,0.8118262441059643,0.8254940478900379,0.013667803784073618,0.07375088854297333
startup_due_diligence_for_a_venture_capitalist_178.json,text_eval_1,10,0.041291117668151855,0.7153820872306824,0.7180330157279968,0.014696271047817094,2.0543247182366375,1.6819649037757143,0.7048690082446097,0.7258951662167551,0.021026157972145354,0.369193120545675
purchase_order_workflow_4.json,text_eval_1,10,0.03711807727813721,0.842631608247757,0.8376317024230957,0.01245079140074779,1.4776079224750507,0.8851232266581504,0.8337248486344319,0.8515383678610821,0.0178135192266502,0.5969098125342629
account_payable_process_179.json,text_eval_1,10,0.03509116172790527,0.8668125808238983,0.8647955060005188,0.014174578375714394,1.6352529588624074,1.7351982350647648,0.8566726982936086,0.8769524633541881,0.02027976506057949,0.2332429816510088
churn_rate_prevention_process_14.json,text_eval_1,10,0.037754714488983154,0.7769175231456756,0.7778167724609375,0.012758495889010938,1.6421943782852044,1.0372386893084844,0.7677906450016734,0.7860444012896779,0.01825375628800452,0.11561197278077776
final_grades_submission_process_63.json,text_eval_1,10,0.024296462535858154,0.8895255088806152,0.8908683955669403,0.007707409896878041,0.8664630547332023,0.5918591912916994,0.8840119599837368,0.8950390577774936,0.011027097793756768,0.15073906460341932
final_grades_submission_process_1.json,text_eval_1,10,0.029363393783569336,0.9147213399410248,0.9136411249637604,0.010721142239033749,1.172066483080517,1.0465245959701674,0.9070518968004382,0.9223907830816114,0.015338886281173192,0.11823186891978524
purchase_order_workflow_16.json,text_eval_1,10,0.05305826663970947,0.8188832402229309,0.8183504343032837,0.016122981030286386,1.9688986461485158,0.9453523988462337,0.8073495543980815,0.8304169260477803,0.023067371649698742,0.0651073057840838
employee_onboarding_process_43.json,text_eval_1,10,0.0324895977973938,0.783365398645401,0.7836562395095825,0.010693225518712188,1.3650367423941576,0.9860339210972066,0.7757159259234885,0.7910148713673135,0.01529894544382504,0.03711332208157097
churn_rate_prevention_process_102.json,text_eval_1,10,0.03420799970626831,0.7718738317489624,0.7733949422836304,0.010762825846440616,1.3943763091506158,1.2234946800156048,0.7641745699519515,0.7795730935459733,0.015398523594021718,0.19667965893034317
order_fulfillment_process_40.json,text_eval_1,10,0.026873290538787842,0.8303748548030854,0.8293981850147247,0.01015256329979107,1.2226482101506606,1.223823871985558,0.8231121485332755,0.8376375610728952,0.014525412539619698,0.11775644147850417
process_for_optimizing_a_process_0.json,text_eval_1,10,0.01611846685409546,0.8489432334899902,0.8464467823505402,0.00554123140012296,0.6527210750409139,0.3786699695278941,0.8449792753403308,0.8529071916396497,0.007927916299318882,0.294933029636849
budget_preparation_process_10.json,text_eval_1,10,0.07435911893844604,0.832192987203598,0.832259327173233,0.025312561622845134,3.041669662214103,2.456611294948229,0.8140854714388878,0.8503005029683083,0.036215031529420516,0.00797106952953394
accounts_receivable_process_43.json,text_eval_1,10,0.04352074861526489,0.8333768308162689,0.8344943523406982,0.014259747295614661,1.7110803622471293,1.3091539925882605,0.8231760221109544,0.8435776395215834,0.02040161741062896,0.13391600809457535
account_payable_process_32.json,text_eval_1,10,0.04850488901138306,0.8553854942321777,0.856601744890213,0.015231886884842063,1.7807043710175035,1.4570995816863257,0.844489258758142,0.8662817297062134,0.021792470948071463,0.14198554524205462
client_onboarding_process_for_a_marketing_agency_102.json,text_eval_1,10,0.07745331525802612,0.7609611392021179,0.7616138160228729,0.021443559666990544,2.817957259877228,0.9986531676386615,0.7456213407057423,0.7763009376984936,0.030679596992751357,0.08569655736594219
loan_application_process_4.json,text_eval_1,7,0.03869444131851196,0.8564399651118687,0.8592448830604553,0.014722332791983579,1.7190151547937793,1.7216601551485018,0.8428240782238794,0.870055851999858,0.02723177377597863,0.3264398780701573
process_for_optimizing_a_process_137.json,text_eval_1,10,0.02741307020187378,0.8773544371128082,0.8815826773643494,0.009049225940428042,1.0314219154355873,0.4294951970193306,0.8708810108426341,0.8838278633829824,0.01294685254034822,0.47961925297604574
employee_onboarding_process_151.json,text_eval_1,9,0.042546629905700684,0.8119177288479276,0.8069440126419067,0.015238025068220005,1.876794227642009,1.3862328388389835,0.8002047459080409,0.8236307117878142,0.023425965879773303,0.6163644723922115
accounts_receivable_process_26.json,text_eval_1,10,0.03477931022644043,0.852191025018692,0.8554816544055939,0.01191865578192254,1.3985896861165743,1.179092945560632,0.8436649322952066,0.8607171177421775,0.017052185446970958,0.3846522447273554
order_fulfillment_process_64.json,text_eval_1,10,0.0471767783164978,0.8265647709369659,0.8278599083423615,0.01592299348179469,1.926406017007587,1.5227927888782815,0.8151741475860382,0.8379553942878936,0.02278124670185533,0.15644403024526563
project_management_process_23.json,text_eval_1,10,0.05835968255996704,0.8093835830688476,0.8082369863986969,0.019328221848941948,2.388017530039012,1.6578912639644057,0.7955570060890739,0.8232101600486214,0.027653153959547483,0.14186391979655152
final_grades_submission_process_42.json,text_eval_1,10,0.03144639730453491,0.9142868161201477,0.9154965877532959,0.01080602565366983,1.1819076315161254,1.0591827173360773,0.9065566510426989,0.9220169811975966,0.015460330154897672,0.13214376212117301
customer_support_process_for_the_ticket_management_131.json,text_eval_1,10,0.04489213228225708,0.8238697171211242,0.8240087032318115,0.015175872007832596,1.842023282620723,1.6445246912526479,0.8130135522761943,0.8347258819660541,0.02171232968985981,0.016867068289714467
customer_support_process_for_the_ticket_management_48.json,text_eval_1,10,0.05491292476654053,0.769280481338501,0.769755482673645,0.014951088094118666,1.9435158510852486,0.8494811277435944,0.7585851172185974,0.7799758454584046,0.021390728239807144,0.061708080791336946
startup_due_diligence_for_a_venture_capitalist_0.json,text_eval_1,7,0.05460077524185181,0.7403711250850132,0.7414262890815735,0.01756446511897669,2.3723865672043662,1.5933507563950324,0.7241267041982471,0.7566155459717794,0.032488841773532284,0.1423154279931605
account_payable_process_3.json,text_eval_1,10,0.053236186504364014,0.8406920075416565,0.8317585587501526,0.018387266478970224,2.18715847349829,0.6911201208089696,0.8275385494840023,0.8538454655993107,0.026306916115308443,1.0740435066791298
order_fulfillment_process_175.json,text_eval_1,10,0.05762624740600586,0.816555666923523,0.8145141899585724,0.01689873647967263,2.0695143226843014,1.157736937781848,0.8044670390806108,0.8286442947664352,0.024177255685824406,0.25063737257351393
client_onboarding_process_for_a_marketing_agency_5.json,text_eval_1,10,0.04980343580245972,0.7703287482261658,0.7742975950241089,0.015887547158657072,2.0624372639916775,1.3251547778009227,0.7589634816472859,0.7816940148050457,0.022730533157759858,0.5125738247733412
order_fulfillment_process_17.json,text_eval_1,10,0.0390591025352478,0.8249292492866516,0.8207739591598511,0.01234747042093223,1.4967914438249785,0.6283776492338367,0.8160964010497692,0.8337620975235339,0.017665696473764703,0.5062648589696817
final_grades_submission_process_126.json,text_eval_1,10,0.023261606693267822,0.9023009121418,0.9048226475715637,0.00750792378950666,0.8320864678818769,0.41034807701112064,0.896930067009475,0.907671757274125,0.010741690264649995,0.2786994154635483
content_promotion_process_48.json,text_eval_1,10,0.04546988010406494,0.8642840802669525,0.86446213722229,0.015636496902099187,1.8091848801923462,1.402811421536167,0.8530984042228469,0.8754697563110581,0.02237135208821117,0.020597426731690714
customer_support_process_for_the_ticket_management_46.json,text_eval_1,10,0.05389904975891113,0.7925413846969604,0.7925880551338196,0.01586211017592274,2.0014235826925106,1.3085958547901881,0.7811943146393465,0.8038884547545744,0.022694140115227857,0.0058883598556441884
client_onboarding_process_for_a_marketing_agency_14.json,text_eval_1,10,0.04407542943954468,0.762609851360321,0.7625372409820557,0.014101852997366649,1.8491569407623283,1.5513178353713348,0.7525219934316717,0.7726977092889703,0.020175715857298604,0.009522207488754656
employee_onboarding_process_195.json,text_eval_1,10,0.039268434047698975,0.7767197549343109,0.7825090289115906,0.01301663278233729,1.675846751630276,0.842986571856893,0.7674082167809818,0.78603129308764,0.01862307630665816,0.7398347831630923
startup_due_diligence_for_a_venture_capitalist_128.json,text_eval_1,10,0.061607182025909424,0.7264421641826629,0.7356127202510834,0.01909378799148945,2.628397542558989,0.768761839847536,0.7127832910818113,0.7401010372835146,0.027317746201703352,1.246655450070288
customer_support_process_for_the_ticket_management_35.json,text_eval_1,10,0.04129749536514282,0.7954495966434478,0.7984153628349304,0.01610638929594383,2.024815822889072,1.560459738262706,0.7839277798303425,0.8069714134565532,0.023043633626210758,0.3714565537606959
account_payable_process_13.json,text_eval_1,10,0.03150153160095215,0.8974683046340942,0.8997536599636078,0.009647660156476829,1.0749861701701282,0.5711058989875797,0.8905667843147005,0.9043698249534879,0.013803040638787456,0.25399789200146267
accounts_receivable_process_49.json,text_eval_1,10,0.027002155780792236,0.8442877113819123,0.8468121290206909,0.008233403539707189,0.9751893138691937,0.2422371833900536,0.8383978893001395,0.8501775334636851,0.0117796441635456,0.2981083468535157
churn_rate_prevention_process_29.json,text_eval_1,10,0.02183234691619873,0.7171970963478088,0.7192062735557556,0.008214433657229356,1.1453523304904347,0.8598176786729363,0.7113208445024719,0.7230733481931457,0.011752503690673821,0.2793603562457024
order_fulfillment_process_22.json,text_eval_1,10,0.039872944355010986,0.8261017322540283,0.82713982462883,0.010706680999863726,1.296048728847284,0.3929422303436737,0.8184426340607509,0.8337608304473056,0.015318196386554739,0.12550385604604553
account_payable_process_36.json,text_eval_1,10,0.03153789043426514,0.8904431462287903,0.8917268812656403,0.0122060293296007,1.370781434086583,1.3097319780174643,0.88171147885338,0.8991748136042006,0.017463334750820625,0.14396056279339173
accounts_receivable_process_101.json,text_eval_1,10,0.03591179847717285,0.8515589892864227,0.8538197875022888,0.01282409054935226,1.5059544565548428,1.226641862922407,0.8423851875491505,0.8607327910236949,0.01834760347454445,0.2647863458962118
churn_rate_prevention_process_3.json,text_eval_1,10,0.03277742862701416,0.756082046031952,0.7544055879116058,0.00971985489287232,1.285555574806171,0.8424742839347829,0.749128880709303,0.763035211354601,0.013906330645298004,0.22222238901848448
project_management_process_65.json,text_eval_1,10,0.08743393421173096,0.7866851389408112,0.7819007933139801,0.02638904523507676,3.3544608800678293,1.8583495796291212,0.7678075531899268,0.8055627246916955,0.03775517150176877,0.6118865293067752
order_fulfillment_process_2.json,text_eval_1,10,0.06584817171096802,0.8045801222324371,0.8052146732807159,0.01982290812215343,2.4637581235727746,1.470106376289065,0.7903996680108327,0.8187605764540415,0.02836090844320882,0.0788052018095291
customer_support_process_for_the_ticket_management_10.json,text_eval_1,10,0.044815897941589355,0.7254684627056122,0.7255958020687103,0.014990356152951334,2.06630018030629,1.6040814960228085,0.7147450079086386,0.7361919175025857,0.021446909593947128,0.017549627869278706
order_fulfillment_process_90.json,text_eval_1,10,0.039387285709381104,0.8405566513538361,0.8461742997169495,0.01509804692774682,1.7961962353672736,1.1462056462147683,0.8297561592174032,0.8513571434902689,0.02160098427286572,0.6638878497010062
employee_onboarding_process_3.json,text_eval_1,10,0.03806537389755249,0.8167215645313263,0.8155523836612701,0.011820998261225405,1.44737187979221,1.0072611042332038,0.8082653317896915,0.825177797272961,0.016912465483269523,0.14336060975106357
account_payable_process_2.json,text_eval_1,10,0.06446951627731323,0.865592110157013,0.8631646633148193,0.019187948706901478,2.216742560583287,1.3320029002520457,0.8518658785381201,0.8793183417759058,0.027452463237785718,0.2812263922936212
loan_application_process_60.json,text_eval_1,9,0.028844118118286133,0.8397969802220663,0.8375229239463806,0.010692113146164988,1.273178327378325,1.156903384689662,0.8315782945123572,0.8480156659317754,0.016437371419418145,0.2715216754868495
loan_application_process_145.json,text_eval_1,8,0.02344036102294922,0.8808792233467102,0.8802517950534821,0.007024423377236588,0.7974331998147044,0.31305494121836114,0.8750066584409556,0.8867517882524648,0.011745129811509214,0.07127827477932361
client_onboarding_process_for_a_marketing_agency_40.json,text_eval_1,10,0.04433703422546387,0.8137381136417389,0.8160413503646851,0.01507758020738124,1.8528787031867338,1.9576613724939378,0.8029522625150621,0.8245239647684156,0.021571702253353475,0.28224509970198
churn_rate_prevention_process_48.json,text_eval_1,10,0.029331445693969727,0.7411035060882568,0.740418016910553,0.0085555723068818,1.1544368953319903,0.7284083524007473,0.7349832183539975,0.7472237938225161,0.012240575468518644,0.09258137458135983
budget_preparation_process_49.json,text_eval_1,10,0.04343283176422119,0.7989826083183289,0.7984225451946259,0.015510883074221828,1.941329249565094,1.4987076631126237,0.7878867909934808,0.810078425643177,0.0221916346496962,0.07014620605014663
content_promotion_process_91.json,text_eval_1,10,0.06059622764587402,0.8879762768745423,0.8925303816795349,0.018663481725740082,2.1017995876456226,0.9911230501847347,0.8746252263325768,0.9013273274165078,0.026702101083931007,0.5102464743466618
project_management_process_6.json,text_eval_1,10,0.035016536712646484,0.7890850663185119,0.7934905290603638,0.012172641052790473,1.5426272239040222,0.6331914172493619,0.7803772834774962,0.7977928491595276,0.017415565682031398,0.5552004189726993
accounts_receivable_process_109.json,text_eval_1,10,0.04350852966308594,0.8559638738632203,0.8619602918624878,0.014488627190711844,1.6926680708287778,0.9443207502731082,0.8455993343443102,0.8663284133821303,0.020729079037820064,0.6956721853521494
order_fulfillment_process_1.json,text_eval_1,10,0.12547272443771362,0.7991526007652283,0.8063819110393524,0.0348179928697209,4.356864112859164,1.6334877404709427,0.7742453091138362,0.8240598924166205,0.04981458330278432,0.8965119597990712
order_fulfillment_process_143.json,text_eval_1,10,0.05064582824707031,0.8183878183364868,0.8194173574447632,0.01534415128747208,1.8749242038648244,1.4076843700495696,0.8074112737467349,0.8293643629262386,0.02195308917950367,0.12564282400447108
final_grades_submission_process_96.json,text_eval_1,10,0.03794580698013306,0.9058573186397553,0.9053181111812592,0.011886164008763234,1.3121452754404657,0.9451291723609976,0.8973544691305866,0.914360168148924,0.017005699018337372,0.05955999905851414
purchase_order_workflow_74.json,text_eval_1,8,0.020244181156158447,0.8200922608375549,0.8204538524150848,0.008606346140135872,1.0494363318763997,0.9662016843309392,0.8128971754056142,0.8272873462694956,0.01439017086388139,0.04407214086027235
budget_preparation_process_54.json,text_eval_1,10,0.0347859263420105,0.8339669466018677,0.8331667482852936,0.01201669963488113,1.440908381782408,1.000470839685329,0.8253707175310803,0.842563175672655,0.017192458141574773,0.0960429971816482
loan_application_process_63.json,text_eval_1,8,0.011118054389953613,0.8500991240143776,0.8505604565143585,0.004246328587319728,0.49950981801598826,0.412160823835314,0.846549104475264,0.8536491435534912,0.007100039078227205,0.05423864893407946
process_for_optimizing_a_process_34.json,text_eval_1,10,0.04683047533035278,0.8488635003566742,0.8503676652908325,0.013136907895579676,1.5475877912125835,0.9177179300588877,0.8394659225704708,0.8582610781428777,0.018795155572406852,0.17688406974456683
purchase_order_workflow_159.json,text_eval_1,10,0.05488109588623047,0.8257608354091645,0.8290145993232727,0.01620453124545027,1.9623758539506084,0.8425101180517863,0.8141688120747141,0.8373528587436148,0.023184046668900615,0.39248571940280813
content_promotion_process_153.json,text_eval_1,10,0.04396003484725952,0.8422591388225555,0.8418444991111755,0.013398816678768995,1.59081879449833,0.916870359386814,0.8326742027795632,0.8518440748655479,0.01916987208598475,0.049253717499821395
accounts_receivable_process_144.json,text_eval_1,10,0.02683943510055542,0.8174743711948395,0.8209748268127441,0.008650691504597555,1.0582217387382438,0.637988911018064,0.8112860392856038,0.8236627031040751,0.012376663818471245,0.426377947725199
customer_support_process_for_the_ticket_management_1.json,text_eval_1,10,0.031026363372802734,0.817764800786972,0.8154641389846802,0.010726523297913858,1.3116880657606247,1.098279407579062,0.8100915082687541,0.8254380933051899,0.015346585036435823,0.2821291203750957
employee_onboarding_process_93.json,text_eval_1,10,0.03775453567504883,0.8098391652107239,0.8125433921813965,0.01483973508500982,1.8324299098511065,1.7549531198742745,0.7992234582348869,0.8204548721865608,0.021231413951673828,0.3328101608718668
startup_due_diligence_for_a_venture_capitalist_68.json,text_eval_1,10,0.0717693567276001,0.7040600657463074,0.7014217972755432,0.020878814085578987,2.9654876197881403,1.65827732293896,0.6891242619017109,0.7189958695909039,0.029871607689192947,0.3761315204363117
account_payable_process_170.json,text_eval_1,10,0.03681868314743042,0.8770791292190552,0.8778387010097504,0.012148683172850668,1.3851296614101132,1.0111973096662583,0.8683884848129069,0.8857697736252035,0.017381288812296614,0.08652748959706137
customer_support_process_for_the_ticket_management_22.json,text_eval_1,10,0.0760391354560852,0.8113391280174256,0.8046940863132477,0.025473060110285845,3.139631657175389,2.030672655618283,0.7931167985513268,0.8295614574835244,0.036444658932197616,0.8257848314286168
loan_application_process_13.json,text_eval_1,10,0.03870278596878052,0.856096750497818,0.8539741635322571,0.012773308323259833,1.4920402765028822,0.6133985104948878,0.8469592761766814,0.8652342248189545,0.01827494864227308,0.2485540027090895
customer_support_process_for_the_ticket_management_152.json,text_eval_1,10,0.04794132709503174,0.8292944014072419,0.8310215175151825,0.01688399998098544,2.03594766253513,1.7731528193755266,0.8172163154204354,0.8413724873940484,0.024156171973612972,0.20783049193537584
purchase_order_workflow_35.json,text_eval_1,10,0.05626952648162842,0.7921384453773499,0.7891309261322021,0.016768560895177864,2.1168724978611344,1.2173078578970982,0.7801429395377948,0.804133951216905,0.02399101167911022,0.38111790395652334
churn_rate_prevention_process_76.json,text_eval_1,10,0.052916646003723145,0.7791382789611816,0.7785196900367737,0.015461950053720816,1.984493699159038,0.9819511594207448,0.7680774662104789,0.7901990917118843,0.022121625501405395,0.0794570686296573
client_onboarding_process_for_a_marketing_agency_6.json,text_eval_1,10,0.08082330226898193,0.7396819651126861,0.7454753518104553,0.022337337246307005,3.0198569520218115,0.16200926185262157,0.7237027966525447,0.7556611335728276,0.03195833692028294,0.7771399394627088
client_onboarding_process_for_a_marketing_agency_66.json,text_eval_1,10,0.039481282234191895,0.8017139673233032,0.8026822209358215,0.012478450958409423,1.5564716927748496,1.0641079343952704,0.7927874212543888,0.8106405133922177,0.01785309213782882,0.12062726534411493
accounts_receivable_process_60.json,text_eval_1,10,0.05455732345581055,0.8375892162322998,0.8335106372833252,0.01556570997096186,1.8583942664616178,1.2216329133005548,0.8264541781082357,0.8487242543563638,0.022270076248128046,0.4893253626933837
employee_onboarding_process_14.json,text_eval_1,10,0.04762822389602661,0.811824232339859,0.8094941973686218,0.013265337452822722,1.6340159512840673,0.7598671060923894,0.802334781582951,0.821313683096767,0.018978901513815982,0.2878383784357317
process_for_optimizing_a_process_6.json,text_eval_1,10,0.04310840368270874,0.8634665966033935,0.8658298552036285,0.012902761663358544,1.4942977196933798,0.8743089949552927,0.8542365169414164,0.8726966762653706,0.018460159323954173,0.2729472293005199
content_promotion_process_13.json,text_eval_1,10,0.035635948181152344,0.8827399492263794,0.8816530406475067,0.01165114385933704,1.3198840575356234,0.7891562850165094,0.874405223004145,0.8910746754486139,0.016669452444468824,0.12328076111147691
client_onboarding_process_for_a_marketing_agency_64.json,text_eval_1,10,0.03244549036026001,0.8260352730751037,0.8225098848342896,0.010965616098892716,1.3274997395777932,0.74839344766949,0.8181909438705377,0.8338796022796697,0.015688658409132028,0.42861348000996025
client_onboarding_process_for_a_marketing_agency_180.json,text_eval_1,10,0.08524662256240845,0.7982037544250489,0.7911373674869537,0.02988448437583657,3.743966901955072,2.247145679988051,0.7768256821454218,0.8195818267046759,0.04275614455925414,0.8931934236075211
accounts_receivable_process_2.json,text_eval_1,10,0.03290128707885742,0.8372849941253662,0.8393152058124542,0.011100978891068375,1.3258303885721177,1.0517298651108051,0.8293438322126059,0.8452261560381265,0.015882323825520572,0.24188906301570212
account_payable_process_171.json,text_eval_1,10,0.02386915683746338,0.872318583726883,0.873298317193985,0.007735298210917886,0.8867515097373824,0.6899320885905686,0.8667850847319604,0.8778520827218056,0.011066997989845229,0.11218771956987283
churn_rate_prevention_process_23.json,text_eval_1,7,0.0504341721534729,0.8314343094825745,0.8343915939331055,0.017012414341191842,2.046152551941134,1.4250825501215536,0.8157004504104982,0.8471681685546507,0.0314677181441525,0.35442404645894554
final_grades_submission_process_43.json,text_eval_1,10,0.021093666553497314,0.9215378940105439,0.9220269918441772,0.007414376003502607,0.8045655042176459,0.7383486997194268,0.9162339689329752,0.9268418190881126,0.010607850155137433,0.053045934442235515
budget_preparation_process_2.json,text_eval_1,10,0.05022305250167847,0.8134516298770904,0.8105851709842682,0.01722926647438123,2.118044373085159,1.7031754245833215,0.801126555119833,0.8257767046343478,0.02465014951451483,0.35362834103436286
startup_due_diligence_for_a_venture_capitalist_187.json,text_eval_1,7,0.04482191801071167,0.7603921890258789,0.7575165629386902,0.014661238556581363,1.9281153552305081,1.3500884686693757,0.7468328048817481,0.7739515731700097,0.027118768288261652,0.37961230524558975
customer_support_process_for_the_ticket_management_54.json,text_eval_1,10,0.0499800443649292,0.8270742952823639,0.8268631994724274,0.01889013696455531,2.2839709893421607,1.9876535979102483,0.8135611053500375,0.8405874852146903,0.02702637986465284,0.025529713992736524
project_management_process_3.json,text_eval_1,10,0.04915475845336914,0.8406335175037384,0.842726081609726,0.01529469731573831,1.8194251118080471,1.4217004197198486,0.829692350154194,0.8515746848532828,0.021882334699088846,0.2483089288028772
project_management_process_53.json,text_eval_1,10,0.037000298500061035,0.8022951185703278,0.8051510751247406,0.01307470638304917,1.629662960725476,1.0069370119698093,0.7929420370656748,0.8116482000749807,0.018706163009305943,0.3547106428405841
purchase_order_workflow_20.json,text_eval_1,10,0.039706408977508545,0.803315258026123,0.8044125437736511,0.010391354846718756,1.2935587545357987,0.34455526655212737,0.795881730574131,0.810748785478115,0.01486705490398399,0.13640833376124692
employee_onboarding_process_51.json,text_eval_1,10,0.06825059652328491,0.7867900490760803,0.7868829071521759,0.01863418763272289,2.3683812034233065,0.3667291598596227,0.7734599542658588,0.8001201438863018,0.02666018962044303,0.011800748910872627
loan_application_process_6.json,text_eval_1,7,0.04570639133453369,0.8564363292285374,0.8574502468109131,0.015304677952892762,1.7870187695889717,1.3810519777099755,0.8422818628944276,0.8705907955626472,0.028308932668219544,0.11824797836920675
final_grades_submission_process_81.json,text_eval_1,10,0.020283818244934082,0.9294525623321533,0.931656539440155,0.006745166286179167,0.7257138835848067,0.37139002250904846,0.9246273610474146,0.9342777636168921,0.009650402569477468,0.23656540953666105
project_management_process_45.json,text_eval_1,10,0.030680179595947266,0.7984685182571412,0.7999065816402435,0.008150329138702934,1.0207452081508588,0.3771440012598913,0.7926381240218361,0.8042989124924462,0.01166078847061014,0.17977891620213457
startup_due_diligence_for_a_venture_capitalist_92.json,text_eval_1,10,0.03582775592803955,0.7026957273483276,0.7046864032745361,0.014048117442882278,1.9991750193065565,1.7733548648377069,0.6926463095196749,0.7127451451769804,0.020098835657305525,0.2824910367162223
purchase_order_workflow_1.json,text_eval_1,10,0.06382578611373901,0.8397831797599793,0.836188554763794,0.017777177318733847,2.116877040072985,0.9878026213857151,0.827066153196358,0.8525002063236006,0.025434053127242562,0.4298821092092985
budget_preparation_process_162.json,text_eval_1,10,0.047137439250946045,0.8472531795501709,0.8509492576122284,0.012942527412304346,1.5275867621029025,0.5933467373564338,0.8379946531850643,0.8565117059152775,0.0185170527302132,0.4343476451731972
churn_rate_prevention_process_55.json,text_eval_1,10,0.03575652837753296,0.7302989482879638,0.732937216758728,0.011050221066983168,1.513109267497666,0.833707012465025,0.7223940963351949,0.7382038002407327,0.01580970390553782,0.35995831708907244
employee_onboarding_process_4.json,text_eval_1,10,0.07044816017150879,0.7668854534626007,0.7638666927814484,0.020780040441966876,2.7096667889763633,2.0078995399068313,0.75202030802609,0.7817505988991115,0.02973029087302148,0.39519469950446845
loan_application_process_14.json,text_eval_1,10,0.05062270164489746,0.8652058959007263,0.8662283718585968,0.013460159304010125,1.555717473468829,0.8527891593285181,0.8555770779871373,0.8748347138143152,0.019257635827177877,0.11803768972340205
startup_due_diligence_for_a_venture_capitalist_5.json,text_eval_1,10,0.02678203582763672,0.7706044912338257,0.7710792422294617,0.009410346145332333,1.2211641967288946,1.197551467109154,0.7638727351311878,0.7773362473364636,0.013463512205275752,0.0615696765825668
accounts_receivable_process_0.json,text_eval_1,10,0.04042631387710571,0.8389695763587952,0.8392926752567291,0.011222058869558451,1.3376002164778387,0.6816777039434253,0.8309417990472472,0.8469973536703432,0.016055554623096047,0.03849657067900463
churn_rate_prevention_process_34.json,text_eval_1,10,0.04369384050369263,0.7825905442237854,0.7803859114646912,0.014057821757122767,1.7963188874286817,1.5220042797885203,0.7725341843469229,0.7926469041006479,0.020112719753724972,0.28250545361030205
budget_preparation_process_83.json,text_eval_1,10,0.03723180294036865,0.804174268245697,0.8053569197654724,0.012276728456393398,1.5266253772549863,0.9725683330833022,0.7953920257616894,0.8129565107297047,0.017564484968015215,0.14684812295643623
client_onboarding_process_for_a_marketing_agency_172.json,text_eval_2,10,0.2190564407242669,0.7972745855649312,0.8030765139394336,0.06417266489200388,8.049004201799878,2.922128968001705,0.7513682265598951,0.8431809445699674,0.09181271801007229,0.7224627135515882
content_promotion_process_2.json,text_eval_2,10,0.025420069694519043,0.8143215715885163,0.8178395628929138,0.008347965360447763,1.0251435859869449,0.46261148273338143,0.8083497969171161,0.8202933462599165,0.011943549342800397,0.4301566546809621
process_for_optimizing_a_process_9.json,text_eval_2,10,0.17590306292880664,0.7457739838144996,0.7449146712368184,0.053777180924759985,7.21092208790918,5.800342109839974,0.7073041060563386,0.7842438615726605,0.07693975551632182,0.1153571826225905
order_fulfillment_process_7.json,text_eval_2,10,0.18002993861834204,0.6948436631096734,0.7051904814110862,0.06798267042498238,9.783880034357033,7.3135772670631525,0.6462117903348346,0.7434755358845122,0.09726374554967765,1.467237374036705
purchase_order_workflow_81.json,text_eval_2,10,0.20249465107917786,0.7680242776870727,0.7736419141292572,0.06829884360683876,8.892797479335249,7.884583122344502,0.7191662282431103,0.8168823271310351,0.09771609888792487,0.7261287605528983
churn_rate_prevention_process_27.json,text_eval_2,10,0.13543740998614917,0.6953107936815781,0.70763668959791,0.037234123724577385,5.3550331827049105,0.5966093694438331,0.6686751061374355,0.7219464812257207,0.05327137508828517,1.7418395763701418
startup_due_diligence_for_a_venture_capitalist_7.json,text_eval_2,10,0.05546139478683465,0.5536573761701584,0.5558432310819625,0.017902591094550873,3.2335144197643233,1.0607471912007913,0.5408506339959025,0.5664641183444143,0.02561348434851185,0.3932502528724329
project_management_process_81.json,text_eval_2,10,0.1399421162075467,0.660597867767016,0.6576765941249,0.048367061664656326,7.321710230181176,5.838103500065541,0.6259981561836951,0.6951975793503369,0.06919942316664174,0.4441808737321808
content_promotion_process_0.json,text_eval_2,10,0.08077458020240547,0.7606896842755969,0.7752287749733244,0.029570924712460415,3.8873834263469393,2.0640071678888643,0.7395359190665998,0.781843449484594,0.04230753041799429,1.875458079871688
final_grades_submission_process_0.json,text_eval_2,10,0.14745357036590578,0.7831526809930801,0.7894255429506302,0.03929202735553595,5.017160549806396,1.6437597071723236,0.7550448578747092,0.811260504111451,0.0562156462367418,0.7946109691490381
account_payable_process_122.json,text_eval_2,10,0.08500028082302646,0.754573609147753,0.7714356992925917,0.0376070782012654,4.983884639662977,2.603159137296303,0.7276711260430989,0.781476092252407,0.05380496620930808,2.18580630379192
client_onboarding_process_for_a_marketing_agency_173.json,text_eval_2,10,0.14242924111230038,0.7850357664482935,0.7756409261907851,0.04229024406264864,5.387046790744418,0.7971969554734519,0.754783148302893,0.8152883845936941,0.06050523629080118,1.211235758748194
loan_application_process_79.json,text_eval_2,6,0.06344680786132817,0.7071523368358612,0.7138482213020325,0.02295582180348321,3.24623431299097,0.6691083715756718,0.6830616792921846,0.7312429943795378,0.04818131508735313,0.937998340033441
content_promotion_process_129.json,text_eval_2,10,0.17285801683153423,0.7134841122797557,0.7067205629178456,0.046705457281699884,6.54611034469493,3.4141148720042125,0.6800730408667739,0.7468951836927376,0.06682214282596366,0.9570330505151006
employee_onboarding_process_11.json,text_eval_2,10,0.2222646304539272,0.8138827196189335,0.848375569496836,0.07610270808964248,9.350574260290767,1.8208587612251377,0.7594421218239382,0.8683233174139289,0.10888119558999065,4.065752376433926
process_for_optimizing_a_process_185.json,text_eval_2,10,0.09114181724461645,0.7345465077595277,0.7423685992305928,0.028498389747044873,3.8797257145730706,2.45192570555509,0.7141599878449355,0.7549330276741198,0.04077303982918434,1.0536668009897172
project_management_process_8.json,text_eval_2,10,0.19169896841049194,0.7160396873950958,0.7156685590744019,0.07017395915366006,9.800289060645257,8.614636252442965,0.6658402610952218,0.7662391136949699,0.10039885259974812,0.05185756953944748
loan_application_process_48.json,text_eval_2,10,0.12295711702770662,0.7380796899398169,0.7312006817923652,0.043112374061995105,5.84115436986357,4.425773438108966,0.7072389554217782,0.7689204244578556,0.06168146903607741,0.9407825127555166
loan_application_process_72.json,text_eval_2,8,0.09966326422161531,0.7186391597820654,0.7102070467339622,0.03217331382862447,4.476977547171428,1.1561209903442213,0.6917415963031768,0.745536723260954,0.05379512695777722,1.187275328635511
project_management_process_44.json,text_eval_2,10,0.26073938608169556,0.6594363361597061,0.6507883220911026,0.08833900119991972,13.396137937192055,5.903578277664583,0.5962424215847927,0.7226302507346195,0.12638782914982682,1.3288520668004355
process_for_optimizing_a_process_92.json,text_eval_2,10,0.2802184440872886,0.755302638628266,0.7501127178018743,0.08635876988467045,11.43366452969235,6.384577267268836,0.6935252962001355,0.8170799810563965,0.12355468485626098,0.6918854597746594
content_promotion_process_199.json,text_eval_2,10,0.18776514274733414,0.7246039390090913,0.7431205213069916,0.06371051978859604,8.792461144459319,3.6647170588948854,0.6790281786953384,0.7701796993228441,0.09115152062750576,2.4917334089137486
project_management_process_2.json,text_eval_2,10,0.17128405968348182,0.7267745335896809,0.730549176534017,0.05120569485499825,7.045609399944623,3.3544184678939595,0.6901441861501314,0.7634048810292304,0.07326069487909903,0.5166856750485007
startup_due_diligence_for_a_venture_capitalist_186.json,text_eval_2,10,0.11836001873016355,0.5614763009548187,0.5615960627794265,0.045975485145909295,8.18832158502962,8.034300760682546,0.5285874201503408,0.5943651817592966,0.06577776160895588,0.02132526072478189
startup_due_diligence_for_a_venture_capitalist_45.json,text_eval_2,10,0.1791118085384369,0.6205741226673126,0.6318390071392059,0.0522351272621381,8.417226138535131,1.5605585378311655,0.5832073636460856,0.6579408816885396,0.07473351804245398,1.7828725901076679
employee_onboarding_process_19.json,text_eval_2,10,0.14568758010864258,0.6927125096321106,0.7086858749389648,0.04622845780869077,6.673541644749857,4.558414304861589,0.6596426630862902,0.7257823561779311,0.06613969309164092,2.253941537670681
content_promotion_process_109.json,text_eval_2,9,0.10183376499584751,0.5992560916476779,0.6026170353094737,0.033352459805947185,5.565643849233689,4.424674324467489,0.5736191215704296,0.6248930617249262,0.0512739401544966,0.5577246351938647
final_grades_submission_process_68.json,text_eval_2,10,0.0677014920446608,0.6966152724292544,0.6792536808384789,0.028873228307803922,4.1447883000205366,1.2599634072900612,0.6759606091615992,0.7172699356969096,0.04130932653531039,2.5559804945545648
content_promotion_process_96.json,text_eval_2,10,0.11527728041013086,0.7300352068174453,0.7342508023693448,0.04113470769111734,5.634619715183628,4.355250206344995,0.7006092095955199,0.7594612040393707,0.05885199444385081,0.5741356411591638
purchase_order_workflow_169.json,text_eval_2,10,0.20438596606254578,0.7856488287448883,0.7908493131399155,0.07235235861934314,9.209249218245448,4.916353040460367,0.733891069343275,0.8374065881465016,0.10351551880322662,0.6575822104946463
account_payable_process_45.json,text_eval_2,10,0.1486891210079193,0.5962683826684951,0.6019217073917389,0.05133289061837886,8.609024410894882,5.541269430163408,0.5595470448612011,0.6329897204757892,0.07344267561458806,0.9392126341050028
final_grades_submission_process_6.json,text_eval_2,10,0.21046007956777302,0.7736196402992521,0.7531616560050419,0.06726132176631022,8.694365843697058,0.3330416844887775,0.7255037892690072,0.8217354913294971,0.09623170206048992,2.71628064587415
budget_preparation_process_33.json,text_eval_2,9,0.31738485693931573,0.7260988043414222,0.7587114632129669,0.09801666832023453,13.499081355620257,6.805627319352209,0.6507565235196235,0.8014410851632208,0.15068456164359723,4.298427063885091
process_for_optimizing_a_process_37.json,text_eval_2,10,0.0948195430365476,0.804030313275077,0.8128934312950481,0.036116172707328725,4.491891923852449,2.8643318191437697,0.7781943597116602,0.8298662668384938,0.05167190712683367,1.0903173378890452
budget_preparation_process_16.json,text_eval_2,10,0.22483025193214423,0.6687867081165314,0.660383015871048,0.06747603031651828,10.089319882948548,4.612478387232295,0.6205172638421241,0.7170561523909387,0.09653888854881454,1.2725482096778222
process_for_optimizing_a_process_99.json,text_eval_2,10,0.21837802728017186,0.761739350358645,0.743990033864975,0.07051294934738662,9.256834285138012,6.800483690694273,0.7112974250826324,0.8121812756346577,0.10088385055202531,2.38569277621417
customer_support_process_for_the_ticket_management_25.json,text_eval_2,10,0.22618646621704108,0.7169331592321396,0.6968541473150254,0.08309487343371602,11.590323639474777,13.209640724695964,0.6574906676705725,0.7763756507937067,0.11888498312313422,2.8813794098059913
process_for_optimizing_a_process_27.json,text_eval_2,10,0.1314373422752726,0.6620817899703979,0.6599321812391281,0.03798486222218447,5.737185767317781,3.964688509329623,0.634909056457414,0.6892545234833818,0.054345467025967764,0.32573176341144
accounts_receivable_process_41.json,text_eval_2,10,0.08211160131863182,0.6702288453068052,0.6887688360043934,0.034625176182544265,5.166172185068248,2.325400262214323,0.6454594864041712,0.6949982042094391,0.04953871780526797,2.6917580657598177
budget_preparation_process_19.json,text_eval_2,10,0.1738185385862986,0.6545820501115587,0.6379661394490136,0.048034888383623714,7.3382532221036705,4.577368415231068,0.6202199609788034,0.688944139244314,0.06872417826551058,2.6045129412190433
purchase_order_workflow_190.json,text_eval_2,10,0.1839800775051117,0.7357592672109604,0.7270922213792801,0.05850269643439813,7.951336672409721,6.710824390201214,0.6939089592987083,0.7776095751232125,0.08370061582450417,1.1920146546526242
budget_preparation_process_73.json,text_eval_2,10,0.21903689040078056,0.7648856285545562,0.7944465660386615,0.08074966057563379,10.557089525689035,7.038506971491734,0.7071208012069895,0.8226504559021229,0.11552965469513343,3.720947228899809
startup_due_diligence_for_a_venture_capitalist_178.json,text_eval_2,10,0.17905315214937378,0.7031455890698866,0.7152400057424199,0.05331585510109407,7.582477360288886,5.979862583606418,0.6650057239255877,0.7412854542141855,0.0762797302885978,1.6909591990704278
purchase_order_workflow_4.json,text_eval_2,10,0.08358923026493625,0.7427443755524499,0.7454955322401864,0.03674984485544563,4.947845593325599,4.446415502979473,0.7164551202417564,0.7690336308631434,0.052578510621386965,0.3690373139419612
account_payable_process_179.json,text_eval_2,10,0.0731011364195081,0.8000729570786159,0.8147196405463748,0.032556154348298186,4.069148202080674,1.904021439563993,0.7767836872337139,0.8233622269235179,0.046578539689803966,1.7977575031745137
churn_rate_prevention_process_14.json,text_eval_2,10,0.11784547567367543,0.6176254282395044,0.6143456349770228,0.03396839801637395,5.499838002654514,3.392888462562696,0.5933259001337311,0.6419249563452777,0.04859905621154659,0.5338677571306079
final_grades_submission_process_63.json,text_eval_2,10,0.13432031869888306,0.7010127544403076,0.6957785338163376,0.03700645136233427,5.27899829609811,0.5539770740767972,0.6745399338927943,0.727485574987821,0.05294564109502664,0.7522825683138586
final_grades_submission_process_1.json,text_eval_2,10,0.1443028833184924,0.8430749556847982,0.8799065606934684,0.05664755968658909,6.719160533072223,0.7055636209397367,0.8025517326566113,0.8835981787129851,0.08104644605637379,4.185854118378506
purchase_order_workflow_16.json,text_eval_2,10,0.20991924405097961,0.7344416201114654,0.7219239771366119,0.05484237182220728,7.4672200377048235,1.1807152559250842,0.6952097506886384,0.7736734895342924,0.07846373884565394,1.7339281380433662
employee_onboarding_process_43.json,text_eval_2,10,0.09726603825887048,0.6708493659893672,0.6481312662363052,0.04065361613534842,6.060021548264051,2.260977166917119,0.6417675209342653,0.6999312110444691,0.058163690110203836,3.5051695445871363
churn_rate_prevention_process_102.json,text_eval_2,10,0.05489541093508388,0.5734369158744812,0.5720585733652115,0.02138041870915006,3.728469185933957,3.189020378750631,0.5581422856983463,0.5887315460506161,0.03058926035226972,0.2409442972179281
order_fulfillment_process_40.json,text_eval_2,10,0.10434573617848475,0.6924601546742698,0.6889448084614493,0.028984393416336223,4.185712812597911,0.6572500876946271,0.671725968678523,0.7131943406700166,0.04146837199149367,0.5102507733051832
process_for_optimizing_a_process_0.json,text_eval_2,10,0.09702953425320704,0.6971988894722678,0.6954164125702598,0.042553196819076176,6.1034516063681705,6.341177072396688,0.6667581662566128,0.7276396126879229,0.060881446431310104,0.25631792258396957
budget_preparation_process_10.json,text_eval_2,10,0.16797639023173927,0.675187402692708,0.682159654118798,0.055488232305123036,8.218197212185977,5.681553141620509,0.6354935125131338,0.7148812928722823,0.07938778035914851,1.0220849890479904
accounts_receivable_process_43.json,text_eval_2,10,0.1572110440049853,0.7095455582652773,0.7056866458484105,0.05342754026585092,7.529825201988792,4.810592428096463,0.6713257983670751,0.7477653181634796,0.07643951979640451,0.546830868852208
account_payable_process_32.json,text_eval_2,10,0.2597908675670624,0.7339427471160889,0.7340812534093857,0.07015657259233386,9.558861759722124,3.7032472755258126,0.6837557584129306,0.7841297358192472,0.1003739774063166,0.01886797853146798
client_onboarding_process_for_a_marketing_agency_102.json,text_eval_2,10,0.14444205164909363,0.5929805696010589,0.571555957198143,0.04608822785987522,7.77229983958532,2.665938688676547,0.5600110375175477,0.6259501016845702,0.06593906416702255,3.7484715421290935
loan_application_process_4.json,text_eval_2,7,0.01934722065925598,0.7407199825559344,0.7421224415302277,0.007361166395991791,0.9937853128507874,0.9966870666450294,0.7339120391119397,0.7475279259999291,0.013615886887989426,0.18897945888840614
process_for_optimizing_a_process_137.json,text_eval_2,10,0.18037320176760363,0.7928438852230707,0.7936421732107799,0.05246313828939252,6.617083043357488,2.9286235382000996,0.7553140169388598,0.8303737535072816,0.0750597365684218,0.10058537898504383
employee_onboarding_process_151.json,text_eval_2,9,0.2055930614471435,0.7630295714946709,0.7653373669494282,0.06428471098755058,8.4249304861967,6.2946302219932875,0.7136159683721054,0.8124431746172364,0.09882720624513097,0.3015396287203416
accounts_receivable_process_26.json,text_eval_2,10,0.15924034374100826,0.7859169410807747,0.7853070114340102,0.0674584178815149,8.583402946976515,9.000576377656587,0.737660095983378,0.8341737861781714,0.09651369019479339,0.07766766855306405
order_fulfillment_process_64.json,text_eval_2,10,0.19025505582491553,0.7160601632462608,0.7133286479446623,0.07402997418631377,10.338513156589897,10.634419317674741,0.6631023099632511,0.7690180165292704,0.10591570656601923,0.38292522100000287
project_management_process_23.json,text_eval_2,10,0.14029095239109468,0.6935806804233128,0.7119151535961363,0.05443584474082004,7.848523795039424,4.91328719756419,0.6546396229556203,0.7325217378910053,0.077882114935385,2.575373354564742
final_grades_submission_process_42.json,text_eval_2,10,0.13516107201576233,0.7196434080600739,0.736622542142868,0.057320062628039764,7.9650646397993325,4.822016679969952,0.6786391054084346,0.7606477107117131,0.08200860530327847,2.3049978939554445
customer_support_process_for_the_ticket_management_131.json,text_eval_2,10,0.2606794238090515,0.7119348585605622,0.7012107918659847,0.08227447036013776,11.556460450115594,5.983860341405738,0.6530792480033588,0.7707904691177655,0.11771122111440668,1.5293641824935098
customer_support_process_for_the_ticket_management_48.json,text_eval_2,10,0.14946183562278748,0.6471402406692505,0.6421399563550949,0.05251035729619402,8.114216053368834,8.26053331791871,0.609576593942431,0.6847038873960699,0.07512729345363889,0.778690730061106
startup_due_diligence_for_a_venture_capitalist_0.json,text_eval_2,7,0.10422346454400289,0.5789767713337154,0.5955756146174211,0.036973641629813585,6.3860319550717195,2.916408749790156,0.5447818560725473,0.6131716865948835,0.06838983052233627,2.7870253375582417
account_payable_process_3.json,text_eval_2,10,0.19328475991884875,0.7203460037708284,0.6703096181154251,0.07804898868434958,10.834930474491834,1.0897298682543286,0.6645131207114526,0.7761788868302041,0.11166576611875145,7.464667715209056
order_fulfillment_process_175.json,text_eval_2,10,0.1947738528251648,0.7082778334617614,0.7114679217338562,0.0650185437483524,9.179807792454744,8.208949628327549,0.6617663691752218,0.7547892977483011,0.09302292857307926,0.44838118130758253
client_onboarding_process_for_a_marketing_agency_5.json,text_eval_2,10,0.18611229459444678,0.6684977074464162,0.7097549637158712,0.07267557931799595,10.871477719139568,2.26791462910998,0.616508729885869,0.7204866850069634,0.10397795512109442,5.812887317258843
order_fulfillment_process_17.json,text_eval_2,10,0.19489571452140808,0.6124646246433259,0.6023176610469818,0.0581975112508728,9.502183295037591,5.58685623020236,0.5708326330597085,0.6540966162269432,0.0832639831672346,1.6846531743243303
final_grades_submission_process_126.json,text_eval_2,10,0.2041461297443936,0.7154361703566142,0.7352503857442311,0.05629216537206371,7.868230277482962,0.5820276001353092,0.6751671811056658,0.7557051596075627,0.08053797850189692,2.6948935725563223
content_promotion_process_48.json,text_eval_2,10,0.06547554135322575,0.7121420401334764,0.7212215840816498,0.027202769955386053,3.819851718104924,2.64121582629842,0.6926823507843597,0.731601729482593,0.038919378698233364,1.2589118446496124
customer_support_process_for_the_ticket_management_46.json,text_eval_2,10,0.14576057451111935,0.6891278352056232,0.6820083132811955,0.04087983609469169,5.932112157752834,1.2209976263869466,0.6598841621403366,0.7183715082709097,0.05848734613057305,1.0439054459871735
client_onboarding_process_for_a_marketing_agency_14.json,text_eval_2,10,0.08928041656812036,0.6396382590134939,0.635195404291153,0.02492343988594247,3.8964898573111593,0.9030093947903081,0.6218091041705402,0.6574674138564476,0.03565830968590733,0.6994469248874635
employee_onboarding_process_195.json,text_eval_2,10,0.23166902150426605,0.6526455917528697,0.6750840714999607,0.09718439553825084,14.89083765619773,10.89507913495712,0.5831240632519974,0.7221671202537421,0.13904305700174469,3.3238052406176966
startup_due_diligence_for_a_venture_capitalist_128.json,text_eval_2,10,0.1558035910129547,0.6132210820913315,0.6178063601255417,0.048774038927131905,7.953744636566104,1.6145307064112417,0.5783302365127256,0.6481119276699374,0.06978169115721178,0.7421869262204434
customer_support_process_for_the_ticket_management_35.json,text_eval_2,10,0.13834137434051152,0.6858200364169621,0.6875724146763484,0.05160834157645487,7.525055967463488,6.537324676683744,0.6489016528645521,0.722738419969372,0.0738367671048199,0.25486453818994725
account_payable_process_13.json,text_eval_2,10,0.09565036495526635,0.7987341523170471,0.7841350187857946,0.03598889286204482,4.505741085146375,0.573985490377037,0.7729892492699451,0.8244790553641492,0.05148980609420417,1.8618137414470752
accounts_receivable_process_49.json,text_eval_2,10,0.1439894820962634,0.715000998548099,0.7101232430764607,0.051968673344120586,7.268335771509358,5.169476402529156,0.6778248491772487,0.7521771479189492,0.07435229874170046,0.6868885815519022
churn_rate_prevention_process_29.json,text_eval_2,10,0.06012143492698674,0.6285985481739045,0.612783282995224,0.026609616404112846,4.233165425121405,1.6183618051031547,0.6095631753139921,0.6476339210338169,0.03807074571982483,2.5808904416218788
order_fulfillment_process_22.json,text_eval_2,10,0.1455077912126269,0.7201937232698714,0.7030807158776692,0.04641745287062727,6.445134325786632,4.2000112770764755,0.6869886778013004,0.7533987687384425,0.06641009093714212,2.4340032382824965
account_payable_process_36.json,text_eval_2,10,0.1514800872121539,0.7737930016858237,0.7673256588833672,0.05064196173153939,6.544639408886913,4.850980706558642,0.7375659246292648,0.8100200787423825,0.07245415411311762,0.8428419833982707
accounts_receivable_process_101.json,text_eval_2,10,0.06647204690509367,0.7771683835321003,0.7919949740171432,0.02948314644216482,3.7936626176387738,2.024596700951865,0.7560774111149532,0.7982593559492474,0.04218194483429416,1.8720561331140528
churn_rate_prevention_process_3.json,text_eval_2,10,0.18836949467658992,0.6030410230159758,0.578067210316658,0.05792065225326796,9.604761540697625,0.8185199630356003,0.5616070844282752,0.6444749616036765,0.08286787717540123,4.320226481214446
project_management_process_65.json,text_eval_2,10,0.19244406819343562,0.5933425694704055,0.5847662359476089,0.056323969987503233,9.492656162826108,4.5296962506773575,0.5530508285681607,0.6336343103726504,0.08058348180448971,1.4666259772845387
order_fulfillment_process_2.json,text_eval_2,10,0.22758392824066997,0.6967345055606631,0.7029260877105925,0.06687044433066511,9.597693783926257,5.5525871141770695,0.648898271403395,0.7445707397179312,0.09567246831453624,0.8808297569514333
customer_support_process_for_the_ticket_management_10.json,text_eval_2,10,0.1266656219959259,0.5627342313528061,0.5502979010343552,0.04124524748359492,7.329436381440997,1.9698202541590524,0.5332291587269473,0.5922393039786649,0.05901014525171755,2.259926904150508
order_fulfillment_process_90.json,text_eval_2,10,0.14792762058121822,0.7345640399626323,0.7392677707331521,0.05063637079623317,6.893390915080606,5.400291157616014,0.6983409624202557,0.770787117505009,0.07244615508475327,0.6362688807405952
employee_onboarding_process_3.json,text_eval_2,10,0.22636799301419952,0.6512179251228061,0.6893720350095204,0.0793970316096399,12.192083256103137,4.775769789539716,0.594420710247279,0.7080151399983331,0.11359442975105405,5.534618166834602
account_payable_process_2.json,text_eval_2,10,0.17949686447779334,0.7566849439673954,0.764915664990743,0.062257737039988596,8.227696022807505,5.155885582066684,0.7121484418257339,0.8012214461090569,0.08907300428332299,1.076029868396964
loan_application_process_60.json,text_eval_2,9,0.11662579245037508,0.6853305888764651,0.6965392397509681,0.03793534169826863,5.535334671178189,0.9435487007478047,0.6561709039342684,0.7144902738186619,0.05831936988439357,1.609191591059587
loan_application_process_145.json,text_eval_2,8,0.17258513967196143,0.7876618338955773,0.8003787613577313,0.05757429058734433,7.309518896275115,3.509277690815588,0.7395285224165689,0.8357951453745858,0.09626662295801691,1.5888636825621818
client_onboarding_process_for_a_marketing_agency_40.json,text_eval_2,10,0.08046164115269983,0.8152023901542028,0.8203411052624385,0.022799592768436742,2.796801511355235,0.6797390007327535,0.7988925440139828,0.8315122362944228,0.03261969228044004,0.6264119980421763
churn_rate_prevention_process_48.json,text_eval_2,10,0.2562852203845978,0.6655517530441284,0.6708458244800568,0.09541573209903602,14.336335478438688,11.065652741382479,0.5972954501488361,0.7338080559394207,0.13651260579058455,0.789163656199488
budget_preparation_process_49.json,text_eval_2,10,0.07346901628706193,0.7106024152702755,0.7249553402264913,0.028684288835178935,4.036615724739544,1.8721533431756026,0.690082911159173,0.7311219193813779,0.041039008222204965,1.9798357443276047
content_promotion_process_91.json,text_eval_2,10,0.27571144700050354,0.7773214717706045,0.787009467681249,0.09950864096368021,12.801478484444365,8.500399259219872,0.7061372782534805,0.8485056652877285,0.14236838703424803,1.2309884834280413
project_management_process_6.json,text_eval_2,10,0.1861691176891327,0.650792533159256,0.6504259258508682,0.05855631307057417,8.997692826362654,7.279229505047556,0.6089038702160405,0.6926811961024715,0.08377732588643094,0.05636419057376804
accounts_receivable_process_109.json,text_eval_2,10,0.02175426483154297,0.8565533655030387,0.8595515745026725,0.007244313595355922,0.8457515768560974,0.4734835079489934,0.8513710957435837,0.8617356352624937,0.010364539518910032,0.34881083213284775
order_fulfillment_process_1.json,text_eval_2,10,0.2770220765045711,0.692433443239757,0.6879834703036717,0.07435584776825355,10.738338607730654,1.1142264445008574,0.6392424740394334,0.7456244124400806,0.10638193840064725,0.6468139320441956
order_fulfillment_process_143.json,text_eval_2,10,0.17087481419245398,0.67586057583491,0.6827433572875129,0.04322624272557504,6.395733716554841,1.2334636666639345,0.6449383845820057,0.7067827670878143,0.06184438250580859,1.008106688865882
final_grades_submission_process_96.json,text_eval_2,10,0.18563957015673316,0.697373103764322,0.6756191386116875,0.06425959106821859,9.214520996200505,7.94984253993679,0.6514045615188211,0.743341646009823,0.09193708449100191,3.219856263594925
purchase_order_workflow_74.json,text_eval_2,8,0.1443510438714709,0.6600461304187775,0.6909580252000264,0.05270438416181013,7.984954646786724,1.301176840862786,0.6159841625978946,0.7041080982396604,0.0881239356417658,4.473773174904535
budget_preparation_process_54.json,text_eval_2,10,0.1494650483131409,0.7269834733009338,0.7203332364559174,0.03817654534047023,5.251363578751824,0.9334175510393249,0.6996736179455263,0.7542933286563414,0.05461971071081506,0.9232167153269207
loan_application_process_63.json,text_eval_2,8,0.06796425580978394,0.6516120620071888,0.6748983561992645,0.03350509480081734,5.141877622340223,0.3163010445498776,0.6236011017725186,0.679623022241859,0.0560219204693404,3.4503409258860938
process_for_optimizing_a_process_34.json,text_eval_2,10,0.12483132547802389,0.713320639067226,0.7041380720006095,0.03572520939874242,5.008296051192141,0.6994532879944986,0.6877643638065875,0.7388769143278645,0.051112550521277056,1.3040861489745603
purchase_order_workflow_159.json,text_eval_2,10,0.2554352283477783,0.7135748621490267,0.6950345188379288,0.08739472920635483,12.247450665954494,8.151023703120648,0.6510564390658246,0.7760932852322288,0.1250368461664042,2.6675428066647155
content_promotion_process_153.json,text_eval_2,10,0.08371294055666245,0.6875581408398491,0.6721046566963196,0.032405691698863134,4.713156571643488,3.046630204625316,0.6643765054903111,0.7107397761893871,0.046363270699075976,2.299267530668511
accounts_receivable_process_144.json,text_eval_2,10,0.14592582838875912,0.8087371855974197,0.8349133240325111,0.050206210659201084,6.207976033909386,0.6342913843737005,0.7728218260797421,0.8446525451150972,0.0718307190353551,3.1351923225592317
customer_support_process_for_the_ticket_management_1.json,text_eval_2,10,0.2138544440269471,0.6288824003934861,0.6097462594509124,0.08297881220319164,13.194646908749958,16.59688538575763,0.5695229340346901,0.688241866752282,0.11871893271759193,3.1383777507394788
employee_onboarding_process_93.json,text_eval_2,10,0.20602762699127197,0.7813084714942509,0.7845229506492615,0.05547505361698311,7.100275453418184,1.6262398941932643,0.7416240087802491,0.8209929342082526,0.07936892542800345,0.4097367900263905
startup_due_diligence_for_a_venture_capitalist_68.json,text_eval_2,10,0.09144023391935557,0.5520300328731537,0.5701192302836312,0.034415251724132644,6.234307859123424,2.687487066761842,0.5274108448815765,0.5766492208647308,0.04923837598315428,3.172879715262063
account_payable_process_170.json,text_eval_2,10,0.1754750907421112,0.7010395646095275,0.6893953084945679,0.04720062290418086,6.732947081306483,1.0006346978169196,0.6672742730489046,0.7348048561701505,0.06753058312124582,1.6890535765883334
customer_support_process_for_the_ticket_management_22.json,text_eval_2,10,0.22435861825942993,0.7390028973420462,0.7407677372296652,0.07101401308753823,9.60943635579138,5.967874583189854,0.6882025326591845,0.7898032620249078,0.10160072936572329,0.2382447019384473
loan_application_process_13.json,text_eval_2,10,0.13013410568237305,0.596798375248909,0.5846063494682312,0.05346157748436616,8.958063510489406,6.532360046072279,0.5585542665913819,0.6350424839064361,0.07648821731505429,2.0855103253271006
customer_support_process_for_the_ticket_management_152.json,text_eval_2,10,0.21147066354751587,0.6875638673702876,0.6713773459196091,0.08361538456321495,12.161108012120692,11.897124688345512,0.627749024577599,0.7473787101629763,0.11962968558537734,2.410942452713729
purchase_order_workflow_35.json,text_eval_2,10,0.13430947916848324,0.6532120798315321,0.6755245498248509,0.04440967371907929,6.7986608163359215,0.9642520757412442,0.6214433130446848,0.6849808466183793,0.06353753357369452,3.302984325159458
churn_rate_prevention_process_76.json,text_eval_2,10,0.18016841465776612,0.657750957662409,0.6699585684321143,0.05738700364285736,8.724731294471374,5.441086048582608,0.6166987682935273,0.6988031470312907,0.08210437873776333,1.8221441362074782
client_onboarding_process_for_a_marketing_agency_6.json,text_eval_2,10,0.17984972397486376,0.7031743158896764,0.6894417752822241,0.08117754460050615,11.544441081838716,10.145818717140791,0.6451033987499627,0.7612452330293901,0.11614183427942737,1.9918347132114076
client_onboarding_process_for_a_marketing_agency_66.json,text_eval_2,10,0.09495081220354351,0.6481784122330801,0.6515423655509949,0.03949303179995476,6.092926122592519,5.737166698495997,0.6199267991972635,0.6764300252688968,0.05650322607163338,0.5163061522591711
accounts_receivable_process_60.json,text_eval_2,10,0.1105113089084625,0.7087946081161498,0.7095487147569657,0.040007340212565926,5.644419378259427,4.4069488599243885,0.6801750810055729,0.7374141352267267,0.05723905422115383,0.1062797557281424
employee_onboarding_process_14.json,text_eval_2,10,0.14516133069992065,0.8121621161699295,0.8398523330688477,0.046593830901171786,5.73701111803926,1.4218526620708136,0.7788308974591469,0.8454933348807121,0.06666243742156519,3.2970339914086084
process_for_optimizing_a_process_6.json,text_eval_2,10,0.12532780236668062,0.7150666316350301,0.7141528891192542,0.04484106772182034,6.27089361159104,4.244190154104791,0.6829892641691278,0.7471439991009325,0.06415473493180479,0.12794774476132295
content_promotion_process_13.json,text_eval_2,10,0.16144590973854067,0.7763699746131898,0.7505523145198822,0.057907754760577995,7.458783396334889,5.3518492507368665,0.7349452623359547,0.8177946868904249,0.0828494245544702,3.4398215279400937
client_onboarding_process_for_a_marketing_agency_64.json,text_eval_2,10,0.0862010163920266,0.7987319222518376,0.7758380685533797,0.03845131855205592,4.814045549056238,1.5091035684425431,0.7712255059819465,0.8262383385217288,0.055012832539782286,2.950854646916932
client_onboarding_process_for_a_marketing_agency_180.json,text_eval_2,10,0.0981788668367598,0.6991018772125244,0.6918253766165839,0.03590775142116953,5.13626877449418,4.495365756169601,0.6734150192555128,0.7247887351695359,0.051373715914023066,1.0517828402777905
accounts_receivable_process_2.json,text_eval_2,10,0.12756175465053976,0.8130869415071273,0.8360075900952021,0.0593457298026218,7.298817232585156,4.025421443305489,0.7706335638529528,0.8555403191613019,0.08490675530834912,2.741679484688005
account_payable_process_171.json,text_eval_2,10,0.12771925330162048,0.7424092918634415,0.7523125112056732,0.05340259063432785,7.19314685573072,7.552251539302183,0.7042073798564508,0.7806112038704323,0.07640382401398149,1.3163704171768433
churn_rate_prevention_process_23.json,text_eval_2,7,0.1520799192098471,0.66846440748854,0.650385482953145,0.05048742311173816,7.552746645318391,6.455628061675624,0.6217713288801148,0.7151574860969652,0.0933861572168504,2.779724487899953
final_grades_submission_process_43.json,text_eval_2,10,0.12007764644092978,0.8163245025608277,0.8209455228514142,0.041339592459637274,5.064112657399609,3.815406202488621,0.7867519396048134,0.845897065516842,0.059145125912028584,0.5628900045079978
budget_preparation_process_2.json,text_eval_2,10,0.18388337890307105,0.6567258149385452,0.6771272139416801,0.06738082806529545,10.260115642264008,7.077587134307913,0.6085244742520142,0.7049271556250762,0.09640268137306207,3.0129344358166663
startup_due_diligence_for_a_venture_capitalist_187.json,text_eval_2,7,0.09680767854054773,0.7254341897510347,0.7172051866849264,0.03377033977265932,4.655189988253674,3.5389891091001116,0.694201834593035,0.7566665449090344,0.06246471031599943,1.147370824818555
customer_support_process_for_the_ticket_management_54.json,text_eval_2,10,0.0505949982575008,0.619787147641182,0.6217252888849804,0.01716934979027118,2.7702010045892655,1.935026369058904,0.6075049346976855,0.6320693605846786,0.024564425886993035,0.3117359513032253
project_management_process_3.json,text_eval_2,10,0.13568849033779562,0.748094536529647,0.7320644888612959,0.056202132455126716,7.512704572853063,6.006222799153847,0.707889952947594,0.7882991201116999,0.08040916716410584,2.18970431051577
project_management_process_53.json,text_eval_2,10,0.15452548265457156,0.7461475592851639,0.749210050702095,0.04539942606068871,6.084510429034036,1.1220053915783086,0.7136707663255456,0.7786243522447821,0.0649535859192365,0.4087627246939966
purchase_order_workflow_20.json,text_eval_2,10,0.019853204488754272,0.7588004861559188,0.7593491290296828,0.005195677423359378,0.6847224689695003,0.1825014132774299,0.7550837224299227,0.7625172498819148,0.007433527451992106,0.07225172885429719
employee_onboarding_process_51.json,text_eval_2,10,0.09662529826164246,0.8183950245380401,0.8302505761384964,0.032864555303676296,4.0157325397020065,0.2603595842883127,0.7948851379399005,0.8419049111361798,0.04701977319627937,1.4279486146937166
loan_application_process_6.json,text_eval_2,7,0.13356941938400269,0.7407181646142688,0.7471460402011871,0.0607090016618584,8.195965019093705,7.926454586608306,0.684571702542666,0.7968646266858715,0.11229292414320557,0.8603238511693796
final_grades_submission_process_81.json,text_eval_2,10,0.15093069672584536,0.7797262811660766,0.8113825380802154,0.05331133274247183,6.837185565009431,0.7916646406846481,0.7415896511222493,0.8178629112099038,0.07627326008765456,3.9015206056861493
project_management_process_45.json,text_eval_2,10,0.10487220287322996,0.7342342591285707,0.7255042910575866,0.040298011760590946,5.488440679466364,3.7002652707305703,0.7054067981187448,0.7630617201383965,0.05765492201965161,1.203296545394394
startup_due_diligence_for_a_venture_capitalist_92.json,text_eval_2,10,0.09220117059620936,0.6058933182196184,0.6022874861955643,0.032561803848201655,5.374181042940461,4.660284578124352,0.5826000069659453,0.6291866294732916,0.046586622507346354,0.5986895140111471
purchase_order_workflow_1.json,text_eval_2,10,0.14663992183549068,0.7198915898799896,0.7058868280478886,0.05152279912693587,7.157021953197848,7.858501206708078,0.6830343997095967,0.7567487800503825,0.07371438034078581,1.9839953482105304
budget_preparation_process_162.json,text_eval_2,10,0.1512372304092755,0.8008993170478126,0.7876695137132298,0.05143799254528102,6.422529205654229,3.596923224769527,0.7641027938512782,0.837695840244347,0.07359304639306874,1.6796134805592364
churn_rate_prevention_process_55.json,text_eval_2,10,0.14239748716354372,0.5901494741439819,0.5937829822301864,0.050889515645871235,8.623156992503809,5.008576393554353,0.5537453076852057,0.6265536406027581,0.0728083329175524,0.6119252647756048
employee_onboarding_process_4.json,text_eval_2,10,0.2161417135170528,0.6762998695884432,0.663887905223029,0.06345508041175585,9.382684111764048,2.7078612299121088,0.6309068395969698,0.7216928995799167,0.09078605998294687,1.8695873607223694
loan_application_process_14.json,text_eval_2,10,0.08781135082244873,0.6701029479503632,0.6814232468605042,0.029822998275510736,4.450509935336059,0.5580987694168802,0.6487688601772253,0.691437035723501,0.042668175546275666,1.661272779039541
startup_due_diligence_for_a_venture_capitalist_5.json,text_eval_2,10,0.01339101791381836,0.6353022456169128,0.6355396211147308,0.0047051730726661665,0.7406196192644006,0.7264748310810731,0.6319363675655939,0.6386681236682318,0.006731756102637876,0.037350228047409326
accounts_receivable_process_0.json,text_eval_2,10,0.14181280136108398,0.7882347881793976,0.7928621023893356,0.04878201810544939,6.188767463324251,4.148464307344327,0.7533382346404784,0.8231313417183168,0.06979310707783837,0.5836215649598243
churn_rate_prevention_process_34.json,text_eval_2,10,0.11144632697105417,0.6762952721118927,0.6882950842380524,0.03422141279259047,5.0601289412723505,1.2355690326692852,0.6518147481386403,0.7007757960851451,0.0489610479465048,1.7434109876643424
budget_preparation_process_83.json,text_eval_2,10,0.10458052820629549,0.6854204674561819,0.6805073784457313,0.029137783059211275,4.251081553976796,0.7886055704157886,0.6645765531201001,0.7062643817922637,0.041687828672163585,0.7219743923529593
