description,metric,n,range,mean,median,SD,CV_pct,MedianCV_pct,CI_95_lower,CI_95_upper,CI_width,mean_median_diff_pct
customer_support_process_for_the_ticket_management_46.txt,model_eval_1,10,0.13812115508739287,0.8875571520147775,0.8973753960394719,0.043306859407026735,4.879331917805975,3.8477211413478396,0.8565772910620603,0.9185370129674947,0.06195972190543442,1.0941066657306235
account_payable_process_122.txt,model_eval_1,10,0.05575275587333628,0.97105920055987,0.9787920226891326,0.018183952371688933,1.8725894735567992,0.0,0.9580511846529407,0.9840672164667994,0.026016031813858698,0.7900373061906826
process_for_optimizing_a_process_185.txt,model_eval_1,10,0.0654326127159881,0.9753416102508098,0.9818794232888752,0.018199183308685238,1.8659291388178654,0.0,0.9623226987879158,0.9883605217137038,0.026037822925788046,0.6658468324111093
customer_support_process_for_the_ticket_management_131.txt,model_eval_1,10,0.31034482758620696,0.8676721968923241,0.896551724137931,0.10859427937056697,12.515588232458166,1.8638793045125515,0.7899885291956813,0.9453558645889669,0.15536733539328562,3.221178038933082
order_fulfillment_process_40.txt,model_eval_1,10,0.02557695794999193,0.9941089708716675,1.0,0.00979055152017376,0.9848569731333459,0.0,0.9871052322284496,1.0011127095148853,0.014007477286435699,0.5891029128332503
project_management_process_44.txt,model_eval_1,10,0.11645782228242973,0.9417710888587851,0.9417710888587851,0.06137866162593114,6.517365244276959,6.182915554540458,0.8978634393854387,0.9856787383321316,0.08781529894669293,0.0
customer_support_process_for_the_ticket_management_35.txt,model_eval_1,10,0.06531257270041368,0.8026063148873479,0.8002361122640032,0.026741666681814973,3.3318535109667526,3.587184857656346,0.7834764789493459,0.8217361508253499,0.03825967187600399,0.2961879109203219
process_for_optimizing_a_process_92.txt,model_eval_1,10,0.028437222079321534,0.9901213424574948,0.985930129330854,0.009560353052524248,0.9655738789344062,0.7135328483517972,0.9832822778778539,0.9969604070371357,0.013678129159281793,0.4251024491446866
startup_due_diligence_for_a_venture_capitalist_68.txt,model_eval_1,10,0.02631578947368418,0.9894736842105264,1.0,0.01358941524985057,1.3733983497189404,0.0,0.9797524021634427,0.9991949662576101,0.019442564094167336,1.0526315789473606
churn_rate_prevention_process_14.txt,model_eval_1,10,0.0,0.9272727272727274,0.9272727272727272,1.1702778228589004e-16,1.2620643187694024e-14,0.0,0.9272727272727272,0.9272727272727275,2.220446049250313e-16,1.1972993402820316e-14
content_promotion_process_109.txt,model_eval_1,10,0.062181209022903916,0.783547352915692,0.7777777777777778,0.01930569415151788,2.4638835265895067,0.0,0.7697368912798462,0.7973578145515378,0.027620923271691522,0.7418025177318266
accounts_receivable_process_101.txt,model_eval_1,10,0.030295819335572904,0.9848614221724524,0.9848637551325121,0.0071407947917032175,0.7250557927176927,0.0,0.9797532053040882,0.9899696390408167,0.010216433736728536,0.00023688150239403359
customer_support_process_for_the_ticket_management_152.txt,model_eval_1,10,0.1016720084865097,0.9531796794671283,0.9510635752793509,0.03049808924046101,3.1996159693113535,1.6595703565571136,0.9313626607100549,0.9749966982242018,0.04363403751414685,0.22249871015782097
loan_application_process_4.txt,model_eval_1,10,0.04346365712750233,0.9858995425784887,0.9837769013917042,0.01452826192143262,1.473604692364081,1.1028028776804522,0.9755066500812412,0.9962924350757362,0.020785784994495016,0.2157644872309677
budget_preparation_process_33.txt,model_eval_1,10,0.014690831363385226,0.9970618337273229,1.0,0.0061941983772978776,0.6212451593039184,0.0,0.9926307711411706,1.0014928963134753,0.008862125172304669,0.29381662726770674
account_payable_process_2.txt,model_eval_1,10,0.04975817457284781,0.9719218177123393,0.9670842609006625,0.017207536567123698,1.7704650984814736,1.7235836006022636,0.9596122875943046,0.984231347830374,0.024619060236069412,0.5002208191426418
project_management_process_3.txt,model_eval_1,10,0.03084790591814368,0.9867445519713822,0.9796586851263932,0.011847970895553115,1.2007130793762653,0.5362373244913022,0.9782690241695089,0.9952200797732556,0.016951055603746656,0.7232995483600309
churn_rate_prevention_process_3.txt,model_eval_1,10,0.022222222222222254,0.9977777777777778,1.0,0.007027283689263075,0.7042934655163438,0.0,0.9927507618604484,1.0028047936951072,0.010054031834658805,0.22222222222222365
order_fulfillment_process_143.txt,model_eval_1,10,0.04976768582356639,0.9867732265350758,1.0,0.01880327466158764,1.9055314996347095,0.0,0.9733221741510459,1.0002242789191058,0.026902104768059876,1.322677346492418
project_management_process_81.txt,model_eval_1,10,0.08275961359273132,0.9229545765294285,0.9304527072250277,0.02361893467911644,2.5590571063562355,0.0,0.9060586084950525,0.9398505445638045,0.03379193606875197,0.805858335128239
project_management_process_2.txt,model_eval_1,10,0.0,1.0,1.0,0.0,0.0,0.0,1.0,1.0,0.0,0.0
final_grades_submission_process_1.txt,model_eval_1,10,0.0,1.0,1.0,0.0,0.0,0.0,1.0,1.0,0.0,0.0
customer_support_process_for_the_ticket_management_25.txt,model_eval_1,10,0.2507721280602636,0.9749227871939736,1.0,0.07930110983578556,8.134091322660568,0.0,0.9181941906218062,1.031651383766141,0.11345719314433478,2.507721280602637
client_onboarding_process_for_a_marketing_agency_172.txt,model_eval_1,10,0.0,1.0,1.0,0.0,0.0,0.0,1.0,1.0,0.0,0.0
content_promotion_process_2.txt,model_eval_1,10,0.0,1.0,1.0,0.0,0.0,0.0,1.0,1.0,0.0,0.0
client_onboarding_process_for_a_marketing_agency_6.txt,model_eval_1,10,0.05882352941176472,0.9882352941176471,1.0,0.024802177726810825,2.5097441747368094,0.0,0.9704928849976612,1.0059777032376331,0.03548481823997196,1.17647058823529
churn_rate_prevention_process_23.txt,model_eval_1,10,0.02166960510864313,0.9946095675674957,1.0,0.007640267654250563,0.7681675205413789,0.0,0.9891440493375633,1.000075085797428,0.010931036459864818,0.5390432432504255
final_grades_submission_process_126.txt,model_eval_1,10,0.09615384615384615,0.9344886931959598,0.9038461538461539,0.045545745380345816,4.873867999898314,0.0,0.9019072297005479,0.9670701566913718,0.06516292699082382,3.3902383961487472
customer_support_process_for_the_ticket_management_10.txt,model_eval_1,10,0.11585362620889184,0.7298509579467449,0.7235639167927016,0.03335130012070159,4.569604212691207,1.2826231330063953,0.7059928750823008,0.7537090408111891,0.04771616572888826,0.8688992096111589
budget_preparation_process_16.txt,model_eval_1,10,0.14729619428246776,0.8616979729989153,0.851458236340425,0.043857611996583556,5.089673339250012,0.96266862679078,0.8303241273777774,0.8930718186200531,0.06274769124227575,1.202611733782833
order_fulfillment_process_7.txt,model_eval_1,10,0.12590783570217146,0.9405832307785114,0.9523755502194984,0.04113265416552309,4.373100946258419,2.5059067060574867,0.9111587025603014,0.9700077589967213,0.05884905643641991,1.2382005647109684
order_fulfillment_process_22.txt,model_eval_1,10,0.0136888077700279,0.9958933576689916,1.0,0.006612322353387988,0.6639588769690086,0.0,0.9911631872089912,1.000623528128992,0.009460340920000698,0.41066423310084366
budget_preparation_process_162.txt,model_eval_1,10,0.01388888888888884,0.9986111111111111,1.0,0.0043920523057893995,0.43981608625429314,0.0,0.9954692261627803,1.001752996059442,0.006283769896661684,0.1388888888888884
purchase_order_workflow_81.txt,model_eval_1,10,0.021276595744680882,0.9967975446995734,1.0,0.0071930129077856335,0.7216122216626797,0.0,0.9916519732412528,1.001943116157894,0.010291142916641238,0.3202455300426621
employee_onboarding_process_195.txt,model_eval_1,10,0.04166666666666674,0.81875,0.8125,0.014061428285636545,1.7174263554975933,1.2820512820512842,0.8086910601680586,0.8288089398319414,0.020117879663882787,0.7692307692307665
churn_rate_prevention_process_102.txt,model_eval_1,10,0.11466455222236904,0.9564754870099808,0.9677796655741053,0.036166864397325194,3.781264118998566,1.6891570606808732,0.9306032707960497,0.9823477032239119,0.0517444324278622,1.168052911859718
churn_rate_prevention_process_34.txt,model_eval_1,10,0.037735849056603765,0.9962264150943396,1.0,0.01193312324591841,1.1978324470334767,0.0,0.9876899729705728,1.0047628572181064,0.017072884247533615,0.37735849056603765
process_for_optimizing_a_process_37.txt,model_eval_1,10,0.02631578947368418,0.9960526315789474,1.0,0.00888090207513885,0.8916097195647985,0.0,0.9896996169482476,1.0024056462096471,0.01270602926139952,0.39473684210525883
account_payable_process_3.txt,model_eval_1,10,0.0,1.0,1.0,0.0,0.0,0.0,1.0,1.0,0.0,0.0
client_onboarding_process_for_a_marketing_agency_14.txt,model_eval_1,10,0.16000000000000003,0.9400000000000001,0.92,0.05734883511361751,6.10093990570399,6.521739130434782,0.8989751147521008,0.9810248852478993,0.08204977049579854,2.1739130434782625
startup_due_diligence_for_a_venture_capitalist_45.txt,model_eval_1,10,0.0,1.0,1.0,0.0,0.0,0.0,1.0,1.0,0.0,0.0
customer_support_process_for_the_ticket_management_48.txt,model_eval_1,10,0.07975185908482152,0.9226002978408647,0.9213351779945467,0.02813156821401853,3.049160972509335,3.049747233348282,0.9024761862431817,0.9427244094385477,0.04024822319536603,0.1373137460214876
loan_application_process_72.txt,model_eval_1,10,0.11823024385517233,0.8676867967200362,0.8763249265810583,0.03451340890037536,3.977634444921869,1.6994679791597516,0.8429973913145633,0.8923762021255092,0.04937881081094586,0.9857222588342146
purchase_order_workflow_16.txt,model_eval_1,10,0.1649973521460969,0.9758385172705015,1.0,0.052572938822619666,5.387462975910235,0.0,0.9382301024165672,1.0134469321244357,0.07521682970786847,2.4161482729498474
startup_due_diligence_for_a_venture_capitalist_186.txt,model_eval_1,10,0.09843516703793842,0.8398284965553756,0.8434671945701357,0.030338962344745382,3.6125188022534465,1.9641024734554962,0.818125310322078,0.8615316827886732,0.04340637246659518,0.4313976925462475
customer_support_process_for_the_ticket_management_22.txt,model_eval_1,10,0.020765989145078878,0.9916936043419684,1.0,0.010723510683521932,1.0813330484910655,0.0,0.9840224669182608,0.999364741765676,0.015342274847415238,0.8306395658031596
accounts_receivable_process_2.txt,model_eval_1,10,0.015357908248372909,0.9931050892581661,0.9962412627875759,0.007634540395185213,0.7687545334087548,0.37729186220483424,0.9876436680625583,0.9985665104537739,0.010922842391215548,0.3148006056920843
account_payable_process_170.txt,model_eval_1,10,0.1127352101775263,0.9224475337288174,0.8968993785598186,0.044192508851248674,4.790788335961929,0.0755766460458271,0.8908341173299069,0.9540609501277278,0.06322683279782093,2.8484973654483188
accounts_receivable_process_60.txt,model_eval_1,10,0.11111111111111105,0.8985019755918809,0.8708333333333333,0.046567622886123754,5.182806955482508,0.47846889952152943,0.8651895049656547,0.9318144462181072,0.06662494125245244,3.177260355048527
churn_rate_prevention_process_55.txt,model_eval_1,10,0.0,1.0,1.0,0.0,0.0,0.0,1.0,1.0,0.0,0.0
purchase_order_workflow_4.txt,model_eval_1,10,0.0,1.0,1.0,0.0,0.0,0.0,1.0,1.0,0.0,0.0
churn_rate_prevention_process_27.txt,model_eval_1,10,0.07352941176470584,0.9716617156308894,0.9774250453368523,0.022484667865915957,2.3140427891940667,0.7853064481997161,0.9555771531945497,0.9877462780672291,0.03216912487267942,0.5896441607935877
startup_due_diligence_for_a_venture_capitalist_0.txt,model_eval_1,10,0.04373955354158143,0.9727633441034721,0.9672963738237143,0.014843594804601545,1.5259204507013828,0.5697345915092322,0.9621448760505701,0.9833818121563741,0.021236936105804016,0.5651804790859452
client_onboarding_process_for_a_marketing_agency_173.txt,model_eval_1,10,0.027220986923971346,0.9873167334355397,0.9910256410256411,0.012980131171267608,1.314687651054084,0.9055627425614456,0.9780313069617683,0.9966021599093111,0.018570852947542793,0.37424940753933317
client_onboarding_process_for_a_marketing_agency_64.txt,model_eval_1,10,0.0,1.0,1.0,0.0,0.0,0.0,1.0,1.0,0.0,0.0
loan_application_process_48.txt,model_eval_1,10,0.0874591057797165,0.9303845242046369,0.9130434782608695,0.036690911972577754,3.9436287919711392,0.0,0.9041374269386917,0.9566316214705821,0.052494194531890415,1.8992574128888102
purchase_order_workflow_159.txt,model_eval_1,10,0.03702178290316682,0.9889026176093723,0.990755994874611,0.012937110883992825,1.3082290059326276,0.9330254041570492,0.9796479659951998,0.9981572692235448,0.018509303228344987,0.18706697459582575
process_for_optimizing_a_process_6.txt,model_eval_1,10,0.0,1.0,1.0,0.0,0.0,0.0,1.0,1.0,0.0,0.0
content_promotion_process_96.txt,model_eval_1,10,0.04634681184899514,0.9702089239032844,0.9542182941974988,0.02177163243422946,2.2440148609063684,0.029610941748356105,0.9546344362872035,0.9857834115193653,0.03114897523216187,1.6757831832635062
loan_application_process_60.txt,model_eval_1,10,0.04682810864455755,0.8894739279920467,0.904709521315074,0.02025581968365526,2.2772808787529044,0.0,0.8749837874952474,0.903964068488846,0.028980280993598617,1.6840315000643524
churn_rate_prevention_process_48.txt,model_eval_1,10,0.0,1.0,1.0,0.0,0.0,0.0,1.0,1.0,0.0,0.0
content_promotion_process_0.txt,model_eval_1,10,0.07972654408297963,0.9590818528795191,0.9449124269620979,0.032774458045144034,3.417274338654513,2.607540163726286,0.9356364179774795,0.9825272877815586,0.04689086980407908,1.499549113030087
account_payable_process_179.txt,model_eval_1,10,0.10052395876995912,0.9634876670843541,0.9690031837271101,0.028295447707674184,2.9367732119810204,1.6139170940970993,0.9432463231591375,0.9837290110095707,0.040482687850433186,0.5691948938229024
client_onboarding_process_for_a_marketing_agency_5.txt,model_eval_1,10,0.030303030303030276,0.9969696969696968,1.0,0.009582659576267808,0.9611786201119688,0.0,0.9901146752642478,1.0038247186751459,0.013710043410898098,0.3030303030303161
startup_due_diligence_for_a_venture_capitalist_128.txt,model_eval_1,10,0.0,0.851063829787234,0.851063829787234,0.0,0.0,0.0,0.851063829787234,0.851063829787234,0.0,0.0
order_fulfillment_process_175.txt,model_eval_1,10,0.019934390751860098,0.9840524873985119,0.9800656092481399,0.008405077139156577,0.8541289460460224,0.0,0.9780398574218001,0.9900651173752237,0.012025259953423628,0.4067970667219477
content_promotion_process_13.txt,model_eval_1,10,0.08806584362139913,0.9911934156378601,1.0,0.027848864990783245,2.8096297404136545,0.0,0.9712715377432587,1.0111152935324617,0.03984375578920296,0.880658436213988
loan_application_process_14.txt,model_eval_1,10,0.11645782228242973,0.9524763551763373,0.955470737913486,0.041134170355231287,4.318655274924477,4.6604527296937395,0.9230507423413489,0.9819019680113258,0.058851225669976914,0.3133934529159617
project_management_process_65.txt,model_eval_1,10,0.09366900899860486,0.9086222722978539,0.8979591836734694,0.028501788618089982,3.1368137769736357,1.3404123657537257,0.888233320977387,0.9290112236183207,0.040777902640933616,1.1874803240791802
startup_due_diligence_for_a_venture_capitalist_178.txt,model_eval_1,10,0.01388888888888884,0.9958333333333332,1.0,0.00670897071582842,0.673704172300762,0.0,0.9910340247998104,1.000632641866856,0.009598617067045678,0.4166666666666763
employee_onboarding_process_3.txt,model_eval_1,10,0.05555555555555558,0.9888333565887371,1.0,0.0194760537880204,1.9695991906268824,0.0,0.9749010270104206,1.0027656861670535,0.027864659156632943,1.1166643411262944
project_management_process_53.txt,model_eval_1,10,0.031163877012273078,0.9922042363956572,1.0,0.01102186323955652,1.1108462184756664,0.0,0.9843196704105763,1.0000888023807382,0.01576913197016183,0.7795763604342754
employee_onboarding_process_19.txt,model_eval_1,10,0.196078431372549,0.8809581009260121,0.8431372549019608,0.07899263274200286,8.96667306412988,2.4914660890361295,0.824450175573216,0.9374660262788083,0.11301585070559228,4.485728249364228
employee_onboarding_process_51.txt,model_eval_1,10,0.10266249662899729,0.959937426414015,0.9656448882169376,0.02939624943391234,3.062308919835148,1.8025217606473989,0.9389086163718295,0.9809662364562005,0.04205762008437097,0.5910518320519885
employee_onboarding_process_151.txt,model_eval_1,10,0.1089850403453052,0.9080285922704743,0.9129437639867024,0.030510801833490586,3.3601146586364696,0.6595256599614077,0.8862024794721843,0.9298547050687642,0.043652225596579886,0.5383871285526105
loan_application_process_63.txt,model_eval_1,10,0.08781279612157633,0.9790799708737661,0.9954141743701287,0.030460490689512825,3.1111340846170914,0.4606952309849412,0.957289848499768,1.000870093247764,0.043580244747996155,1.6409454392889729
employee_onboarding_process_43.txt,model_eval_1,10,0.04477611940298509,0.9880250230345254,0.9850746268656716,0.013724049693197043,1.3890386754625215,0.7663767298742132,0.9782074293086124,0.9978426167604385,0.01963518745182613,0.2995099141109203
budget_preparation_process_49.txt,model_eval_1,10,0.06174438025909912,0.99382556197409,1.0,0.019525287433429066,1.9646594111188809,0.0,0.9798580127675243,1.0077931111806557,0.027935098413131465,0.6174438025910001
budget_preparation_process_19.txt,model_eval_1,10,0.0,1.0,1.0,0.0,0.0,0.0,1.0,1.0,0.0,0.0
accounts_receivable_process_49.txt,model_eval_1,10,0.0,0.8541666666666666,0.8541666666666666,0.0,0.0,0.0,0.8541666666666666,0.8541666666666666,0.0,0.0
purchase_order_workflow_20.txt,model_eval_1,10,0.014072527642465027,0.997185494471507,1.0,0.005933498638115885,0.5950245637358121,0.0,0.9929409252441632,1.0014300636988507,0.008489138454687462,0.281450552849305
startup_due_diligence_for_a_venture_capitalist_5.txt,model_eval_1,10,0.07297956141286455,0.8908401338588569,0.8835421777175703,0.023078163670478782,2.5906066412287667,0.0,0.8743310101000585,0.9073492576176552,0.03301824751759663,0.8259884276423786
final_grades_submission_process_42.txt,model_eval_1,10,0.044169096209912495,0.9934554308045407,1.0,0.014814740133249895,1.491233494113804,0.0,0.9828576041400596,1.0040532574690217,0.021195653328962116,0.6544569195459315
order_fulfillment_process_17.txt,model_eval_1,10,0.027424640623278207,0.8176360810836043,0.8085106382978723,0.011913831515451003,1.4571068707806694,0.0,0.8091134394324555,0.8261587227347531,0.017045283302297598,1.1286731866563287
project_management_process_8.txt,model_eval_1,10,0.038072923639933975,0.8967766006976123,0.8971485724174441,0.009008072155697704,1.0044945584764617,0.0,0.890332614071552,0.9032205873236727,0.012887973252120766,0.04146155177279176
client_onboarding_process_for_a_marketing_agency_66.txt,model_eval_1,10,0.07090397571629536,0.9722780409754511,0.970654813036917,0.023964788320904533,2.464808142417938,1.5579427590776807,0.955134664149967,0.9894214178009353,0.03428675365096834,0.1672301951973479
employee_onboarding_process_11.txt,model_eval_1,10,0.06818181818181823,0.9818181818181818,1.0,0.02793801350694816,2.84553841274472,0.0,0.9618325309168847,1.001803832719479,0.03997130180259423,1.8181818181818188
churn_rate_prevention_process_76.txt,model_eval_1,10,0.07240528446155792,0.9788293422096608,0.975,0.02304830353893911,2.354680488726325,1.969967106404163,0.9623415791021726,0.995317105317149,0.03297552621497646,0.3927530471446976
purchase_order_workflow_35.txt,model_eval_1,10,0.022727272727272707,0.8295454545454545,0.8295454545454546,0.01197832447033476,1.4439624019033683,1.369863013698629,0.8209766774136431,0.8381142316772658,0.017137554263622734,1.3383510433837503e-14
final_grades_submission_process_0.txt,model_eval_1,10,0.015597919677051597,0.9968804160645895,1.0,0.006576660391978806,0.6597241039142545,0.0,0.9921757566349638,1.0015850754942153,0.009409318859251448,0.31195839354104526
accounts_receivable_process_109.txt,model_eval_1,10,0.0,1.0,1.0,0.0,0.0,0.0,1.0,1.0,0.0,0.0
final_grades_submission_process_81.txt,model_eval_1,10,0.05200519221771094,0.8631293860320159,0.8572180684341125,0.01695727030993374,1.9646266926317748,1.7630059179485706,0.8509988856093935,0.8752598864546384,0.02426100084524485,0.6895932103603082
startup_due_diligence_for_a_venture_capitalist_187.txt,model_eval_1,10,0.07547044316932361,0.9677475224696191,0.9748326917740897,0.02558984660060245,2.6442688827866054,2.0156316598561297,0.9494416489811482,0.98605339595809,0.036611746976941806,0.7268087502868131
process_for_optimizing_a_process_9.txt,model_eval_1,10,0.04030725005996261,0.8536930042277341,0.8472222222222222,0.012870963334740661,1.507680544528295,0.7276487701637153,0.8444856717197321,0.8629003367357361,0.018414665016003973,0.7637644334374675
final_grades_submission_process_96.txt,model_eval_1,10,0.029275405587249503,0.9818260246743694,0.9818212247266036,0.011515713737295158,1.172887400404205,1.0958228936867334,0.973588179325214,0.9900638700235248,0.016475690698310785,0.0004888820535680148
content_promotion_process_91.txt,model_eval_1,10,0.09298403602128524,0.9816106873069623,1.0,0.033092011404762506,3.3711951013441044,0.0,0.9579380884161055,1.0052832861978191,0.047345197781713644,1.8389312693037674
budget_preparation_process_2.txt,model_eval_1,10,0.08823529411764708,0.9441176470588235,0.9411764705882353,0.02170190551095947,2.2986441974224987,0.0,0.9285930390788358,0.9596422550388112,0.03104921595997534,0.3124999999999989
client_onboarding_process_for_a_marketing_agency_180.txt,model_eval_1,10,0.021739130434782594,0.9956521739130434,1.0,0.0091660222033866,0.9206048501217984,0.0,0.9890951966295704,1.0022091511965165,0.013113954566946195,0.43478260869566077
employee_onboarding_process_14.txt,model_eval_1,10,0.03895528400698267,0.9306246887887004,0.9263819882726826,0.012250078955881875,1.3163286020088891,0.18303204506012377,0.9218615102089244,0.9393878673684765,0.017526357159552086,0.45798607590899953
accounts_receivable_process_144.txt,model_eval_1,10,0.016666666666666607,0.8133333333333332,0.8166666666666667,0.00702728368926304,0.8640102896634886,0.0,0.8083063174160039,0.8183603492506626,0.010054031834658694,0.40816326530613184
account_payable_process_45.txt,model_eval_1,10,0.0,1.0,1.0,0.0,0.0,0.0,1.0,1.0,0.0,0.0
account_payable_process_13.txt,model_eval_1,10,0.0,1.0,1.0,0.0,0.0,0.0,1.0,1.0,0.0,0.0
account_payable_process_32.txt,model_eval_1,10,0.028896741717824748,0.8581565105314514,0.8593038655740419,0.013656300429334358,1.5913531228560034,1.4708834203428869,0.8483873817093169,0.8679256393535858,0.019538257644268864,0.133521457141833
process_for_optimizing_a_process_34.txt,model_eval_1,10,0.0714285714285714,0.9546609285314602,0.9523809523809523,0.017584696685433613,1.8419834896232605,0.0,0.9420815943181359,0.9672402627447846,0.02515866842664871,0.2393974958033296
content_promotion_process_199.txt,model_eval_1,10,0.15909289657585812,0.831748337048601,0.8220079673162815,0.0420632914156826,5.057213767921817,1.2463102656608642,0.8016580710465359,0.8618386030506661,0.060180532004130205,1.1849483362211426
loan_application_process_145.txt,model_eval_1,10,0.04466997119962379,0.9946636704706325,1.0,0.014087883218959783,1.4163464130839318,0.0,0.9845858059194414,1.0047415350218236,0.02015572910238217,0.5336329529367467
purchase_order_workflow_1.txt,model_eval_1,10,0.1353902460730655,0.954565355017607,0.9745114698385727,0.04806371152867882,5.035140996479207,2.6155187445509935,0.9201826470489848,0.9889480629862292,0.06876541593724439,2.046780919291778
accounts_receivable_process_0.txt,model_eval_1,10,0.017212395075876352,0.994836281477237,1.0,0.00831437672495934,0.8357532671218306,0.0,0.9888885346681956,1.0007840282862785,0.011895493618082953,0.5163718522762983
employee_onboarding_process_4.txt,model_eval_1,10,0.0,1.0,1.0,0.0,0.0,0.0,1.0,1.0,0.0,0.0
startup_due_diligence_for_a_venture_capitalist_7.txt,model_eval_1,10,0.10202084747525952,0.7970648964464031,0.7972854026846884,0.025626340398800688,3.2150883212962915,0.7820041875679813,0.778732916867366,0.8153968760254402,0.03666395915807419,0.027657127239854376
final_grades_submission_process_6.txt,model_eval_1,10,0.0,1.0,1.0,0.0,0.0,0.0,1.0,1.0,0.0,0.0
purchase_order_workflow_74.txt,model_eval_1,10,0.0,1.0,1.0,0.0,0.0,0.0,1.0,1.0,0.0,0.0
content_promotion_process_48.txt,model_eval_1,10,0.09999999999999998,0.9799125132013158,1.0,0.03586947669155332,3.6604774618470657,0.0,0.9542530353364593,1.0055719910661722,0.0513189557297129,2.0087486798684218
order_fulfillment_process_90.txt,model_eval_1,10,0.022727272727272707,0.9909090909090909,1.0,0.011736313170325495,1.184398576821839,0.0,0.982513438232064,0.9993047435861176,0.0167913053540536,0.909090909090915
budget_preparation_process_10.txt,model_eval_1,10,0.0321766843955712,0.9916979380897759,1.0,0.011716624423282633,1.1814710884497128,0.0,0.9833163698939161,1.0000795062856358,0.01676313639171967,0.830206191022409
customer_support_process_for_the_ticket_management_54.txt,model_eval_1,10,0.07345223082927987,0.9511368479811468,0.9390451096090874,0.029461142134971568,3.097466174032145,1.3308562400766604,0.9300616164971116,0.9722120794651821,0.04215046296807046,1.2876632068392428
budget_preparation_process_54.txt,model_eval_1,10,0.14492753623188404,0.8840579710144928,0.855072463768116,0.06110681468924403,6.912082317307931,0.0,0.8403447891246725,0.9277711529043131,0.08742636377964064,3.3898305084745783
account_payable_process_171.txt,model_eval_1,10,0.043735341997075294,0.9869588107961309,0.989165431244798,0.015239787337642774,1.5441158405941573,1.0953242413220374,0.9760569236786238,0.997860697913638,0.021803774235014117,0.22307900973553718
order_fulfillment_process_2.txt,model_eval_1,10,0.022099473709165096,0.9716452515290881,0.978116258119577,0.010520190123467698,1.0827192441801128,0.014784688879253407,0.9641195608721411,0.9791709421860351,0.015051381313893941,0.6615784715540267
client_onboarding_process_for_a_marketing_agency_40.txt,model_eval_1,10,0.06410594870564101,0.9821291974805562,1.0,0.029012159161871276,2.9540063808606654,0.0,0.9613751490669915,1.0028832458941208,0.041508096827129304,1.787080251944384
client_onboarding_process_for_a_marketing_agency_102.txt,model_eval_1,10,0.03481191848137899,0.9721504652148967,0.965188081518621,0.014677993616169002,1.5098479238935907,0.0,0.9616504611157769,0.9826504693140165,0.02100000819823955,0.7213499451134013
loan_application_process_79.txt,model_eval_1,10,0.019547881115955734,0.960136300413596,0.9630605894197327,0.006587852395474396,0.6861372070441,0.0,0.955423634706978,0.964848966120214,0.009425331413235982,0.30364538205209723
budget_preparation_process_83.txt,model_eval_1,10,0.0,1.0,1.0,0.0,0.0,0.0,1.0,1.0,0.0,0.0
final_grades_submission_process_63.txt,model_eval_1,10,0.053531286971113645,0.9592037592148183,0.9556961098899119,0.017016666067578796,1.7740408024993815,0.9655157916346966,0.9470307696267791,0.9713767488028574,0.02434597917607828,0.36702559407826585
account_payable_process_36.txt,model_eval_1,10,0.09615384615384615,0.9640490383466632,0.975714714989161,0.03594269910742131,3.728306100389122,2.488973942666102,0.9383371803209437,0.9897608963723827,0.05142371605143903,1.195603229436519
customer_support_process_for_the_ticket_management_1.txt,model_eval_1,10,0.0,1.0,1.0,0.0,0.0,0.0,1.0,1.0,0.0,0.0
churn_rate_prevention_process_29.txt,model_eval_1,10,0.0,1.0,1.0,0.0,0.0,0.0,1.0,1.0,0.0,0.0
budget_preparation_process_73.txt,model_eval_1,10,0.0,1.0,1.0,0.0,0.0,0.0,1.0,1.0,0.0,0.0
project_management_process_45.txt,model_eval_1,10,0.05344694490593904,0.9917141290388178,1.0,0.017005049235388755,1.7147128126398954,0.0,0.9795494496319114,1.0038788084457244,0.02432935881381304,0.8285870961182162
content_promotion_process_129.txt,model_eval_1,10,0.023054974319954402,0.9838615179760319,0.9769450256800456,0.011136610624806063,1.1319286730225955,0.0,0.9758948666564706,0.9918281692955933,0.015933302639122626,0.7079714942170685
process_for_optimizing_a_process_27.txt,model_eval_1,10,0.015845540907280964,0.998415445909272,1.0,0.005010800002437878,0.5018752487221857,0.0,0.9948309355230902,1.0019999562954538,0.007169020772363588,0.15845540907279965
process_for_optimizing_a_process_137.txt,model_eval_1,10,0.03756110500634002,0.8855108614959406,0.8901211120383082,0.011597061731680448,1.3096464691679686,0.0376530990884694,0.8772148232972149,0.8938068996946663,0.016592076397451416,0.5179351978081407
process_for_optimizing_a_process_0.txt,model_eval_1,10,0.04166666666666663,0.9916666666666668,1.0,0.01756820922315765,1.7715841233436285,0.0,0.9790991268733434,1.00423420645999,0.025135079586646625,0.8333333333333193
purchase_order_workflow_190.txt,model_eval_1,10,0.08790557793203113,0.8865582794160993,0.8837209302325582,0.026378480305702324,2.9753802900668402,1.3157894736842066,0.867688251360404,0.9054283074717947,0.03774005611139075,0.3210684602428167
startup_due_diligence_for_a_venture_capitalist_92.txt,model_eval_1,10,0.17500000000000004,0.890296161493666,0.8375,0.07874740496956369,8.845079690947756,2.238805970149259,0.83396366152142,0.946628661465912,0.11266499994449197,6.304019282825784
order_fulfillment_process_1.txt,model_eval_1,10,0.0,1.0,1.0,0.0,0.0,0.0,1.0,1.0,0.0,0.0
loan_application_process_6.txt,model_eval_1,10,0.07522864871827917,0.9721594868143564,0.9722371141916213,0.024918142466644116,2.563174335550406,1.872726019456553,0.9543341215168816,0.9899848521118312,0.03565073059494961,0.007984407932159099
content_promotion_process_153.txt,model_eval_1,10,0.03420820132017588,0.9692126188118417,0.9657917986798241,0.010817583082933464,1.1161207430620068,0.0,0.9614741860475539,0.9769510515761296,0.015476865528575745,0.3541985070378164
loan_application_process_13.txt,model_eval_1,10,0.032817560273479596,0.98487695777699,0.9892520427404149,0.009200494483870864,0.9341770473174348,0.5321514654611913,0.978295320509608,0.9914585950443721,0.013163274534764069,0.44226190843185503
order_fulfillment_process_64.txt,model_eval_1,10,0.05546562801248345,0.9765112738846341,0.9793343694210968,0.016137787425806495,1.6525961202280015,0.7128595407315549,0.9649669962024968,0.9880555515667714,0.023088555364274566,0.28826676818576635
accounts_receivable_process_41.txt,model_eval_1,10,0.0,1.0,1.0,0.0,0.0,0.0,1.0,1.0,0.0,0.0
project_management_process_23.txt,model_eval_1,10,0.021739130434782594,0.8846816177516477,0.8913043478260869,0.010435962165457455,1.1796291407048418,0.0,0.8772161801461391,0.8921470553571562,0.014930875211017103,0.7430380083517212
final_grades_submission_process_43.txt,model_eval_1,10,0.0,1.0,1.0,0.0,0.0,0.0,1.0,1.0,0.0,0.0
project_management_process_6.txt,model_eval_1,10,0.073997251138753,0.8219793809012339,0.8055555555555556,0.02804340867442392,3.4116924738034897,1.6355265653573265,0.8019183348390271,0.8420404269634407,0.040122092124413644,2.0388196980842053
accounts_receivable_process_26.txt,model_eval_1,10,0.045454545454545414,0.9897669548857732,1.0,0.01729366911958828,1.7472465648829532,0.0,0.977395809251504,1.0021381005200423,0.02474229126853822,1.0233045114226846
accounts_receivable_process_43.txt,model_eval_1,10,0.0,1.0,1.0,0.0,0.0,0.0,1.0,1.0,0.0,0.0
final_grades_submission_process_68.txt,model_eval_1,10,0.022028353326063344,0.9845801526717557,0.9779716466739367,0.010640705571538636,1.0807353309594987,0.0,0.976968250456755,0.9921920548867564,0.015223804430001486,0.6757359500446094
employee_onboarding_process_93.txt,model_eval_1,10,0.01388279208832488,0.9851099867085621,0.9864982659173946,0.004390124328167209,0.44564813953774246,0.0,0.9819694809523378,0.9882504924647864,0.006281011512448531,0.14072799282029386
process_for_optimizing_a_process_99.txt,model_eval_1,10,0.037210666774945445,0.9784473315880033,0.9753847875467843,0.013459916504021742,1.3756403711762928,0.9632138582776579,0.9688186873630629,0.9880759758129438,0.01925728844988095,0.3139831664713337
purchase_order_workflow_169.txt,model_eval_1,10,0.040684401509143764,0.9898696806229852,1.0,0.01726134821617064,1.7438000732891448,0.0,0.9775216559701831,1.0022177052757872,0.024696049305604095,1.0130319377014807
customer_support_process_for_the_ticket_management_46.txt,model_eval_2,10,0.15174571805006587,0.8553270280444194,0.8633540372670807,0.04761621726836036,5.567018895360749,4.4446261172879895,0.8212644381852983,0.8893896179035405,0.06812517971824228,0.9297471114017775
account_payable_process_122.txt,model_eval_2,10,0.06496586488846545,0.9623636760556264,0.972027972027972,0.02183273732387606,2.268657667271939,0.0,0.9467454766347482,0.9779818754765047,0.031236398841756552,0.9942405208959787
process_for_optimizing_a_process_185.txt,model_eval_2,10,0.08787408243929984,0.9652019545447249,0.9732205778717405,0.023788867021790252,2.46465176637683,0.0,0.9481844242354694,0.9822194848539804,0.034035060618510915,0.8239266112262993
customer_support_process_for_the_ticket_management_131.txt,model_eval_2,10,0.4217171717171717,0.7723475355054302,0.7878787878787878,0.14380139385774918,18.618741854810793,7.0512820512820555,0.6694782153210819,0.8752168556897786,0.2057386403686967,1.9712743396953902
order_fulfillment_process_40.txt,model_eval_2,10,0.03689064558629773,0.9921442687747033,0.9999999999999999,0.013382617899052674,1.348858056256293,0.0,0.9825709206406493,1.0017176169087572,0.019146696268107832,0.7855731225296594
project_management_process_44.txt,model_eval_2,10,0.12368881118881114,0.9381555944055944,0.9381555944055944,0.06518972740586036,6.948711684351666,6.592126717912879,0.8915216727074671,0.9847895161037217,0.0932678433962546,0.0
customer_support_process_for_the_ticket_management_35.txt,model_eval_2,10,0.0731695840391493,0.7790111257502562,0.7736892736892736,0.030220478901063146,3.8793385488503986,3.5821924288089066,0.75739269746664,0.8006295540338725,0.04323685656723253,0.6878539281804638
process_for_optimizing_a_process_92.txt,model_eval_2,10,0.03575989782886324,0.9878007571692397,0.9827534939042522,0.01191527916792141,1.2062431701375957,0.8774583963691321,0.9792770799298987,0.9963244344085807,0.017047354478681997,0.5135838535598476
startup_due_diligence_for_a_venture_capitalist_68.txt,model_eval_2,10,0.04166666666666663,0.9833333333333332,0.9999999999999999,0.021516574145596743,2.1881261842979742,0.0,0.9679413034254507,0.9987253632412156,0.03078405981576493,1.6666666666666723
churn_rate_prevention_process_14.txt,model_eval_2,10,0.0,0.8333333333333333,0.8333333333333333,0.0,0.0,0.0,0.8333333333333333,0.8333333333333333,0.0,0.0
content_promotion_process_109.txt,model_eval_2,10,0.04824561403508776,0.7298245614035087,0.7280701754385964,0.013431209447784639,1.8403339868358761,0.0,0.7202164529694975,0.7394326698375199,0.01921621686802233,0.2409638554216875
accounts_receivable_process_101.txt,model_eval_2,10,0.05921052631578949,0.9800438596491226,0.9824561403508771,0.014853758000581939,1.5156217606322142,0.0,0.9694181212837892,0.9906695980144559,0.02125147673066663,0.24553571428573484
customer_support_process_for_the_ticket_management_152.txt,model_eval_2,10,0.14251207729468585,0.9341255070590109,0.9321266968325791,0.04346897751896638,4.6534408053820915,2.8169594698720912,0.9030296737953347,0.965221340322687,0.06219166652735231,0.2144354660395259
loan_application_process_4.txt,model_eval_2,10,0.06944444444444442,0.9805930930930928,0.9793543543543543,0.021922300436441305,2.235616443849468,1.4181678804139526,0.9649108240811208,0.9962753621050648,0.03136453802394401,0.12648524338825592
budget_preparation_process_33.txt,model_eval_2,10,0.01754385964912275,0.9964912280701753,0.9999999999999999,0.007397140725540045,0.7423186995700398,0.0,0.9911996323677233,1.0017828237726272,0.010583191404903824,0.3508771929824573
account_payable_process_2.txt,model_eval_2,10,0.06380952380952365,0.9639867536758292,0.9578338001867412,0.02240915148235591,2.324632718956602,2.239140606722292,0.9479562124059832,0.9800172949456752,0.03206108253969209,0.6423821635745534
project_management_process_3.txt,model_eval_2,10,0.04146730462519932,0.9818672555514659,0.972027972027972,0.016137412999542643,1.643543249691025,0.6941814969077378,0.9703232457177423,0.9934112653851895,0.023088019667447224,1.0122428373090897
churn_rate_prevention_process_3.txt,model_eval_2,10,0.04166666666666663,0.9958333333333332,0.9999999999999999,0.013176156917368237,1.3231287281039235,0.0,0.9864076784883408,1.0052589881783258,0.018851309689985052,0.4166666666666653
order_fulfillment_process_143.txt,model_eval_2,10,0.06907378335949754,0.9822392136341715,0.9999999999999999,0.025588017093722805,2.6050697975139987,0.0,0.9639346488960815,1.0005437783722615,0.03660912947618,1.7760786365828345
project_management_process_81.txt,model_eval_2,10,0.08898225957049488,0.9057966216789748,0.9116883116883117,0.023218445255602158,2.563317713921774,0.0,0.8891871465194779,0.9224060968384716,0.03321895031899369,0.6462395024486309
project_management_process_2.txt,model_eval_2,10,0.0,0.9999999999999998,0.9999999999999999,1.1702778228589004e-16,1.1702778228589007e-14,0.0,0.9999999999999997,0.9999999999999999,2.220446049250313e-16,1.1102230246251569e-14
final_grades_submission_process_1.txt,model_eval_2,10,0.0,0.9999999999999998,0.9999999999999999,1.1702778228589004e-16,1.1702778228589007e-14,0.0,0.9999999999999997,0.9999999999999999,2.220446049250313e-16,1.1102230246251569e-14
customer_support_process_for_the_ticket_management_25.txt,model_eval_2,10,0.23555555555555552,0.9764444444444443,0.9999999999999999,0.07448920710618848,7.628617022709334,0.0,0.9231580757207533,1.0297308131681353,0.10657273744738205,2.3555555555555556
client_onboarding_process_for_a_marketing_agency_172.txt,model_eval_2,10,0.0,0.9999999999999998,0.9999999999999999,1.1702778228589004e-16,1.1702778228589007e-14,0.0,0.9999999999999997,0.9999999999999999,2.220446049250313e-16,1.1102230246251569e-14
content_promotion_process_2.txt,model_eval_2,10,0.0,0.9999999999999998,0.9999999999999999,1.1702778228589004e-16,1.1702778228589007e-14,0.0,0.9999999999999997,0.9999999999999999,2.220446049250313e-16,1.1102230246251569e-14
client_onboarding_process_for_a_marketing_agency_6.txt,model_eval_2,10,0.0625,0.9875,1.0,0.026352313834736494,2.668588742758126,0.0,0.968648690310015,1.006351309689985,0.03770261937996999,1.2499999999999956
churn_rate_prevention_process_23.txt,model_eval_2,10,0.027972027972027913,0.9931301499821036,0.9999999999999999,0.009794373681551151,0.9862125001166915,0.0,0.9861236771293487,1.0001366228348585,0.014012945705509816,0.6869850017896307
final_grades_submission_process_126.txt,model_eval_2,10,0.10606060606060597,0.9274230678881841,0.8939393939393939,0.05034589100132103,5.428578686959191,0.0,0.8914077870731427,0.9634383487032254,0.0720305616300827,3.7456313230849996
customer_support_process_for_the_ticket_management_10.txt,model_eval_2,10,0.0859649122807018,0.6450516442621705,0.6466329966329967,0.02776985012301527,4.305058419745485,2.393349946070592,0.6251862901989013,0.6649169983254398,0.03973070812653856,0.24455175950812807
budget_preparation_process_16.txt,model_eval_2,10,0.1853514739229024,0.8227256235827664,0.8080272108843537,0.055757568761149234,6.777176638590497,1.2375820845260088,0.782839061709344,0.8626121854561887,0.07977312374684464,1.8190492226525177
order_fulfillment_process_7.txt,model_eval_2,10,0.17947330447330445,0.9155881908788883,0.9351614148125775,0.059171826485360006,6.4627118474037974,3.303429250678446,0.8732592161636882,0.9579171655940885,0.08465794943040028,2.093031601139363
order_fulfillment_process_22.txt,model_eval_2,10,0.01724137931034475,0.9948275862068965,0.9999999999999999,0.00832837744033872,0.8371679229456599,0.0,0.9888698238894199,1.0007853485243732,0.011915524634953267,0.5172413793103404
budget_preparation_process_162.txt,model_eval_2,10,0.016666666666666607,0.9983333333333333,0.9999999999999999,0.00527046276694728,0.5279261536174238,0.0,0.9945630713953363,1.0021035952713302,0.00754052387599391,0.16666666666665944
purchase_order_workflow_81.txt,model_eval_2,10,0.04166666666666663,0.9944819819819818,0.9999999999999999,0.013392539092591423,1.3466849410283304,0.0,0.9849015366536145,1.0040624273103491,0.019160890656734653,0.5518018018018102
employee_onboarding_process_195.txt,model_eval_2,10,0.06666666666666665,0.7641666666666665,0.7583333333333333,0.02080553701230445,2.722643883834825,1.6483516483516498,0.7492832820824863,0.7790500512508468,0.02976676916836052,0.7692307692307577
churn_rate_prevention_process_102.txt,model_eval_2,10,0.19985815602836876,0.9298993350599005,0.9525779067268427,0.06324397908275249,6.801164029080477,2.878724467522276,0.8846573178619893,0.9751413522578117,0.09048403439582242,2.380757679428882
churn_rate_prevention_process_34.txt,model_eval_2,10,0.05555555555555547,0.9944444444444442,0.9999999999999999,0.017568209223157636,1.7666355643398741,0.0,0.9818769046511209,1.0070119842377676,0.025135079586646736,0.5555555555555648
process_for_optimizing_a_process_37.txt,model_eval_2,10,0.05729166666666663,0.9926041666666666,0.9999999999999999,0.018297326277895154,1.843365854421172,0.0,0.9795150479529758,1.0056932853803575,0.02617823742738168,0.7395833333333269
account_payable_process_3.txt,model_eval_2,10,0.0,1.0,1.0,0.0,0.0,0.0,1.0,1.0,0.0,0.0
client_onboarding_process_for_a_marketing_agency_14.txt,model_eval_2,10,0.2499999999999999,0.8874999999999998,0.8333333333333333,0.10025045795899212,11.295826248900523,7.499999999999994,0.815785142572313,0.9592148574276866,0.1434297148553736,6.49999999999999
startup_due_diligence_for_a_venture_capitalist_45.txt,model_eval_2,10,0.0,0.9999999999999998,0.9999999999999999,1.1702778228589004e-16,1.1702778228589007e-14,0.0,0.9999999999999997,0.9999999999999999,2.220446049250313e-16,1.1102230246251569e-14
customer_support_process_for_the_ticket_management_48.txt,model_eval_2,10,0.07748917748917761,0.9121784547152194,0.9145276292335115,0.029556239712114244,3.2401817384890603,2.7190332326284024,0.891035194522634,0.9333217149078048,0.04228652038517078,0.25687299576295874
loan_application_process_72.txt,model_eval_2,10,0.16034577358106772,0.8459978471897976,0.8617148374501316,0.04689297521272707,5.542918976507365,2.6374470694416825,0.8124526335298622,0.8795430608497331,0.06709042731987092,1.8239201157126956
purchase_order_workflow_16.txt,model_eval_2,10,0.20312223988694555,0.9703228629699217,0.9999999999999999,0.0645462255219172,6.652035934138143,0.0,0.9241492747884782,1.016496451151365,0.09234717636288681,2.967713703007824
startup_due_diligence_for_a_venture_capitalist_186.txt,model_eval_2,10,0.12064354727398197,0.7280706902088132,0.7238569703243616,0.03598253428081227,4.942175912958721,2.8781008109927937,0.702330335816708,0.7538110446009184,0.051480708784210405,0.5821205096033616
customer_support_process_for_the_ticket_management_22.txt,model_eval_2,10,0.02734663710273466,0.989061345158906,0.9999999999999999,0.014121742676489225,1.427792395851885,0.0,0.9789592590109387,0.9991634313068732,0.02020417229593452,1.093865484109391
accounts_receivable_process_2.txt,model_eval_2,10,0.02020202020202011,0.9910419989367357,0.9956140350877192,0.010038677443456838,1.0129416769649606,0.4405286343612349,0.983860761700747,0.9982232361727245,0.014362474471977471,0.45921772794018795
account_payable_process_170.txt,model_eval_2,10,0.1430555555555555,0.899505102040816,0.8675736961451246,0.05790332074719464,6.437242058530004,0.8592524830109564,0.8580835616656759,0.9409266424159561,0.08284308075028024,3.680541035023503
accounts_receivable_process_60.txt,model_eval_2,10,0.19975490196078427,0.8259692513368984,0.7745098039215685,0.08387587291550057,10.154842057345434,0.23734177215189792,0.7659680664024772,0.8859704362713196,0.12000236986884238,6.644131185270433
churn_rate_prevention_process_55.txt,model_eval_2,10,0.0,0.9999999999999998,0.9999999999999999,1.1702778228589004e-16,1.1702778228589007e-14,0.0,0.9999999999999997,0.9999999999999999,2.220446049250313e-16,1.1102230246251569e-14
purchase_order_workflow_4.txt,model_eval_2,10,0.0,0.9999999999999998,0.9999999999999999,1.1702778228589004e-16,1.1702778228589007e-14,0.0,0.9999999999999997,0.9999999999999999,2.220446049250313e-16,1.1102230246251569e-14
churn_rate_prevention_process_27.txt,model_eval_2,10,0.10119047619047605,0.9612893762422063,0.9701924909472079,0.031786085364128726,3.30660945077582,0.990060110792449,0.9385509805632037,0.9840277719212089,0.0454767913580052,0.9176647714835855
startup_due_diligence_for_a_venture_capitalist_0.txt,model_eval_2,10,0.08495670995670979,0.9611479571161521,0.9567099567099566,0.024558733407853823,2.5551459820546616,0.8549654679685633,0.9435796975709514,0.9787162166613528,0.035136519090401386,0.46388149042133586
client_onboarding_process_for_a_marketing_agency_173.txt,model_eval_2,10,0.03444782168186411,0.983998649105032,0.9888888888888888,0.016442123916973656,1.6709498465194157,1.1235955056179736,0.9722366622121994,0.9957606359978646,0.023523973785665175,0.494518629828219
client_onboarding_process_for_a_marketing_agency_64.txt,model_eval_2,10,0.0,0.9999999999999998,0.9999999999999999,1.1702778228589004e-16,1.1702778228589007e-14,0.0,0.9999999999999997,0.9999999999999999,2.220446049250313e-16,1.1102230246251569e-14
loan_application_process_48.txt,model_eval_2,10,0.18095238095238086,0.8652380952380951,0.8333333333333333,0.07116529964823924,8.224938319279165,0.0,0.8143295066692555,0.9161466838069348,0.10181717713767924,3.8285714285714256
purchase_order_workflow_159.txt,model_eval_2,10,0.06388888888888877,0.9847222222222222,0.9888888888888888,0.020338780218971064,2.0654332521381056,1.1235955056179736,0.9701727353335616,0.9992717091108827,0.02909897377732107,0.4213483146067401
process_for_optimizing_a_process_6.txt,model_eval_2,10,0.0,1.0,1.0,0.0,0.0,0.0,1.0,1.0,0.0,0.0
content_promotion_process_96.txt,model_eval_2,10,0.061111111111111116,0.9607770757770757,0.9404401154401154,0.028819649802276377,2.999618801163326,0.16494687176340622,0.9401607402633612,0.9813934112907903,0.04123267102742911,2.162493922055084
loan_application_process_60.txt,model_eval_2,10,0.06428571428571428,0.8617643467643468,0.8817460317460317,0.02657767271869226,3.084099825953932,0.0,0.8427518250404021,0.8807768684882914,0.03802504344788926,2.266149691892263
churn_rate_prevention_process_48.txt,model_eval_2,10,0.0,0.9999999999999998,0.9999999999999999,1.1702778228589004e-16,1.1702778228589007e-14,0.0,0.9999999999999997,0.9999999999999999,2.220446049250313e-16,1.1102230246251569e-14
content_promotion_process_0.txt,model_eval_2,10,0.10555555555555551,0.948061426819226,0.9322791030108104,0.04264650039002624,4.498284518663152,4.058297396582032,0.9175539582497401,0.978568895388712,0.06101493713897188,1.6928754229764809
account_payable_process_179.txt,model_eval_2,10,0.1473127262600945,0.9503800124256927,0.9576719576719577,0.04125519830963647,4.340916030455984,2.0824479388015305,0.920867821407705,0.9798922034436804,0.05902438203597549,0.7614241168751824
client_onboarding_process_for_a_marketing_agency_5.txt,model_eval_2,10,0.04166666666666663,0.9958333333333332,0.9999999999999999,0.013176156917368237,1.3231287281039235,0.0,0.9864076784883408,1.0052589881783258,0.018851309689985052,0.4166666666666653
startup_due_diligence_for_a_venture_capitalist_128.txt,model_eval_2,10,0.0,0.8070175438596492,0.8070175438596491,1.1702778228589004e-16,1.450126867455594e-14,0.0,0.8070175438596491,0.8070175438596493,2.220446049250313e-16,1.3757111392094333e-14
order_fulfillment_process_175.txt,model_eval_2,10,0.02734663710273466,0.9781226903178121,0.9726533628972652,0.011530354612094607,1.1788249803660273,0.0,0.9698743715177595,0.9863710091178647,0.016496637600105224,0.5623100303951276
content_promotion_process_13.txt,model_eval_2,10,0.12222222222222212,0.9877777777777776,0.9999999999999999,0.03865006029094683,3.91282950077077,0.0,0.9601291902324662,1.015426365323089,0.05529717509062282,1.2222222222222248
loan_application_process_14.txt,model_eval_2,10,0.14583333333333326,0.9251311188811189,0.9166666666666667,0.05730806459960241,6.194588359422228,5.610298792116975,0.8841353991019804,0.9661268386602574,0.08199143955827704,0.9233947870311418
project_management_process_65.txt,model_eval_2,10,0.2236842105263157,0.8088542199068515,0.8062865497076023,0.06367240382484184,7.871925775719439,1.8196774679095615,0.7633057261109979,0.854402713702705,0.09109698759170715,0.31845628581803254
startup_due_diligence_for_a_venture_capitalist_178.txt,model_eval_2,10,0.04166666666666663,0.9875,0.9999999999999999,0.020126912147485312,2.0381683187326898,0.0,0.9731020743994315,1.0018979256005685,0.028795851201136924,1.2499999999999847
employee_onboarding_process_3.txt,model_eval_2,10,0.08333333333333326,0.9832671957671957,0.9999999999999999,0.029197319793179206,2.9694186807887912,0.0,0.962380691417311,1.0041537001170804,0.04177300869976941,1.6732804232804215
project_management_process_53.txt,model_eval_2,10,0.04276729559748427,0.9895597484276729,0.9999999999999999,0.01492705658182307,1.5084543005655702,0.0,0.9788815754160509,1.000237921439295,0.02135634602324399,1.0440251572326977
employee_onboarding_process_19.txt,model_eval_2,10,0.27976190476190466,0.8314987857670785,0.7857142857142857,0.1124873954541265,13.52826935884868,5.016629711751663,0.7510301505943159,0.9119674209398411,0.16093727034552519,5.827118188537263
employee_onboarding_process_51.txt,model_eval_2,10,0.11734693877551006,0.9368395691609976,0.9499007936507936,0.038763242263480116,4.1376606560497,2.596046251398732,0.9091100161100032,0.9645691222119921,0.0554591061019889,1.3750093248787816
employee_onboarding_process_151.txt,model_eval_2,10,0.18333442572808112,0.8790380299874517,0.8939618613531657,0.05110476653537447,5.813715083078259,2.330449903287649,0.8424798823183531,0.9155961776565503,0.07311629533819719,1.6694035854196467
loan_application_process_63.txt,model_eval_2,10,0.11355311355311348,0.9712704801658288,0.9944444444444444,0.03964722937105848,4.081996743511587,0.558659217877093,0.9429085608326392,0.9996323994990185,0.05672383866637931,2.3303427766205544
employee_onboarding_process_43.txt,model_eval_2,10,0.10185185185185175,0.9723977193316816,0.9754145225843338,0.03192380769124981,3.2829990297787512,2.1358440797186384,0.9495608030348667,0.9952346356284966,0.04567383259362989,0.3092842256089496
budget_preparation_process_49.txt,model_eval_2,10,0.06759962049335855,0.9932400379506641,0.9999999999999999,0.02137687697220083,2.15223673587579,0.0,0.9779479413805149,1.0085321345208131,0.030584193140298255,0.6759962049335823
budget_preparation_process_19.txt,model_eval_2,10,0.0,0.9999999999999998,0.9999999999999999,1.1702778228589004e-16,1.1702778228589007e-14,0.0,0.9999999999999997,0.9999999999999999,2.220446049250313e-16,1.1102230246251569e-14
accounts_receivable_process_49.txt,model_eval_2,10,0.0,0.8083333333333332,0.8083333333333332,0.0,0.0,0.0,0.8083333333333332,0.8083333333333332,0.0,0.0
purchase_order_workflow_20.txt,model_eval_2,10,0.01851851851851849,0.9962962962962962,0.9999999999999999,0.00780809298807006,0.7837119356055451,0.0,0.9907107230548192,1.0018818695377734,0.011171146482954142,0.3703703703703654
startup_due_diligence_for_a_venture_capitalist_5.txt,model_eval_2,10,0.06118881118881114,0.88243006993007,0.8763111888111889,0.019349601067463845,2.1927631125486515,0.0,0.8685881991786824,0.8962719406814577,0.027683741502775305,0.6982543640897788
final_grades_submission_process_42.txt,model_eval_2,10,0.06666666666666654,0.9907017543859646,0.9999999999999999,0.021787844483356796,2.199233461220715,0.0,0.9751156693685805,1.0062878394033488,0.031172170034768243,0.9298245614035252
order_fulfillment_process_17.txt,model_eval_2,10,0.026315789473684292,0.7646198830409356,0.7543859649122806,0.013238867161019647,1.7314311927605046,0.0,0.755149367990072,0.7740903980917992,0.018941030101727208,1.356589147286831
project_management_process_8.txt,model_eval_2,10,0.04494949494949485,0.8931977671451357,0.8940058479532164,0.010730788165123923,1.2013899451878363,0.0,0.885521423724706,0.9008741105655653,0.015352686840859331,0.09038876087116932
client_onboarding_process_for_a_marketing_agency_66.txt,model_eval_2,10,0.08846153846153837,0.9666247834852484,0.9661498708010334,0.02964381901672896,3.0667348409840716,2.183400979870616,0.9454188728322868,0.98783069413821,0.04241182130592325,0.049155177531743297
employee_onboarding_process_11.txt,model_eval_2,10,0.11111111111111105,0.9694444444444444,0.9999999999999999,0.045737366797142444,4.717894569332745,0.0,0.9367259032451952,1.0021629856436938,0.06543708239849855,3.055555555555545
churn_rate_prevention_process_76.txt,model_eval_2,10,0.09904371584699445,0.9719269575993398,0.9674089068825911,0.0311731681322242,3.2073570846539687,2.5528353211968975,0.9496270164949685,0.9942268987037111,0.04459988220874256,0.46702595816569653
purchase_order_workflow_35.txt,model_eval_2,10,0.02777777777777779,0.7916666666666665,0.7916666666666665,0.014640174352631393,1.8492851813850186,1.7543859649122817,0.781193716838897,0.802139616494436,0.020945899655538947,0.0
final_grades_submission_process_0.txt,model_eval_2,10,0.020545073375262013,0.9958909853249475,0.9999999999999999,0.008662563541481497,0.8698305004392628,0.0,0.989694160672139,1.002087809977756,0.012393649305616927,0.4109014675052426
accounts_receivable_process_109.txt,model_eval_2,10,0.0,0.9999999999999998,0.9999999999999999,1.1702778228589004e-16,1.1702778228589007e-14,0.0,0.9999999999999997,0.9999999999999999,2.220446049250313e-16,1.1102230246251569e-14
final_grades_submission_process_81.txt,model_eval_2,10,0.06800445930880716,0.7734886490321273,0.7779973649538867,0.027613501958407248,3.569994465072015,4.011430990685856,0.7537351397081462,0.7932421583561085,0.039507018647962244,0.5795284309255504
startup_due_diligence_for_a_venture_capitalist_187.txt,model_eval_2,10,0.11400848010437048,0.9447755584156481,0.9527056277056276,0.03747819189873141,3.966888385806771,3.3229288162697554,0.9179652750175967,0.9715858418136994,0.05362056679610272,0.8323735117506624
process_for_optimizing_a_process_9.txt,model_eval_2,10,0.06624293785310731,0.7856053964543153,0.7833333333333333,0.017842573945157023,2.271187803149798,0.48683736025964247,0.7728415879623549,0.7983692049462756,0.025527616983920698,0.2900506111891835
final_grades_submission_process_96.txt,model_eval_2,10,0.03575989782886324,0.9781146645430383,0.978370092384673,0.013974654723732844,1.4287337906605877,1.3451410904708339,0.9681177987778604,0.9881115303082162,0.019993731530355774,0.026107486688611153
content_promotion_process_91.txt,model_eval_2,10,0.13142857142857134,0.9743571428571428,0.9999999999999999,0.046402183520008376,4.762338313027764,0.0,0.9411630204239867,1.007551265290299,0.06638824486631223,2.5642857142857083
budget_preparation_process_2.txt,model_eval_2,10,0.20833333333333326,0.8458333333333332,0.8333333333333333,0.0557288962437191,6.588637979552998,0.0,0.8059672825432661,0.8856993841234003,0.07973210158013422,1.4999999999999947
client_onboarding_process_for_a_marketing_agency_180.txt,model_eval_2,10,0.04166666666666663,0.9916666666666666,0.9999999999999999,0.01756820922315765,1.7715841233436287,0.0,0.9790991268733432,1.0042342064599898,0.025135079586646625,0.8333333333333306
employee_onboarding_process_14.txt,model_eval_2,10,0.06439393939393945,0.8887843551797039,0.880050505050505,0.024002527607186686,2.70060194773946,0.848486870641618,0.8716139812951513,0.9059547290642564,0.03434074776910512,0.9924260118114122
accounts_receivable_process_144.txt,model_eval_2,10,0.019230769230769162,0.7717948717948717,0.7756410256410255,0.00810840425684197,1.0505905847735442,0.0,0.7659944688133379,0.7775952747764056,0.011600805963067673,0.4958677685950396
account_payable_process_45.txt,model_eval_2,10,0.0,0.9999999999999998,0.9999999999999999,1.1702778228589004e-16,1.1702778228589007e-14,0.0,0.9999999999999997,0.9999999999999999,2.220446049250313e-16,1.1102230246251569e-14
account_payable_process_13.txt,model_eval_2,10,0.0,0.9999999999999998,0.9999999999999999,1.1702778228589004e-16,1.1702778228589007e-14,0.0,0.9999999999999997,0.9999999999999999,2.220446049250313e-16,1.1102230246251569e-14
account_payable_process_32.txt,model_eval_2,10,0.03104575163398693,0.7888515406162464,0.784126984126984,0.015144143776899325,1.9197710845653928,1.2264824958323368,0.7780180727804288,0.799685008452064,0.021666935671635246,0.6025244105739498
process_for_optimizing_a_process_34.txt,model_eval_2,10,0.11458333333333326,0.9210301459293394,0.9166666666666666,0.029375530920445144,3.1894212203884593,0.0,0.9000161570188442,0.9420441348398346,0.042027977820990436,0.47601591956430284
content_promotion_process_199.txt,model_eval_2,10,0.21865228267667292,0.7834505941213259,0.7723577235772358,0.05597916005717735,7.145206153038972,1.578947368421054,0.7434055153839869,0.8234956728586649,0.08009015747467796,1.4362348178137758
loan_application_process_145.txt,model_eval_2,10,0.05813953488372092,0.9931222167243938,0.9999999999999999,0.018319206285128942,1.8446074387048774,0.0,0.9800174459964256,1.006226987452362,0.026209541455936347,0.6877783275606065
purchase_order_workflow_1.txt,model_eval_2,10,0.25,0.925290404040404,0.9545454545454546,0.08274383051390273,8.942471482746472,4.761904761904757,0.8660990334558174,0.9844817746249905,0.11838274116917313,3.0648148148148264
accounts_receivable_process_0.txt,model_eval_2,10,0.021315192743764144,0.9936054421768705,0.9999999999999999,0.010296216282250985,1.0362479758256165,0.0,0.9862399727539947,1.0009709115997463,0.014730938845751607,0.6394557823129366
employee_onboarding_process_4.txt,model_eval_2,10,0.0,1.0,1.0,0.0,0.0,0.0,1.0,1.0,0.0,0.0
startup_due_diligence_for_a_venture_capitalist_7.txt,model_eval_2,10,0.11567332593414725,0.7347543897094397,0.7379958877600387,0.028030967867306474,3.8150119631665467,0.7620764534764625,0.7147022432645203,0.7548065361543592,0.040104292889838966,0.43922982558039736
final_grades_submission_process_6.txt,model_eval_2,10,0.0,1.0,1.0,0.0,0.0,0.0,1.0,1.0,0.0,0.0
purchase_order_workflow_74.txt,model_eval_2,10,0.0,0.9999999999999998,0.9999999999999999,1.1702778228589004e-16,1.1702778228589007e-14,0.0,0.9999999999999997,0.9999999999999999,2.220446049250313e-16,1.1102230246251569e-14
content_promotion_process_48.txt,model_eval_2,10,0.12499999999999989,0.9746118012422359,0.9999999999999999,0.04496729427073081,4.613867204708141,0.0,0.9424441367428535,1.0067794657416183,0.06433532899876471,2.5388198757763996
order_fulfillment_process_90.txt,model_eval_2,10,0.04166666666666663,0.9833333333333332,0.9999999999999999,0.021516574145596743,2.1881261842979742,0.0,0.9679413034254507,0.9987253632412156,0.03078405981576493,1.6666666666666723
budget_preparation_process_10.txt,model_eval_2,10,0.03822843822843813,0.9902266714466583,0.9999999999999999,0.013848071079205167,1.3984748622226075,0.0,0.9803203581657762,1.0001329847275404,0.01981262656176419,0.9773328553341567
customer_support_process_for_the_ticket_management_54.txt,model_eval_2,10,0.09743589743589742,0.9389985834150594,0.9311451706188547,0.03769002796130771,4.013853548557254,2.6110721775048322,0.9120367616267104,0.9659604052034083,0.05392364357669788,0.8434144367612574
budget_preparation_process_54.txt,model_eval_2,10,0.16781609195402292,0.8657471264367815,0.832183908045977,0.07075747714706256,8.172995899886407,0.0,0.8151302765105688,0.9163639763629943,0.10123369985242547,4.033149171270714
account_payable_process_171.txt,model_eval_2,10,0.061111111111111116,0.9824228774228775,0.9856674856674856,0.020901225359587314,2.1275181838615222,1.4540922309929352,0.9674710415186475,0.9973747133271075,0.029903671808459986,0.32917878410191526
order_fulfillment_process_2.txt,model_eval_2,10,0.05793650793650784,0.9560317460317458,0.967063492063492,0.022162144792316048,2.3181390036790823,0.5334427574887138,0.9401779027034407,0.9718855893600509,0.03170768665661017,1.1407468198604986
client_onboarding_process_for_a_marketing_agency_40.txt,model_eval_2,10,0.08172043010752683,0.9771975806451613,0.9999999999999999,0.0370104505572016,3.7874071006977643,0.0,0.9507218992459813,1.0036732620443414,0.0529513627983601,2.2802419354838626
client_onboarding_process_for_a_marketing_agency_102.txt,model_eval_2,10,0.044642857142857095,0.9642857142857142,0.9553571428571428,0.018823081310526048,1.952023247017516,0.0,0.9508204930785821,0.9777509354928463,0.026930442414264233,0.9345794392523332
loan_application_process_79.txt,model_eval_2,10,0.023772609819121437,0.9520166784120272,0.9555555555555555,0.00799191031213651,0.8394716703353446,0.0,0.9462996101783422,0.9577337466457122,0.011434136467370015,0.37034760804365896
budget_preparation_process_83.txt,model_eval_2,10,0.0,1.0,1.0,0.0,0.0,0.0,1.0,1.0,0.0,0.0
final_grades_submission_process_63.txt,model_eval_2,10,0.05431278558013053,0.9616117231519636,0.9588037521374708,0.018757741752981713,1.9506565177364654,1.3680106787609756,0.9481932430485539,0.9750302032553734,0.02683696020681947,0.2928619134241995
account_payable_process_36.txt,model_eval_2,10,0.13383838383838376,0.947512164837746,0.9641296687808314,0.052477774069783295,5.538480245134341,3.72048826840144,0.9099718267469583,0.9850525029285337,0.07508067618157543,1.7235756227789005
customer_support_process_for_the_ticket_management_1.txt,model_eval_2,10,0.0,1.0,1.0,0.0,0.0,0.0,1.0,1.0,0.0,0.0
churn_rate_prevention_process_29.txt,model_eval_2,10,0.0,1.0,1.0,0.0,0.0,0.0,1.0,1.0,0.0,0.0
budget_preparation_process_73.txt,model_eval_2,10,0.0,0.9999999999999998,0.9999999999999999,1.1702778228589004e-16,1.1702778228589007e-14,0.0,0.9999999999999997,0.9999999999999999,2.220446049250313e-16,1.1102230246251569e-14
project_management_process_45.txt,model_eval_2,10,0.07746913580246906,0.9863007054673721,0.9999999999999999,0.026203793103705075,2.656775257124859,0.0,0.9675556411080103,1.005045769826734,0.037490128718723814,1.369929453262775
content_promotion_process_129.txt,model_eval_2,10,0.03809523809523807,0.9733333333333333,0.9619047619047618,0.018401748249129435,1.8905905735406954,0.0,0.960169515641385,0.9864971510252816,0.026327635383896597,1.188118811881191
process_for_optimizing_a_process_27.txt,model_eval_2,10,0.020915032679738488,0.997908496732026,0.9999999999999999,0.006613914060482861,0.6627776075804807,0.0,0.993177187633363,1.002639805830689,0.009462618197325856,0.2091503267973916
process_for_optimizing_a_process_137.txt,model_eval_2,10,0.05027964751406366,0.8391598990541718,0.8438202639306421,0.01446343120362583,1.7235608159932039,0.33913125679443956,0.8288133836586264,0.8495064144497171,0.02069303079109064,0.5522935482447039
process_for_optimizing_a_process_0.txt,model_eval_2,10,0.08333333333333326,0.9833333333333332,0.9999999999999999,0.0351364184463153,3.573195096235455,0.0,0.9581982537466864,1.00846841291998,0.05027015917329347,1.6666666666666723
purchase_order_workflow_190.txt,model_eval_2,10,0.09692513368983957,0.8089349376114081,0.8039215686274509,0.02937671776221522,3.631530348900205,1.8292682926829273,0.7879200996854564,0.8299497755373598,0.042029675851903425,0.6236141906873606
startup_due_diligence_for_a_venture_capitalist_92.txt,model_eval_2,10,0.24852941176470578,0.8605313771512456,0.8026348039215685,0.10014415866268436,11.637479041636757,5.707608401086736,0.7888925616592724,0.9321701926432189,0.14327763098394652,7.213314566824419
order_fulfillment_process_1.txt,model_eval_2,10,0.0,1.0,1.0,0.0,0.0,0.0,1.0,1.0,0.0,0.0
loan_application_process_6.txt,model_eval_2,10,0.11309523809523803,0.956573039363737,0.9553571428571428,0.03816898868622631,3.990180270145848,2.9037165833514433,0.9292685897131289,0.9838774890143452,0.054608899301216374,0.12727141003603476
content_promotion_process_153.txt,model_eval_2,10,0.04554865424430632,0.9590062111801242,0.9544513457556936,0.014403749176750351,1.5019453480937865,0.0,0.9487023897346666,0.9693100326255818,0.020607642890915212,0.47722342733188505
loan_application_process_13.txt,model_eval_2,10,0.042857142857142816,0.9792353067353066,0.9864864864864864,0.013813866041704675,1.4106789192231046,0.6849315068493137,0.9693534622642195,0.9891171512063937,0.019763688942174173,0.7350510980648054
order_fulfillment_process_64.txt,model_eval_2,10,0.09244324970131412,0.968277841828435,0.9743220057311738,0.026070535551982157,2.6924643346946984,0.9205946755791207,0.9496281041789708,0.9869275794778992,0.03729947529892841,0.6203456215897494
accounts_receivable_process_41.txt,model_eval_2,10,0.0,0.9999999999999998,0.9999999999999999,1.1702778228589004e-16,1.1702778228589007e-14,0.0,0.9999999999999997,0.9999999999999999,2.220446049250313e-16,1.1102230246251569e-14
project_management_process_23.txt,model_eval_2,10,0.04166666666666663,0.7943253968253967,0.8055555555555555,0.0157957223035067,1.988570725125488,0.0,0.7830258177907884,0.805624975860005,0.02259915806921664,1.3940886699507424
final_grades_submission_process_43.txt,model_eval_2,10,0.0,0.9999999999999998,0.9999999999999999,1.1702778228589004e-16,1.1702778228589007e-14,0.0,0.9999999999999997,0.9999999999999999,2.220446049250313e-16,1.1102230246251569e-14
project_management_process_6.txt,model_eval_2,10,0.09897828863346114,0.7777526911147602,0.755952380952381,0.037401569379441064,4.808928314453409,2.3534558180227556,0.7509972201650361,0.8045081620644843,0.05351094189944816,2.8838205569131476
accounts_receivable_process_26.txt,model_eval_2,10,0.05555555555555547,0.9874466674466673,0.9999999999999999,0.021136182971388494,2.1404885618827687,0.0,0.972326752992225,1.0025665819011096,0.030239828908884547,1.2553332553332577
accounts_receivable_process_43.txt,model_eval_2,10,0.0,1.0,1.0,0.0,0.0,0.0,1.0,1.0,0.0,0.0
final_grades_submission_process_68.txt,model_eval_2,10,0.03809523809523807,0.9733333333333333,0.9619047619047618,0.018401748249129435,1.8905905735406954,0.0,0.960169515641385,0.9864971510252816,0.026327635383896597,1.188118811881191
employee_onboarding_process_93.txt,model_eval_2,10,0.016464237516869096,0.9921807367421402,0.9938271604938271,0.0052064490491301255,0.5247480480447222,0.0,0.9884562674592606,0.9959052060250199,0.007448938565759233,0.16566499861694145
process_for_optimizing_a_process_99.txt,model_eval_2,10,0.055952380952380865,0.9710047931036019,0.9701426024955436,0.019106526790748122,1.9677067432054933,1.6340293584815333,0.9573368072147267,0.9846727789924771,0.02733597177775038,0.08887256428492075
purchase_order_workflow_169.txt,model_eval_2,10,0.053613053613053574,0.9865427255671158,0.9999999999999999,0.022817087273068436,2.3128331578292256,0.0,0.9702203646121909,1.0028650865220405,0.03264472190984968,1.3457274432884139
customer_support_process_for_the_ticket_management_46.txt,text_eval_1,10,0.10388338565826416,0.8298852384090424,0.8290902376174927,0.025668425685072147,3.0930090688539793,0.5158403850630483,0.8115231528298312,0.8482473239882535,0.0367241711584223,0.09588833102585448
account_payable_process_122.txt,text_eval_1,10,0.03200274705886841,0.86805180311203,0.8669416308403015,0.009851533929087254,1.1349016146005082,0.6700026889211156,0.8610044402814532,0.8750991659426068,0.014094725661153662,0.1280561726690222
process_for_optimizing_a_process_185.txt,text_eval_1,10,0.035777747631073,0.8725001692771912,0.8720831573009491,0.010524247733856469,1.2062172712900576,0.7053386692173929,0.8649715759806309,0.8800287625737515,0.015057186593120608,0.04781791423798846
customer_support_process_for_the_ticket_management_131.txt,text_eval_1,10,0.06376862525939941,0.8640456974506379,0.869970828294754,0.02074010399442919,2.4003480435841245,1.150521265235278,0.8492091208276732,0.8788822740736025,0.02967315324592934,0.681072359142217
order_fulfillment_process_40.txt,text_eval_1,10,0.031385838985443115,0.8371122598648071,0.8407528400421143,0.010450874242587883,1.2484435772420404,0.9303645700554083,0.8296361548019409,0.8445883649276733,0.014952210125732446,0.4330143181109935
project_management_process_44.txt,text_eval_1,10,0.050975680351257324,0.7913634419441223,0.7943461239337921,0.015905390094282972,2.0098717291272146,1.1834883185469047,0.7799854112980196,0.8027414725902251,0.02275606129220553,0.37548895875501004
customer_support_process_for_the_ticket_management_35.txt,text_eval_1,10,0.022198081016540527,0.8298281669616699,0.8308925926685333,0.007902685646923905,0.9523279591555408,0.8047882418334578,0.8241749262084277,0.8354814077149122,0.0113064815064845,0.1281062939127694
process_for_optimizing_a_process_92.txt,text_eval_1,10,0.028888165950775146,0.8789811909198761,0.8770660758018494,0.008554346134055932,0.973211511511821,0.5477539610486827,0.8728617803368158,0.8851006015029365,0.012238821166120628,0.21835471361446762
startup_due_diligence_for_a_venture_capitalist_68.txt,text_eval_1,10,0.08467996120452881,0.7360626339912415,0.7330626547336578,0.03219942707409255,4.374549880285826,3.9603982534648545,0.7130285514654906,0.7590967165169924,0.0460681650515018,0.4092391336827326
churn_rate_prevention_process_14.txt,text_eval_1,10,0.022605061531066895,0.7430105388164521,0.7432773113250732,0.00682640996394698,0.9187500859437104,0.6242600314158865,0.7381272193057556,0.7478938583271485,0.009766639021392853,0.035891383277337534
content_promotion_process_109.txt,text_eval_1,10,0.020195841789245605,0.8806202411651611,0.8809374570846558,0.0063913809325231346,0.7257817426574942,0.5450727681617963,0.8760481226763914,0.8851923596539308,0.00914423697753941,0.036008903576925023
accounts_receivable_process_101.txt,text_eval_1,10,0.04480844736099243,0.8548537909984588,0.859515905380249,0.01551090882471012,1.8144516627332925,1.12443693896736,0.8437579552528212,0.8659496267440965,0.022191671491275322,0.5424116473711665
customer_support_process_for_the_ticket_management_152.txt,text_eval_1,10,0.042473435401916504,0.8633546233177185,0.8632108867168427,0.011976720344827038,1.3872306954009963,0.6952843840044336,0.8547869937081671,0.8719222529272699,0.01713525921910275,0.01665138879591125
loan_application_process_4.txt,text_eval_1,10,0.05452388525009155,0.8303381502628326,0.8208392262458801,0.02231414074403731,2.6873558365316663,1.7661969951196672,0.8143755755807842,0.8463007249448811,0.03192514936409685,1.1572210139610382
budget_preparation_process_33.txt,text_eval_1,10,0.02391129732131958,0.8331583321094513,0.8342388570308685,0.009109622000063376,1.0933842523063972,0.9960413913613942,0.8266417011009237,0.839674963117979,0.013033262017055236,0.12952224801214338
account_payable_process_2.txt,text_eval_1,10,0.02887815237045288,0.8789215564727784,0.8795346915721893,0.009472599221494302,1.0777525197480673,0.8193976969660128,0.8721452672021901,0.8856978457433666,0.01355257854117653,0.06971130363430834
project_management_process_3.txt,text_eval_1,10,0.044870853424072266,0.8329760313034058,0.8384557664394379,0.01637970878648493,1.9664081763378773,1.0875346961230803,0.8212586935052054,0.8446933691016062,0.023434675596400778,0.653550891456343
churn_rate_prevention_process_3.txt,text_eval_1,10,0.09741383790969849,0.7574664413928985,0.7479590177536011,0.02914169048806794,3.847258293645265,0.38402077670382595,0.7366197318505995,0.7783131509351976,0.041693419084598116,1.27111558436073
order_fulfillment_process_143.txt,text_eval_1,10,0.041863083839416504,0.8414818823337555,0.8435843586921692,0.012288502776885292,1.460340743499374,0.8194730769744387,0.832691217008271,0.8502725476592401,0.017581330650969118,0.24923131121980213
project_management_process_81.txt,text_eval_1,10,0.04363292455673218,0.7951825797557831,0.7941877245903015,0.016365152059657512,2.058037044106724,1.7212664509148312,0.7834756552126471,0.8068895042989191,0.023413849086272087,0.12526700359097173
project_management_process_2.txt,text_eval_1,10,0.04226040840148926,0.7757525742053986,0.7776812016963959,0.014360105534902832,1.8511192888546781,1.4315232650553555,0.7654799735405382,0.7860251748702589,0.020545201329720708,0.24799718532353623
final_grades_submission_process_1.txt,text_eval_1,10,0.04593938589096069,0.923621654510498,0.9213572144508362,0.012070270074067128,1.3068413906410783,0.4864531577534695,0.914987103456083,0.9322562055649131,0.017269102108830037,0.2457722177832576
customer_support_process_for_the_ticket_management_25.txt,text_eval_1,10,0.04975205659866333,0.8091304004192352,0.8109394609928131,0.01580559591394893,1.953405273829727,1.4952364358715478,0.7978237582292101,0.8204370426092603,0.02261328438005017,0.22308207463021873
client_onboarding_process_for_a_marketing_agency_172.txt,text_eval_1,10,0.06806337833404541,0.8513009727001191,0.8475337326526642,0.022722146234071382,2.669108454322832,1.3376683935619278,0.8350465284731008,0.8675554169271373,0.032508888454036544,0.44449440798821477
content_promotion_process_2.txt,text_eval_1,10,0.018349945545196533,0.8834860920906067,0.8811390101909637,0.006754363890262667,0.7645127581216035,0.3468395699821136,0.8786543112362684,0.888317872944945,0.00966356170867666,0.26636908280048527
client_onboarding_process_for_a_marketing_agency_6.txt,text_eval_1,10,0.18112993240356445,0.7701936483383178,0.7066967189311981,0.08537606905018102,11.085013390382887,0.6052805136060021,0.7091192877386425,0.8312680089379931,0.12214872119935061,8.985032434160994
churn_rate_prevention_process_23.txt,text_eval_1,10,0.04917019605636597,0.8340696215629577,0.8317891359329224,0.016701545186956223,2.0024161958637583,1.5751474764863844,0.8221220558730875,0.8460171872528279,0.02389513137974042,0.2741663158989925
final_grades_submission_process_126.txt,text_eval_1,10,0.02744215726852417,0.9059471011161804,0.9056607782840729,0.008461956176910325,0.9340452843752902,0.5646628001055516,0.8998937823270065,0.9120004199053543,0.012106637578347845,0.03161479871635674
customer_support_process_for_the_ticket_management_10.txt,text_eval_1,10,0.022250235080718994,0.8157501339912414,0.8141124546527863,0.006952516520108012,0.8522850601435097,0.4998191424625493,0.810776603284707,0.8207236646977758,0.00994706141306878,0.20116131734572415
budget_preparation_process_16.txt,text_eval_1,10,0.07065021991729736,0.8335697829723359,0.8268576562404633,0.02140209782444823,2.567523231004466,1.3534277615658954,0.8182596444913571,0.8488799214533146,0.03062027696195746,0.8117632679838923
order_fulfillment_process_7.txt,text_eval_1,10,0.048956215381622314,0.8622857689857483,0.8651349246501923,0.014542150748394853,1.6864653542293593,0.6893011639247237,0.8518829410202176,0.872688596951279,0.02080565593106143,0.32933078798038545
order_fulfillment_process_22.txt,text_eval_1,10,0.019181013107299805,0.8232689321041107,0.8229862749576569,0.0053357674891816404,0.6481196218038359,0.283188345453569,0.8194519539820708,0.8270859102261505,0.007633956244079698,0.034345305025695105
budget_preparation_process_162.txt,text_eval_1,10,0.05110728740692139,0.8188275098800659,0.826246440410614,0.015727150712427283,1.9206915403624931,1.0066537465603191,0.8075769840066896,0.8300780357534422,0.022501051746752543,0.8979077146597039
purchase_order_workflow_81.txt,text_eval_1,10,0.0444866418838501,0.7940038502216339,0.7940153479576111,0.01507098337343618,1.898099533047522,1.71143471987522,0.7832227181856772,0.8047849822575905,0.021562264071913306,0.0014480495883070598
employee_onboarding_process_195.txt,text_eval_1,10,0.059281229972839355,0.7582532644271851,0.7506699860095978,0.0180622596454812,2.3820879504061425,0.9506594429438582,0.7453323022523549,0.7711742266020153,0.025841924349660372,1.010201361306374
churn_rate_prevention_process_102.txt,text_eval_1,10,0.05164057016372681,0.7846769213676452,0.7830025553703308,0.01613868182110309,2.0567295126985927,1.2509817035652215,0.7731320038736559,0.7962218388616346,0.023089834987978675,0.2138391485226375
churn_rate_prevention_process_34.txt,text_eval_1,10,0.024440109729766846,0.7776138484477997,0.7799166738986969,0.00825011501767388,1.0609526867534562,0.5537595615013889,0.7717120716948543,0.783515625200745,0.011803553505890685,0.29526557489606
process_for_optimizing_a_process_37.txt,text_eval_1,10,0.0405426025390625,0.8603898644447326,0.8597593903541565,0.0122996721960382,1.429546384065787,0.8871826559622816,0.8515912089981214,0.8691885198913439,0.017597310893222584,0.07333145734138961
account_payable_process_3.txt,text_eval_1,10,0.027259469032287598,0.8249902307987214,0.823252409696579,0.009440734888202885,1.1443450523120446,0.8870296364721003,0.8182367358990073,0.8317437256984355,0.013506989799428215,0.21109213670967283
client_onboarding_process_for_a_marketing_agency_14.txt,text_eval_1,10,0.14238882064819336,0.8071970582008362,0.8133482336997986,0.05603239008473673,6.941599887594671,6.692538517025009,0.7671139009956776,0.8472802154059949,0.0801663144103173,0.7562782144348688
startup_due_diligence_for_a_venture_capitalist_45.txt,text_eval_1,10,0.07836860418319702,0.7760973274707794,0.7539210617542267,0.035518515643019326,4.576554303926091,1.3978594553201589,0.7506889120157184,0.8015057429258404,0.05081683091012201,2.941457248183637
customer_support_process_for_the_ticket_management_48.txt,text_eval_1,10,0.0377766489982605,0.8063003838062286,0.8072218596935272,0.010913884139984642,1.3535754613515705,0.8337778762957262,0.7984930614157268,0.8141077061967303,0.015614644781003495,0.11415398087069636
loan_application_process_72.txt,text_eval_1,10,0.049882352352142334,0.8660628020763397,0.8653900027275085,0.014650538686661415,1.6916254400417066,1.0649063785076418,0.855582438050646,0.8765431661020333,0.020960728051387267,0.07774521853853464
purchase_order_workflow_16.txt,text_eval_1,10,0.029915928840637207,0.8142463326454162,0.8139157295227051,0.008405798630780295,1.032340987458989,0.5370319379227315,0.8082331865446888,0.8202594787461437,0.012026292201454902,0.0406188393612974
startup_due_diligence_for_a_venture_capitalist_186.txt,text_eval_1,10,0.11597734689712524,0.7725214719772339,0.7574657499790192,0.037848462156334285,4.899341122449691,1.506830273273489,0.7454463131933308,0.799596630761137,0.054150317567806194,1.987643929594404
customer_support_process_for_the_ticket_management_22.txt,text_eval_1,10,0.04636162519454956,0.8472486555576324,0.8503215610980988,0.01710434826265903,2.018810906392231,1.7442520880986603,0.8350129419058119,0.8594843692094529,0.024471427303641047,0.3613815856319139
accounts_receivable_process_2.txt,text_eval_1,10,0.03408581018447876,0.8336137950420379,0.830725908279419,0.011182428183242827,1.3414399149523326,0.748729951953281,0.8256143678156341,0.8416132222684417,0.015998854452807576,0.3476341274344387
account_payable_process_170.txt,text_eval_1,10,0.029006779193878174,0.8935000896453857,0.8947100043296814,0.009202552873706804,1.0299442585796643,0.7461789199908359,0.8869169798946194,0.9000831993961521,0.013166219501532739,0.1352298150731113
accounts_receivable_process_60.txt,text_eval_1,10,0.04938429594039917,0.8273315191268921,0.8245146572589874,0.01531090493071629,1.8506372085127798,1.3152910015827661,0.8163787575480439,0.8382842807057402,0.02190552315769634,0.3416387862975054
churn_rate_prevention_process_55.txt,text_eval_1,10,0.009054780006408691,0.7090808153152466,0.7084962427616119,0.00266294455576951,0.3755488088597637,0.19816020475839402,0.7071758595370599,0.7109857710934333,0.0038099115563734465,0.08250891371788614
purchase_order_workflow_4.txt,text_eval_1,10,0.08428817987442017,0.8280306279659271,0.8200923502445221,0.02875985749825846,3.4732842635190435,1.3002124848002559,0.8074570652898156,0.8486041906420385,0.04114712535222287,0.9679736335838367
churn_rate_prevention_process_27.txt,text_eval_1,10,0.03060746192932129,0.7697698056697846,0.7724727690219879,0.009558981841075603,1.241797453039644,0.7028850629545618,0.762931721995723,0.7766078893438462,0.013676167348123158,0.34991050307514293
startup_due_diligence_for_a_venture_capitalist_0.txt,text_eval_1,10,0.10206902027130127,0.8056973338127136,0.7886424660682678,0.036522597795113895,4.533041908216575,1.1657083905685226,0.7795706412559898,0.8318240263694373,0.05225338511344746,2.162560155994621
client_onboarding_process_for_a_marketing_agency_173.txt,text_eval_1,10,0.055272459983825684,0.8285335898399353,0.8277833163738251,0.019896060044642956,2.4013582899501613,2.049795219212236,0.814300805885393,0.8427663737944776,0.02846556790908461,0.09063645657862084
client_onboarding_process_for_a_marketing_agency_64.txt,text_eval_1,10,0.07093685865402222,0.8411632597446441,0.8353582322597504,0.019007481663043824,2.259666175721229,0.7406429353779924,0.827566126471875,0.8547603930174132,0.027194266545538248,0.6949147396549161
loan_application_process_48.txt,text_eval_1,10,0.0433424711227417,0.8831922948360443,0.8861704170703888,0.01628454126392341,1.8438273702270545,1.119534608185756,0.8715430357823325,0.8948415538897562,0.02329851810742367,0.3360665372005876
purchase_order_workflow_159.txt,text_eval_1,10,0.02907496690750122,0.8083023190498352,0.8098837733268738,0.008854114132343835,1.0953963540215876,0.6423616541411487,0.8019684673590106,0.8146361707406597,0.012667703381649131,0.19526928790562548
process_for_optimizing_a_process_6.txt,text_eval_1,10,0.012960374355316162,0.8563080489635467,0.8564676642417908,0.004708418470448695,0.54985101169464,0.478114804759059,0.8529398492945114,0.8596762486325821,0.006736399338070687,0.018636462870474407
content_promotion_process_96.txt,text_eval_1,10,0.02901327610015869,0.884821766614914,0.8817461133003235,0.011453505846759818,1.2944421440464557,0.8480357081897852,0.8766284221098589,0.893015111119969,0.01638668901011009,0.3488139350088528
loan_application_process_60.txt,text_eval_1,10,0.031118571758270264,0.8410055577754975,0.83788201212883,0.009942518854774252,1.1822179726222881,0.6994537190657328,0.8338931082499912,0.8481180073010037,0.01422489905101254,0.37279063178972227
churn_rate_prevention_process_48.txt,text_eval_1,10,0.014483809471130371,0.7427449584007263,0.7434559762477875,0.004730765776742927,0.6369300421680656,0.45902302803672684,0.7393607724318035,0.7461291443696491,0.006768371937845519,0.09563684599721387
content_promotion_process_0.txt,text_eval_1,10,0.016617536544799805,0.9016825497150421,0.9011035263538361,0.005221458864427755,0.5790795070923672,0.3603318519102566,0.897947343057132,0.9054177563729523,0.007470413315820323,0.06425714074707904
account_payable_process_179.txt,text_eval_1,10,0.028378009796142578,0.8787110209465027,0.8779988586902618,0.007435078694442051,0.8461346810505874,0.39821792742364737,0.8733922860559982,0.8840297558370072,0.01063746978100899,0.08111197972434464
client_onboarding_process_for_a_marketing_agency_5.txt,text_eval_1,10,0.08122432231903076,0.8875955700874328,0.8914203941822052,0.023880424965954508,2.690462387458982,1.39828668984312,0.870512543170523,0.9046785970043427,0.034166053833819765,0.4290707414520485
startup_due_diligence_for_a_venture_capitalist_128.txt,text_eval_1,10,0.09577560424804688,0.7382798075675965,0.7233974635601044,0.036931970066141497,5.002435348708901,2.3137872560719357,0.7118602677296803,0.7646993474055127,0.05283907967583246,2.057284516073727
order_fulfillment_process_175.txt,text_eval_1,10,0.06356388330459595,0.8046239495277405,0.8031744658946991,0.018627613442710803,2.3150707176493994,0.897879162657245,0.7912985576097453,0.8179493414457357,0.0266507838359904,0.18046933693624942
content_promotion_process_13.txt,text_eval_1,10,0.01736515760421753,0.8941076517105102,0.8950300812721252,0.004895397930701885,0.5475177313756949,0.22163525274483484,0.8906056949933081,0.8976096084277123,0.0070039134344042075,0.10306129156061057
loan_application_process_14.txt,text_eval_1,10,0.05970245599746704,0.8445438742637634,0.8506936728954315,0.02055683817720565,2.4340758134236906,1.4309390064503749,0.8298383981087779,0.859249350418749,0.02941095230997104,0.72291576011569
project_management_process_65.txt,text_eval_1,10,0.07369393110275269,0.8040208339691162,0.8141041696071625,0.026850449835092386,3.339521651764034,1.118362935809143,0.7848131792511639,0.8232284886870684,0.03841530943590454,1.238580517639643
startup_due_diligence_for_a_venture_capitalist_178.txt,text_eval_1,10,0.10889816284179688,0.7379631459712982,0.7231416404247284,0.03525543164064378,4.777397331169025,1.6406365040241535,0.7127429294741869,0.7631833624684095,0.05044043299422252,2.049599237275919
employee_onboarding_process_3.txt,text_eval_1,10,0.07996267080307007,0.8065034091472626,0.8062748610973358,0.024906467060566134,3.088203568401577,1.8896436934963081,0.7886863959321557,0.8243204223623695,0.03563402643021374,0.0283461708846692
project_management_process_53.txt,text_eval_1,10,0.05518662929534912,0.824961930513382,0.8214598000049591,0.016147157003475025,1.9573214722073888,1.5492923153009999,0.8134109502391536,0.8365129107876104,0.023101960548456812,0.4263301148031479
employee_onboarding_process_19.txt,text_eval_1,10,0.059714674949645996,0.7728957533836365,0.7740967273712158,0.017734854402065972,2.2945985049633277,1.5289221962444834,0.7602090028107343,0.7855825039565386,0.025373501145804278,0.15514520926315997
employee_onboarding_process_51.txt,text_eval_1,10,0.029147803783416748,0.7717912435531616,0.7706645131111145,0.009092081646914284,1.1780493394893012,0.7128678718336717,0.7652871601573924,0.7782953269489309,0.013008166791538489,0.14620245552745326
employee_onboarding_process_151.txt,text_eval_1,10,0.05096173286437988,0.8208738744258881,0.8206934630870819,0.01625592301293143,1.9803192085143015,1.4132702842333347,0.8092450876356602,0.832502661216116,0.02325757358045588,0.02198279222641423
loan_application_process_63.txt,text_eval_1,10,0.035673439502716064,0.8440192699432373,0.8421258628368378,0.010979252187415453,1.3008295637792533,0.916518016474116,0.8361651860685761,0.8518733538178984,0.015708167749322266,0.224836593905484
employee_onboarding_process_43.txt,text_eval_1,10,0.05083674192428589,0.7976785361766815,0.7911338210105896,0.01833184058504365,2.2981489100746275,1.8756390311385736,0.7845647274150173,0.8107923449383457,0.026227617523328473,0.8272576639097186
budget_preparation_process_49.txt,text_eval_1,10,0.0677596926689148,0.791787999868393,0.7842103242874146,0.02450073251746739,3.09435512050445,1.7463695381559712,0.7742612316606826,0.8093147680761034,0.03505353641542075,0.9662810277158765
budget_preparation_process_19.txt,text_eval_1,10,0.05263388156890869,0.8183168590068817,0.8125443160533905,0.016929616760242662,2.068833920981248,0.4169896909394474,0.8062061407420054,0.830427577271758,0.024221436529752616,0.7104280762837636
accounts_receivable_process_49.txt,text_eval_1,10,0.026117324829101562,0.8194702446460724,0.8205347955226898,0.008223031426014635,1.0034569869667624,0.5740617324661086,0.8135878423274591,0.8253526469646858,0.011764804637226733,0.12973866342124546
purchase_order_workflow_20.txt,text_eval_1,10,0.026586294174194336,0.7971991539001465,0.798956960439682,0.007895586953439617,0.9904158722211315,0.5484855259033621,0.7915509912463116,0.8028473165539814,0.011296325307669886,0.22001266983995538
startup_due_diligence_for_a_venture_capitalist_5.txt,text_eval_1,10,0.07204020023345947,0.8132052302360535,0.8091474771499634,0.02995472970673659,3.683538741879644,3.74719286772199,0.7917769074738549,0.8346335529982521,0.042856645524397274,0.5014849827354882
final_grades_submission_process_42.txt,text_eval_1,10,0.025367140769958496,0.909078860282898,0.9093575179576874,0.00961395611407671,1.0575491889762925,0.877380851916275,0.9022014503829943,0.9159562701828017,0.013754819799807416,0.03064335745694825
order_fulfillment_process_17.txt,text_eval_1,10,0.025231480598449707,0.8329349517822265,0.8349509239196777,0.007989447684669129,0.959192271566243,0.6085420832098338,0.8272196452061071,0.838650258358346,0.011430613152238811,0.24144797971924042
project_management_process_8.txt,text_eval_1,10,0.05475229024887085,0.8178712904453278,0.8163045644760132,0.016465994301042727,2.013274520502738,1.5911788247633243,0.8060922277084033,0.8296503531822523,0.023558125473849056,0.1919290957683549
client_onboarding_process_for_a_marketing_agency_66.txt,text_eval_1,10,0.08726876974105835,0.8321601033210755,0.8309962749481201,0.027319518705026406,3.282964251229623,1.431572269987442,0.81261689694764,0.8517033096945109,0.03908641274687086,0.1400521768918911
employee_onboarding_process_11.txt,text_eval_1,10,0.024867892265319824,0.8246634066104889,0.8235900104045868,0.007081242216722076,0.8586827255773628,0.37812064695272446,0.8195977910879058,0.829729022133072,0.010131231045166222,0.1303313775472791
churn_rate_prevention_process_76.txt,text_eval_1,10,0.07564866542816162,0.7659976184368134,0.7590328752994537,0.02285179774803449,2.9832726888457706,1.0551017932957258,0.7496504271039119,0.7823448097697148,0.032694382665802824,0.9175812226330629
purchase_order_workflow_35.txt,text_eval_1,10,0.014143824577331543,0.7949571013450623,0.7958973944187164,0.0049907901442510245,0.627806221971807,0.556847301634078,0.7913869051491219,0.7985272975410026,0.00714039239188069,0.11814249930305624
final_grades_submission_process_0.txt,text_eval_1,10,0.024039089679718018,0.9048788905143738,0.9052499830722809,0.00900347338657929,0.9949920902079296,0.7928290327069671,0.8984381936495611,0.9113195873791864,0.012881393729625268,0.04099337916005201
accounts_receivable_process_109.txt,text_eval_1,10,0.036892473697662354,0.8284201800823212,0.8296125829219818,0.010647284074753335,1.2852516549868813,0.7673335002803265,0.820803571889615,0.8360367882750275,0.015233216385412529,0.14373008127008313
final_grades_submission_process_81.txt,text_eval_1,10,0.05644196271896362,0.9104205369949341,0.9151621758937836,0.01568033844906702,1.7223181828502923,0.7780349369167331,0.8992034985974366,0.9216375753924315,0.022434076794994873,0.5181200691799369
startup_due_diligence_for_a_venture_capitalist_187.txt,text_eval_1,10,0.10926014184951782,0.8069211661815643,0.7946643233299255,0.03552998227107332,4.403154082474367,2.357076878592556,0.7815045479949367,0.8323377843681918,0.0508332363732551,1.5423924909927036
process_for_optimizing_a_process_9.txt,text_eval_1,10,0.032306015491485596,0.8631402432918549,0.8633003532886505,0.01004882962301463,1.1642174839039228,0.8449246645030735,0.8559517436241088,0.870328742959601,0.014376999335492302,0.018546267957112256
final_grades_submission_process_96.txt,text_eval_1,10,0.023589015007019043,0.9164850115776062,0.9189687073230743,0.008557366814431594,0.9337159589441875,0.6401815208088425,0.9103634401299784,0.922606583025234,0.012243142895255632,0.2702698933789665
content_promotion_process_91.txt,text_eval_1,10,0.04218876361846924,0.8936017572879791,0.89179927110672,0.011710972774454594,1.3105360054345243,0.7736880367338151,0.8852242320381386,0.9019792825378196,0.016755050499680957,0.2021179249252168
budget_preparation_process_2.txt,text_eval_1,10,0.027932465076446533,0.8081268489360809,0.8079690635204315,0.008549311115497608,1.05791697513243,0.65244502930053,0.8020110401883179,0.8142426576838439,0.012231617495525926,0.019528645683768765
client_onboarding_process_for_a_marketing_agency_180.txt,text_eval_1,10,0.14016908407211304,0.821219390630722,0.8090983331203461,0.04701731358062837,5.7253048475289425,3.6287008263890517,0.7875852306606312,0.8548535506008128,0.06726831994018156,1.4980944854539773
employee_onboarding_process_14.txt,text_eval_1,10,0.07267647981643677,0.7951383411884307,0.8014173209667206,0.026329086195440037,3.311258535978535,2.1567393498139515,0.7763036475506259,0.8139730348262356,0.037669387275609756,0.7834844111823955
accounts_receivable_process_144.txt,text_eval_1,10,0.040883779525756836,0.8157834529876709,0.8101561069488525,0.012501456603567145,1.5324479257065886,0.47418865752355555,0.8068404496716165,0.8247264563037252,0.01788600663210871,0.6946002122987867
account_payable_process_45.txt,text_eval_1,10,0.07805991172790527,0.8711313664913177,0.8606419265270233,0.025813111264880697,2.963170912884121,1.1072481250747315,0.8526657790833961,0.8895969538992393,0.03693117481584318,1.2187925827205273
account_payable_process_13.txt,text_eval_1,10,0.029780328273773193,0.9044823408126831,0.9059406816959381,0.009503495448197924,1.0507110000244972,0.5920161719436844,0.897683949712954,0.9112807319124122,0.013596782199458257,0.16097531689657488
account_payable_process_32.txt,text_eval_1,10,0.06757611036300659,0.8756986081600189,0.871146023273468,0.021063307771043403,2.405314748107313,1.1395647263965658,0.8606308254834174,0.8907663908366203,0.030135565353202942,0.5225972184828218
process_for_optimizing_a_process_34.txt,text_eval_1,10,0.03835475444793701,0.8721100568771363,0.8688144087791443,0.011517488425723815,1.3206462114387025,0.8179860893243938,0.8638709419923576,0.880349171761915,0.016478229769557373,0.3793270535905388
content_promotion_process_199.txt,text_eval_1,10,0.05646878480911255,0.877927029132843,0.8829313516616821,0.01533686293075241,1.7469405112063956,0.30714643022777766,0.8669556983194038,0.8888983599462823,0.021942661626878524,0.5667850076249896
loan_application_process_145.txt,text_eval_1,10,0.036288321018218994,0.868338119983673,0.8693057596683502,0.01058786144053499,1.2193247304096322,0.5026764488579184,0.8607640201827258,0.8759122197846203,0.015148199601894508,0.11131177654296616
purchase_order_workflow_1.txt,text_eval_1,10,0.09005558490753174,0.8406279981136322,0.8340400159358978,0.02464167266559533,2.9313409404506157,0.8954775144583461,0.82300040739763,0.8582555888296344,0.035255181432004346,0.7898880211810736
accounts_receivable_process_0.txt,text_eval_1,10,0.05730390548706055,0.8417183518409729,0.8418703377246857,0.015097633343381262,1.7936680732171657,0.6709458112101674,0.8309181555649721,0.8525185481169737,0.021600392552001635,0.01805336010810898
employee_onboarding_process_4.txt,text_eval_1,10,0.042357802391052246,0.7276967763900757,0.726467490196228,0.014731400535820527,2.024387219206793,1.694570655874065,0.7171585672821565,0.7382349854979948,0.021076418215838277,0.1692142057885633
startup_due_diligence_for_a_venture_capitalist_7.txt,text_eval_1,10,0.1046062707901001,0.7749017775058746,0.7741686105728149,0.031185893800677624,4.024496356306422,2.1939125037321783,0.7525927330066922,0.7972108220050571,0.044618088998364946,0.09470377938950728
final_grades_submission_process_6.txt,text_eval_1,10,0.01841449737548828,0.9065661132335663,0.9040899872779846,0.006318533555559089,0.6969743809441498,0.5205031107033551,0.9020461066189898,0.9110861198481428,0.009040013229153043,0.2738804754421331
purchase_order_workflow_74.txt,text_eval_1,10,0.03886890411376953,0.8129519939422607,0.8108496963977814,0.011415605599850078,1.4042164463478592,0.82427700994292,0.8047857616405706,0.8211182262439508,0.016332464603380226,0.25927092947297525
content_promotion_process_48.txt,text_eval_1,10,0.02447301149368286,0.8995041370391845,0.9014820456504822,0.008074275566889964,0.8976362903084937,0.5910762895802725,0.8937281482516996,0.9052801258266695,0.011551977574969952,0.21940632326963905
order_fulfillment_process_90.txt,text_eval_1,10,0.046620309352874756,0.8506019890308381,0.8466865420341492,0.01516927650783418,1.7833577517397774,0.7729050872989262,0.8397505423223803,0.8614534357392958,0.021702893416915447,0.4624435138985552
budget_preparation_process_10.txt,text_eval_1,10,0.0625486969947815,0.8490022003650666,0.852975457906723,0.019596717087284832,2.30820568884961,1.7411241291261026,0.834983553462324,0.8630208472678091,0.02803729380548514,0.46581147263101497
customer_support_process_for_the_ticket_management_54.txt,text_eval_1,10,0.03479689359664917,0.8704975306987762,0.8716126084327698,0.012432635727020261,1.4282218258609174,1.4196279304309791,0.8616037588720347,0.8793913025255178,0.017787543653483118,0.12793272185432847
budget_preparation_process_54.txt,text_eval_1,10,0.03905951976776123,0.8163548767566681,0.8159531354904175,0.012545164624080358,1.53672930502009,0.9972882711921658,0.8073806066062933,0.8253291469070428,0.01794854030074955,0.04923582602683757
account_payable_process_171.txt,text_eval_1,10,0.05673396587371826,0.8793585658073425,0.8774943649768829,0.0169864909267947,1.9316910743002018,0.7693837332615582,0.8672071622146519,0.8915099694000331,0.024302807185381248,0.21244590334305838
order_fulfillment_process_2.txt,text_eval_1,10,0.06578749418258667,0.8437550485134124,0.8429220914840698,0.019460876038209063,2.3064603965921884,1.203361418696205,0.8298335764432405,0.8576765205835843,0.027842944140343828,0.09881779558963533
client_onboarding_process_for_a_marketing_agency_40.txt,text_eval_1,10,0.10486525297164917,0.8115351855754852,0.8035547733306885,0.029889144592881698,3.683037423902497,1.3688328789298925,0.7901537795774115,0.8329165915735589,0.0427628119961474,0.9931385525492405
client_onboarding_process_for_a_marketing_agency_102.txt,text_eval_1,10,0.03703045845031738,0.7972790777683259,0.798968106508255,0.012254560948307373,1.5370478531318386,1.072859291875268,0.7885126929643158,0.8060454625723359,0.017532769608020082,0.2114012719870319
loan_application_process_79.txt,text_eval_1,10,0.05561703443527222,0.8356871664524078,0.8360753655433655,0.019249897479409982,2.3034812848841635,1.903793942789119,0.8219166193512846,0.8494577135535311,0.027541094202246486,0.04643111218871676
budget_preparation_process_83.txt,text_eval_1,10,0.069888174533844,0.7991025149822235,0.7930182218551636,0.020971802396583656,2.624419521073612,0.5866826290200455,0.7841001913071752,0.8141048386572718,0.030004647350096558,0.7672324493157949
final_grades_submission_process_63.txt,text_eval_1,10,0.027590930461883545,0.9044528424739837,0.9059471487998962,0.00870030274045464,0.9619410025465094,0.5596189448822907,0.898229020824564,0.9106766641234034,0.012447643298839406,0.16494409501614088
account_payable_process_36.txt,text_eval_1,10,0.053421735763549805,0.9175078332424164,0.9222873151302338,0.017222881290493194,1.8771372479326514,1.471242916115439,0.9051873261705491,0.9298283403142836,0.02464101414373454,0.5182204947861077
customer_support_process_for_the_ticket_management_1.txt,text_eval_1,10,0.09110522270202637,0.8114532589912414,0.8069058656692505,0.023329890122245088,2.8750750414444886,0.524818443163702,0.7947640609767566,0.8281424570057263,0.03337839602896975,0.56355933392792
churn_rate_prevention_process_29.txt,text_eval_1,10,0.008488774299621582,0.7120188117027283,0.7119545042514801,0.002613201020997234,0.3670129184856789,0.27916346735175085,0.7101494403056683,0.7138881830997883,0.003738742794120009,0.009032522564879531
budget_preparation_process_73.txt,text_eval_1,10,0.05294233560562134,0.7889825642108917,0.7863274216651917,0.014704558824838492,1.8637368545077284,1.0282371231585494,0.7784635565062916,0.7995015719154919,0.02103801540920025,0.3376637355565379
project_management_process_45.txt,text_eval_1,10,0.04693847894668579,0.8267032384872437,0.8286496996879578,0.01443996649883484,1.7466928671113042,0.6308175510261331,0.8163735087303171,0.8370329682441703,0.020659459513853173,0.23489554168028304
content_promotion_process_129.txt,text_eval_1,10,0.06393063068389893,0.8629153430461883,0.8661787509918213,0.01816937530807406,2.1055802813673608,0.8063442863052939,0.8499177549423846,0.875912931149992,0.025995176207607384,0.3767591783908551
process_for_optimizing_a_process_27.txt,text_eval_1,10,0.06731724739074707,0.8566764175891877,0.8577225506305695,0.018909467024821852,2.207305656672078,1.381829636586269,0.8431493997647568,0.8702034354136186,0.027054035648861774,0.1219663678671744
process_for_optimizing_a_process_137.txt,text_eval_1,10,0.03371000289916992,0.9097525775432587,0.9094051122665405,0.008733433288343445,0.959978955149283,0.37486024709768173,0.9035050557276081,0.9160000993589092,0.012495043631301161,0.03820797486525454
process_for_optimizing_a_process_0.txt,text_eval_1,10,0.02764981985092163,0.8626965403556823,0.8634484112262726,0.007593058139145405,0.8801540036331724,0.34052611438265934,0.8572647937784079,0.8681282869329567,0.01086349315454882,0.08707768302248013
purchase_order_workflow_190.txt,text_eval_1,10,0.06153911352157593,0.8125097215175628,0.8130086362361908,0.017606538203908183,2.1669326209443525,0.803268528572334,0.7999147628231608,0.8251046802119649,0.02518991738880416,0.061366472186281905
startup_due_diligence_for_a_venture_capitalist_92.txt,text_eval_1,10,0.057983577251434326,0.7485903918743133,0.7457370758056641,0.017983888279902504,2.4023669653139175,1.1834174806448394,0.7357254931970801,0.7614552905515465,0.025729797354466344,0.3826168982635925
order_fulfillment_process_1.txt,text_eval_1,10,0.04815566539764404,0.7683861494064331,0.7664904296398163,0.014541729899124192,1.8925028659558036,1.2668769665063984,0.7579836224983345,0.7787886763145317,0.02080505381619724,0.24732464924678402
loan_application_process_6.txt,text_eval_1,10,0.0522913932800293,0.8414171695709228,0.8436771333217621,0.01689821617305393,2.0083041782557283,1.4288122899814537,0.8293289139329435,0.8535054252089022,0.024176511275958656,0.2678706891036893
content_promotion_process_153.txt,text_eval_1,10,0.03177988529205322,0.8809109091758728,0.8807510435581207,0.009939286226649878,1.1282964171653267,0.6811434102972815,0.8738007721332197,0.8880210462185258,0.014220274085306128,0.018151056296932273
loan_application_process_13.txt,text_eval_1,10,0.042354464530944824,0.8540919721126556,0.8526397347450256,0.012441559312497212,1.4567001820333416,0.6669383214349802,0.8451918167374172,0.8629921274878941,0.017800310750476944,0.17032250649968636
order_fulfillment_process_64.txt,text_eval_1,10,0.05382341146469116,0.8386222720146179,0.8360297977924347,0.015168842933912168,1.8087813119334568,0.8924336703620586,0.8277711354662596,0.8494734085629763,0.021702273096716684,0.31009351927751194
accounts_receivable_process_41.txt,text_eval_1,10,0.0281904935836792,0.8422934949398041,0.8402142524719238,0.00891606076049858,1.0585456036480232,0.528998210614072,0.8359153293007274,0.8486716605788808,0.012756331278153343,0.24746574600027393
project_management_process_23.txt,text_eval_1,10,0.03882366418838501,0.817667692899704,0.8146124184131622,0.0120658159597331,1.4756380941191358,0.5251106713553085,0.8090363281267379,0.8262990576726701,0.01726272954593222,0.37505866808332244
final_grades_submission_process_43.txt,text_eval_1,10,0.03498917818069458,0.914024955034256,0.9152573347091675,0.009501806450961216,1.0395565677531315,0.3743291478541523,0.9072277721703642,0.9208221378981477,0.013594365727783497,0.1346484347271713
project_management_process_6.txt,text_eval_1,10,0.03134256601333618,0.8282015740871429,0.8298274576663971,0.009791556222473484,1.182267279951248,0.7466100261708023,0.8211971167231965,0.8352060314510893,0.014008914727892785,0.1959303183129696
accounts_receivable_process_26.txt,text_eval_1,10,0.03500109910964966,0.8391689538955689,0.8386583030223846,0.011446738579152736,1.3640564901757835,0.8354162296514056,0.8309804504021312,0.8473574573890066,0.016377006986875386,0.06088902611992846
accounts_receivable_process_43.txt,text_eval_1,10,0.03993725776672363,0.8131600499153138,0.808948278427124,0.013234819182133402,1.627578627788187,0.8857713363641053,0.8036924306141016,0.822627669216526,0.01893523860242441,0.5206478090761113
final_grades_submission_process_68.txt,text_eval_1,10,0.021555781364440918,0.9041161358356475,0.9059286415576935,0.006688228438915739,0.7397532433965477,0.2643503152732057,0.8993316654331598,0.9089006062381353,0.009568940804975501,0.20007157726346314
employee_onboarding_process_93.txt,text_eval_1,10,0.06248575448989868,0.8077388525009155,0.8088402152061462,0.01818623257747128,2.251499048382183,1.2560789035471915,0.7947292054330327,0.8207484995687983,0.026019294135765536,0.13616567086121661
process_for_optimizing_a_process_99.txt,text_eval_1,10,0.03778862953186035,0.8683965742588043,0.8681081533432007,0.010776831485388919,1.2410034545089244,0.6993129429367614,0.8606872934312493,0.8761058550863594,0.01541856165511013,0.033224076342666796
purchase_order_workflow_169.txt,text_eval_1,10,0.052960336208343506,0.8329111754894256,0.8324208855628967,0.014886264287913049,1.787257120084354,0.8279209678279758,0.8222621835269626,0.8435601674518887,0.0212979839249261,0.0588992822059413
customer_support_process_for_the_ticket_management_46.txt,text_eval_2,10,0.2740254955632346,0.5863711906330925,0.5807753992932183,0.10063851383629743,17.162936284035403,16.025877070966928,0.5143787347536728,0.6583636465125122,0.14398491175883943,0.9635035069811957
account_payable_process_122.txt,text_eval_2,10,0.24188174945967544,0.7233116158417294,0.785003743001393,0.09786920203131086,13.530710676810973,1.703929217614452,0.653300206286793,0.7933230253966659,0.1400228191098729,7.8588322297406
process_for_optimizing_a_process_185.txt,text_eval_2,10,0.2906161465428092,0.702188313076824,0.6833241106746913,0.1016729152702943,14.479437122043162,10.489799938861092,0.6294558909880487,0.7749207351655992,0.14546484417755057,2.760652245024213
customer_support_process_for_the_ticket_management_131.txt,text_eval_2,10,0.27513894438743597,0.5796418963443665,0.5750720891214552,0.0798413574029913,13.77425577870192,7.697461163024134,0.5225268299440646,0.6367569627446683,0.11423013280060368,0.7946494551478889
order_fulfillment_process_40.txt,text_eval_2,10,0.13650743256915687,0.6591155704918441,0.6660293787717819,0.047935816319686915,7.272748280535435,4.421237814716827,0.6248243532442148,0.6934067877394734,0.06858243449525858,1.0380635600020378
project_management_process_44.txt,text_eval_2,10,0.10653296113014221,0.6456817209720611,0.6471730619668961,0.025977187359260766,4.023218640935448,0.7263121827888616,0.62709876059692,0.6642646813472022,0.03716592075028213,0.23043928780076892
customer_support_process_for_the_ticket_management_35.txt,text_eval_2,10,0.16493878761927283,0.639914083480835,0.6632999628782272,0.0559629908202933,8.74539133689333,6.4481923723768,0.5998805715187653,0.6799475954429047,0.08006702392413945,3.52568682439163
process_for_optimizing_a_process_92.txt,text_eval_2,10,0.27958049557425757,0.6652481712175138,0.6570883831291487,0.0861315079395537,12.947274666222508,7.699593178249946,0.6036334021912869,0.7268629402437407,0.12322953805245374,1.2418098231332233
startup_due_diligence_for_a_venture_capitalist_68.txt,text_eval_2,10,0.14777547783321798,0.5735868725511765,0.5449037502209346,0.058037735019781135,10.118386210905289,4.81219967090419,0.5320691779978806,0.6151045671044724,0.0830353891065918,5.2638878551693
churn_rate_prevention_process_14.txt,text_eval_2,10,0.1251777410507201,0.6048386027415593,0.6216504871845245,0.04834782794686756,7.9935089671394595,3.4598216764787546,0.5702526501310861,0.6394245553520326,0.06917190522094652,2.704394959795945
content_promotion_process_109.txt,text_eval_2,10,0.0891642769177754,0.6486434539159139,0.6498692234357198,0.04265275126117978,6.575685147777506,6.080901033046292,0.61813151374258,0.6791553940892479,0.061023880346667836,0.1886178750434628
accounts_receivable_process_101.txt,text_eval_2,10,0.20790082216262817,0.7636768954992295,0.7981808334589005,0.06564608889469485,8.596055384362625,1.7546062579771058,0.7167165124584454,0.8106372785400136,0.09392076608156819,4.322822161758618
customer_support_process_for_the_ticket_management_152.txt,text_eval_2,10,0.1999756395816803,0.5750106449921926,0.5513858199119568,0.06926848320241169,12.046469714200198,11.26138141262317,0.5254589571672343,0.6245623328171508,0.09910337564991645,4.284626885038158
loan_application_process_4.txt,text_eval_2,10,0.24315711855888367,0.7339190751314163,0.7375599145889282,0.07059237046593159,9.618549627326587,4.631943134595669,0.6834203354097725,0.7844178148530601,0.10099747944328752,0.4936330439732629
budget_preparation_process_33.txt,text_eval_2,10,0.2269560136578299,0.7811246206001802,0.7647177636623382,0.07094709324023162,9.082685575282358,1.9362447187295093,0.7303721274922358,0.8318771137081246,0.10150498621588877,2.1454787265915276
account_payable_process_2.txt,text_eval_2,10,0.23748761349254177,0.7600163337919448,0.7740531315406164,0.0671867140441616,8.840167119691671,0.5909098413995776,0.7119538539109775,0.808078813672912,0.09612495976193447,1.813415278190767
project_management_process_3.txt,text_eval_2,10,0.1580271224180857,0.7164880156517028,0.7235566857788298,0.05366423495904307,7.489899870862625,4.633053929751227,0.678098934570119,0.7548770967332866,0.07677816216316757,0.9769338416821238
churn_rate_prevention_process_3.txt,text_eval_2,10,0.10560775399208078,0.6387332206964492,0.6239795088768005,0.03460243488120081,5.4173532485865845,3.902926158787212,0.613980129940782,0.6634863114521165,0.04950618151133446,2.364454538932893
order_fulfillment_process_143.txt,text_eval_2,10,0.1318011661370596,0.7074076078335445,0.720026421878073,0.051200005750834096,7.237695097404385,4.62394853831837,0.6707813301339476,0.7440338855331414,0.07325255539919384,1.7525487483659734
project_management_process_81.txt,text_eval_2,10,0.05388421151373124,0.6809246232112249,0.6802049295769798,0.015745887706135553,2.3124274213903893,1.199101026747994,0.6696606937000023,0.6921885527224476,0.022527859022445362,0.10580541289119383
project_management_process_2.txt,text_eval_2,10,0.15446353753407804,0.6912096204360326,0.7221739341815313,0.056922327041720185,8.235175749696905,1.135574668726585,0.6504898406828173,0.7319294001892479,0.08143955950643056,4.287653192660821
final_grades_submission_process_1.txt,text_eval_2,10,0.1487376179013934,0.8403822558266777,0.8830762611968177,0.06558670390467698,7.804389425162224,1.292995234477317,0.7934643542486138,0.8873001574047416,0.09383580315612772,4.834690642943745
customer_support_process_for_the_ticket_management_25.txt,text_eval_2,10,0.024876028299331665,0.8045652002096176,0.8054697304964066,0.007902797956974465,0.9822445657499861,0.7526950942124183,0.798911879114605,0.8102185213046302,0.011306642190025196,0.1122984828035044
client_onboarding_process_for_a_marketing_agency_172.txt,text_eval_2,10,0.14801838542475843,0.7228727085722817,0.7456672020030743,0.0471909462052385,6.528251190786208,1.231344250995601,0.6891143393050743,0.7566310778394891,0.06751673853441487,3.056925847021319
content_promotion_process_2.txt,text_eval_2,10,0.009174972772598267,0.8167430460453033,0.8155695050954819,0.0033771819451313334,0.41349381075036507,0.18736225023109448,0.8143271556181342,0.8191589364724725,0.00483178085433833,0.1438922056905599
client_onboarding_process_for_a_marketing_agency_6.txt,text_eval_2,10,0.2547213236490886,0.6767634908358257,0.6033483594655991,0.10660905198651305,15.752778249732014,0.35447991718848865,0.600499969258288,0.7530270124133633,0.15252704315507537,12.16795077312421
churn_rate_prevention_process_23.txt,text_eval_2,10,0.13960651250985945,0.6901117338584019,0.6814328741568785,0.04085277079829464,5.919732819189663,3.7518219387083356,0.6608874221398051,0.7193360455769986,0.05844862343719348,1.2736191678837825
final_grades_submission_process_126.txt,text_eval_2,10,0.013721078634262085,0.7386878362723759,0.7385446748563221,0.004230978088455162,0.5727694271785838,0.34621666665672257,0.7356611768777889,0.7417144956669629,0.006053318789174034,0.019384259466984938
customer_support_process_for_the_ticket_management_10.txt,text_eval_2,10,0.2561509311199188,0.5266250669956207,0.5310611128807068,0.06919774973304745,13.139851114155732,5.337217402957465,0.4771239788464555,0.5761261551447859,0.09900217629833041,0.8353174008586347
budget_preparation_process_16.txt,text_eval_2,10,0.1329165458679199,0.7267848914861679,0.7199905991554261,0.04247089884421184,5.8436683730952526,5.75931853384765,0.6964030406951794,0.7571667422771563,0.06076370158197686,0.943664033768183
order_fulfillment_process_7.txt,text_eval_2,10,0.3012532459364996,0.6928095511595409,0.7051745371686088,0.08198763601566725,11.834079925492691,6.558626560897414,0.6341591295315241,0.7514599727875577,0.11730084325603363,1.7534646186623986
order_fulfillment_process_22.txt,text_eval_2,10,0.07707837649754123,0.7044916089091983,0.6974592975207737,0.022807610739552984,3.2374566923326764,0.24725406771875913,0.6881760270579683,0.7208071907604282,0.03263116370245989,1.0082755242380395
budget_preparation_process_162.txt,text_eval_2,10,0.1539030960111908,0.7097925428188206,0.7092770026488737,0.05122421658871087,7.216787088982731,5.736753192494853,0.6731489457291493,0.746436139908492,0.07328719417934271,0.0726853074358233
purchase_order_workflow_81.txt,text_eval_2,10,0.25160109996795654,0.722001925110817,0.737243264913559,0.09182512031059509,12.71812679675352,13.18686693740776,0.6563141911550456,0.7876896590665883,0.13137546791154264,2.0673420196695913
employee_onboarding_process_195.txt,text_eval_2,10,0.24392632927213398,0.6148409179278783,0.5896207072905132,0.07560125699578808,12.296067940724825,0.6051615062960665,0.5607590366358783,0.6689227992198783,0.10816376258399996,4.277361755705575
churn_rate_prevention_process_102.txt,text_eval_2,10,0.09984340270360303,0.5715051273504892,0.5782746225595474,0.03765303098067823,6.588397755106509,5.240832409603738,0.5445697716077337,0.5984404830932447,0.053870711485511036,1.1706367433340283
churn_rate_prevention_process_34.txt,text_eval_2,10,0.05236245989799504,0.6838069242238999,0.6891498297452927,0.015519049109612269,2.2695074530322894,0.43299760135679805,0.6727052652692409,0.6949085831785589,0.022203317909317954,0.7752893914763855
process_for_optimizing_a_process_37.txt,text_eval_2,10,0.10129424658688635,0.7620131140405481,0.7525425309484655,0.03142080264457522,4.123393950265173,2.599438284883873,0.7395360258776098,0.7844902022034863,0.044954176325876505,1.2584781195218782
account_payable_process_3.txt,text_eval_2,10,0.09432791670163476,0.7208284487326939,0.7424089958270391,0.04126787137828022,5.7250614138265865,1.1711339824898626,0.691307191947532,0.7503497055178558,0.05904251357032386,2.906827263091634
client_onboarding_process_for_a_marketing_agency_14.txt,text_eval_2,10,0.23667205373446154,0.7119318624337514,0.696998472015063,0.08451064451037607,11.870608546929613,8.61842651132045,0.651476589255222,0.7723871356122808,0.12091054635705878,2.1425284298708798
startup_due_diligence_for_a_venture_capitalist_45.txt,text_eval_2,10,0.10063746571540833,0.6567986637353898,0.6430039703845978,0.040039619803824096,6.096178633511229,3.1223649382616028,0.6281560451962844,0.6854412822744951,0.05728523707821065,2.1453511931724156
customer_support_process_for_the_ticket_management_48.txt,text_eval_2,10,0.2222964704036713,0.6089961514990738,0.5977139207449826,0.06212913984853862,10.20189367299033,4.985154571817679,0.5645516422464045,0.6534406607517431,0.08888901850533859,1.8875636592216491
loan_application_process_72.txt,text_eval_2,10,0.17671969135602317,0.6697485727553415,0.6790144145488739,0.05932608593100746,8.857963770932772,5.524472394502309,0.6273092474803862,0.7121878980302968,0.08487865054991062,1.3646016336322517
purchase_order_workflow_16.txt,text_eval_2,10,0.2598710854848225,0.6987898329893748,0.6594336032867432,0.08005043610167206,11.45558110930461,5.602822263559501,0.6415252006980803,0.7560544652806693,0.11452926458258905,5.968186866194363
startup_due_diligence_for_a_venture_capitalist_186.txt,text_eval_2,10,0.24874953627586366,0.5536849784128594,0.5684064447879791,0.06880357954186306,12.42648477462561,7.500895414011128,0.5044658626320857,0.602904094193633,0.0984382315615473,2.5899541622211855
customer_support_process_for_the_ticket_management_22.txt,text_eval_2,10,0.2227551738421123,0.7495171849216733,0.7511427303155264,0.0734735188766924,9.802779756727071,8.366810238853152,0.6969573957872655,0.8020769740560811,0.10511957826881568,0.2164096553487561
accounts_receivable_process_2.txt,text_eval_2,10,0.11107496089405489,0.6833725540866755,0.6714381724596024,0.043338237100509214,6.3418170427448,4.81001019437205,0.6523702468842322,0.7143748612891189,0.06200461440488669,1.77743567711608
account_payable_process_170.txt,text_eval_2,10,0.07474827766418457,0.6842500448226929,0.6960381716489792,0.02744671058632056,4.011210637689139,0.752366751586496,0.6646158508585903,0.7038842387867955,0.039268387928205195,1.693603498549383
accounts_receivable_process_60.txt,text_eval_2,10,0.16368278264999392,0.6336657595634461,0.6153742790222168,0.05056126333636945,7.979169234456163,2.006270721083236,0.5974964106611728,0.6698351084657194,0.0723386978045466,2.9724155143911917
churn_rate_prevention_process_55.txt,text_eval_2,10,0.004527390003204346,0.6545404076576233,0.654248121380806,0.001331472277884755,0.20342094426983348,0.10729550146807093,0.65358792976853,0.6554928855467167,0.0019049557781867232,0.04467514193245901
purchase_order_workflow_4.txt,text_eval_2,10,0.15147078888756893,0.7640153139829637,0.7631850008453642,0.04494427008827276,5.882639950496456,2.387001288472031,0.731864119991507,0.7961665079744205,0.06430238798291343,0.10879578826625178
churn_rate_prevention_process_27.txt,text_eval_2,10,0.09042408791455359,0.7212485391985286,0.7246386977759274,0.030243714146597794,4.1932444230951855,3.2567856923321017,0.6996134894215572,0.7428835889755,0.04327009955394279,0.4678412273321726
startup_due_diligence_for_a_venture_capitalist_0.txt,text_eval_2,10,0.24816676712298125,0.6695038866865766,0.6736518000508402,0.07443967709343324,11.118632553701909,8.918441570245612,0.6162529495995628,0.7227548237735903,0.10650187417402757,0.6157355126120996
client_onboarding_process_for_a_marketing_agency_173.txt,text_eval_2,10,0.186922094651631,0.6263302869834597,0.6238619808639798,0.0533712640581272,8.521265084461202,4.736790747213019,0.5881507846590945,0.6645097893078249,0.07635900464873036,0.395649389639287
client_onboarding_process_for_a_marketing_agency_64.txt,text_eval_2,10,0.128271894795554,0.6687959155866078,0.6673294007778168,0.040092134266229845,5.994673910510446,3.3516144671788326,0.6401157304641572,0.6974761007090584,0.05736037024490126,0.21975875888005053
loan_application_process_48.txt,text_eval_2,10,0.07582024070951676,0.6860405918624666,0.6710821671618356,0.028772719037267264,4.194025744038692,2.2560304732218075,0.6654578285956039,0.7066233551293293,0.041165526533725405,2.2290004760361493
purchase_order_workflow_159.txt,text_eval_2,10,0.36624595522880554,0.7291511595249176,0.7796869426965714,0.11127347812970512,15.260687263009492,7.066716446335571,0.6495509084934573,0.8087514105563779,0.15920050206292058,6.481547965504486
process_for_optimizing_a_process_6.txt,text_eval_2,10,0.17072714368502295,0.6725984689262179,0.6507508440150155,0.04854457110403262,7.2174667869126266,4.5526351290716995,0.6378717747395641,0.7073251631128716,0.0694533883733075,3.3572949020559837
content_promotion_process_96.txt,text_eval_2,10,0.3049082259337108,0.7280259626725364,0.7249538025685719,0.09617054130551965,13.209768090204339,8.412710629422953,0.6592297017986959,0.7968222235463769,0.137592521747681,0.4237732243185116
loan_application_process_60.txt,text_eval_2,10,0.059423598978254555,0.6760583344433042,0.6929107622967826,0.025520604685284047,3.774911628934923,0.8286843803272106,0.657801993637139,0.6943146752494694,0.036512681612330455,2.4321209556073096
churn_rate_prevention_process_48.txt,text_eval_2,10,0.0072419047355651855,0.7713724792003632,0.7717279881238938,0.0023653828883714637,0.30664600464143055,0.22110343196110283,0.7696803862159018,0.7730645721848246,0.0033841859689227594,0.04606661012707246
content_promotion_process_0.txt,text_eval_2,10,0.2853915410382407,0.7434891825054287,0.7144406520658069,0.09699714205417058,13.046207575920224,10.645842773206441,0.6741016070775602,0.8128767579332973,0.1387751508557371,4.065912312748156
account_payable_process_179.txt,text_eval_2,10,0.18085567156473792,0.7337999549176958,0.7167772071229087,0.05589215370116574,7.616810729762813,0.24389369689318996,0.6938171167779931,0.7737827930573985,0.07996567627940543,2.374900823522994
client_onboarding_process_for_a_marketing_agency_5.txt,text_eval_2,10,0.24933290481567383,0.7437977850437165,0.7595020135243734,0.06878282585735858,9.247516897797146,5.434474722413393,0.6945935155544775,0.7930020545329556,0.09840853897847812,2.0677007040157003
startup_due_diligence_for_a_venture_capitalist_128.txt,text_eval_2,10,0.1190321147441864,0.5753899037837982,0.5455721914768219,0.047444368079044764,8.245603158318868,2.4517592651517655,0.5414502474290394,0.609329560138557,0.06787931270951764,5.465401787848098
order_fulfillment_process_175.txt,text_eval_2,10,0.2509275310569339,0.6634230858749813,0.6734635531902313,0.0844247185066642,12.725622653802796,11.044318385328552,0.6030292804566098,0.7238168912933529,0.12078761083674316,1.4908701840935241
content_promotion_process_13.txt,text_eval_2,10,0.19798920750617988,0.6437204925219218,0.647109043598175,0.04793632455192088,7.446760683991806,0.24220553741241277,0.6094289117068541,0.6780120733369894,0.06858316163013534,0.523644524794708
loan_application_process_14.txt,text_eval_2,10,0.12492123246192932,0.6722719371318817,0.6745299398899078,0.03901193814414752,5.802999647818771,2.5553241529170805,0.6443644777651654,0.7001793964985981,0.055814918733432695,0.3347520435334062
project_management_process_65.txt,text_eval_2,10,0.12328705787658689,0.5970104169845581,0.6067970365285873,0.03652544937445179,6.11805897105419,3.8482083100567075,0.5708816845308622,0.6231391494382541,0.052257464907391915,1.6128324554808675
startup_due_diligence_for_a_venture_capitalist_178.txt,text_eval_2,10,0.2279924559287535,0.632322398826475,0.6282982716818789,0.07707152593735829,12.188643970290325,8.149796288968682,0.5771887504934885,0.6874560471594615,0.11026729666597301,0.6404803778663909
employee_onboarding_process_3.txt,text_eval_2,10,0.30694766555513664,0.6603945617164884,0.6485318690538406,0.09787653263529207,14.820917419563957,7.483174963771145,0.590377908163369,0.7304112152696077,0.14003330710623874,1.82916109889164
project_management_process_53.txt,text_eval_2,10,0.1209197402000427,0.7297536925294181,0.7566667854785919,0.04632396139378864,6.34788996177929,1.5380575741549343,0.6966155268344529,0.7628918582243833,0.06627633138993039,3.5567958665122625
employee_onboarding_process_19.txt,text_eval_2,10,0.1919993758201599,0.6614478766918183,0.6473962217569351,0.054252236492566094,8.202042580271716,5.017209284393682,0.6226381646525074,0.7002575887311291,0.07761942407862166,2.170487633793889
employee_onboarding_process_51.txt,text_eval_2,10,0.19386175274848938,0.7449233995543586,0.7622081339359283,0.0687290036802223,9.226318265923531,7.871971496427767,0.6957576321312283,0.7940891669774889,0.09833153484626056,2.2677184369988246
employee_onboarding_process_151.txt,text_eval_2,10,0.3183689594268799,0.7881642099402167,0.826272863149643,0.10548085060077893,13.38310586429442,8.654999390434563,0.7127077550152896,0.8636206648651439,0.15091290984985428,4.612114824170928
loan_application_process_63.txt,text_eval_2,10,0.19307824969291687,0.7277545844665682,0.7442412931810726,0.07460747604467008,10.251735631367557,7.271511907330631,0.6743836112409725,0.7811255576921639,0.1067419464511914,2.215237029382785
employee_onboarding_process_43.txt,text_eval_2,10,0.19690213677210677,0.6783905501396228,0.6869565377632776,0.06115995444261884,9.015449055124842,6.731045365759984,0.6346393543602442,0.7221417459190014,0.08750239155875716,1.2469475363820754
budget_preparation_process_49.txt,text_eval_2,10,0.13863957590526998,0.7347828888230854,0.7254384954770406,0.04114745959224374,5.5999479871054625,1.29351196432237,0.7053477694406249,0.7642180082055459,0.058870238764920924,1.2881027687812434
budget_preparation_process_19.txt,text_eval_2,10,0.13438171810574007,0.7036028739478853,0.710104677412245,0.049164619072452224,6.987552338521824,3.9235565230250438,0.6684326241649896,0.7387731237307811,0.07034049956579147,0.9156119754137495
accounts_receivable_process_49.txt,text_eval_2,10,0.013058662414550781,0.6954494080373219,0.6959816834756306,0.004111515713007318,0.5912027051127592,0.3383980048973319,0.6925082068780152,0.6983906091966287,0.005882402318613478,0.07647836874823889
purchase_order_workflow_20.txt,text_eval_2,10,0.21059612716947285,0.734313862664359,0.7544566605772292,0.0654965005855093,8.919414968943126,8.596795532750235,0.6874604886536033,0.7811672366751148,0.09370674802151147,2.6698416178682813
startup_due_diligence_for_a_venture_capitalist_5.txt,text_eval_2,10,0.09785240888595581,0.6691026151180267,0.6666514575481415,0.03037105733182209,4.539073177357821,3.099785682139983,0.6473764695140768,0.6908287607219766,0.04345229120789984,0.367682023662001
final_grades_submission_process_42.txt,text_eval_2,10,0.23185435533523557,0.763289430141449,0.770537868142128,0.07893813981408218,10.341835835386028,7.052025857861975,0.7068204866809674,0.8197583736019306,0.11293788692096318,0.9406984783442188
order_fulfillment_process_17.txt,text_eval_2,10,0.12352317571640015,0.5477174758911133,0.5439483225345612,0.03498795694043984,6.387957018080518,0.8317747265116897,0.5226885992679654,0.5727463525142612,0.0500577532462958,0.6929248975324607
project_management_process_8.txt,text_eval_2,10,0.14959836734665766,0.5522689785559972,0.536629244685173,0.048594071639315416,8.79898627773246,2.754064844336131,0.5175068738195797,0.5870310832924147,0.069524209472835,2.9144393500208174
client_onboarding_process_for_a_marketing_agency_66.txt,text_eval_2,10,0.19374262435095657,0.689195131025617,0.6842565706798008,0.06472451219969616,9.391318842223566,4.44396406115192,0.6428940042379818,0.7354962578132522,0.09260225357527041,0.7217410190025342
employee_onboarding_process_11.txt,text_eval_2,10,0.2093207963875362,0.8150102747338159,0.840366433773722,0.06435288185759513,7.895959578989715,0.7397931207714021,0.7689749962778709,0.861045553189761,0.09207055691189003,3.017274134337152
churn_rate_prevention_process_76.txt,text_eval_2,10,0.20240234786813904,0.6042109304305279,0.5738377742695087,0.06935450295735741,11.478525042229732,7.951876618115763,0.5545977077798193,0.6538241530812364,0.09922644530141711,5.2929865413067345
purchase_order_workflow_35.txt,text_eval_2,10,0.14841107385499142,0.7046214078153883,0.6849280319043568,0.04840508186675781,6.869658135541632,0.4173612013394304,0.6699944982179277,0.7392483174128489,0.06925381919492124,2.8752474703475803
final_grades_submission_process_0.txt,text_eval_2,10,0.16090650375072768,0.7501667179844596,0.7479597614570097,0.050187833475943175,6.690223955921071,4.766162077475174,0.7142645047117379,0.7860689312571812,0.07180442654544339,0.29506353699438853
accounts_receivable_process_109.txt,text_eval_2,10,0.15926817911011837,0.8142100900411606,0.8433777200324195,0.053711962361329656,6.596818562960127,0.4389562707464454,0.775786866832747,0.8526333132495743,0.07684644641682725,3.458430226273665
final_grades_submission_process_81.txt,text_eval_2,10,0.1964027995412999,0.7433920866792851,0.7555294662714005,0.06649796213279478,8.945207155733875,6.506581750887458,0.6958223102346146,0.7909618631239557,0.09513955288934106,1.6064733586122482
startup_due_diligence_for_a_venture_capitalist_187.txt,text_eval_2,10,0.25485956385022124,0.7161986783288774,0.7096404274304708,0.06546169905365683,9.140159153379072,3.7166196037872496,0.6693701998342707,0.7630271568234841,0.09365695698921339,0.9241653441522852
process_for_optimizing_a_process_9.txt,text_eval_2,10,0.19102587754076172,0.745206485282291,0.7453476691787893,0.055744937560193275,7.4804686568282595,5.662352820459753,0.7053289592257033,0.7850840113388788,0.07975505211317557,0.018942018917661885
final_grades_submission_process_96.txt,text_eval_2,10,0.1728179852167765,0.7043536168999143,0.7183035098844104,0.06220108837002001,8.830946115359911,5.384259566388913,0.6598576387755288,0.7488495950242997,0.08899195624877088,1.9420610915211782
content_promotion_process_91.txt,text_eval_2,10,0.08592211206754041,0.66227706912018,0.6610846200159618,0.029036393738784735,4.384327208755532,2.8945070521336858,0.641505684334657,0.683048453905703,0.04154276957104597,0.18037768057430195
budget_preparation_process_2.txt,text_eval_2,10,0.06952178809377885,0.698507868912485,0.6817623095379935,0.030480912389250128,4.363717825642568,0.38661230750622205,0.676703137734548,0.7203126000904219,0.04360946235587382,2.4562166520820554
client_onboarding_process_for_a_marketing_agency_180.txt,text_eval_2,10,0.20975671344333224,0.6617208064264721,0.6467776729000939,0.06782519472206032,10.249820477663459,6.812466518780023,0.6132015849832412,0.7102400278697031,0.0970384428864619,2.3103972435187083
employee_onboarding_process_14.txt,text_eval_2,10,0.16133823990821838,0.7225691705942154,0.712622880935669,0.05852888377885128,8.10010808110166,8.718896340763685,0.6807001293842597,0.7644382118041712,0.08373808241991143,1.3957297645968205
accounts_receivable_process_144.txt,text_eval_2,10,0.020441889762878418,0.8364631550652641,0.8336494820458549,0.006250728301783573,0.7472807695033341,0.23041268843339563,0.831991653407237,0.8409346567232913,0.008943003316054243,0.33751271727588056
account_payable_process_45.txt,text_eval_2,10,0.14271333813667297,0.6418156832456589,0.6178209632635117,0.04846523697019614,7.551270284500944,0.7712138436303786,0.6071457412795243,0.6764856252117935,0.0693398839322692,3.883765914222146
account_payable_process_13.txt,text_eval_2,10,0.18155683080355323,0.7105745037396749,0.702314093708992,0.07559111518711147,10.638028072958402,12.033451540899009,0.6564998774605507,0.7646491300187991,0.10814925255824837,1.1761703352781707
account_payable_process_32.txt,text_eval_2,10,0.34371399879455566,0.7725715263022317,0.8063360154628754,0.10349942347721708,13.396743208049305,5.933684866511111,0.6985324989538221,0.8466105536506413,0.14807805469681923,4.1873968808476505
process_for_optimizing_a_process_34.txt,text_eval_2,10,0.06103837821218705,0.7582772506607902,0.7660383035739263,0.021280185971316812,2.8063859165987757,0.4985317416567931,0.7430543226658687,0.7735001786557117,0.030445855989843063,1.0131416245019573
content_promotion_process_199.txt,text_eval_2,10,0.31899474859237675,0.7062849431378501,0.6570809462240764,0.10675890256501629,15.115556915416144,4.221602557002871,0.6299142249141163,0.7826556613615838,0.15274143644746752,7.488270234668194
loan_application_process_145.txt,text_eval_2,10,0.09988639420933199,0.7119468377696143,0.7124306576119529,0.032205420063804245,4.523570912218295,0.3066821504471496,0.6889084681172858,0.7349852074219428,0.046076739304657055,0.06791114856852656
purchase_order_workflow_1.txt,text_eval_2,10,0.11645636388233738,0.7417425704853875,0.7395414156573159,0.044297815120683794,5.972127916521743,5.204514144141964,0.7100538225193946,0.7734313184513804,0.06337749593198572,0.2976378038429631
accounts_receivable_process_0.txt,text_eval_2,10,0.20268267393112183,0.7171975597588702,0.7362594157457352,0.06556496841601143,9.141828150956774,6.686945299491991,0.6702952068127279,0.7640999127050125,0.09380470589228462,2.58901354321666
employee_onboarding_process_4.txt,text_eval_2,10,0.08580249973705834,0.5852769596236094,0.5775194593838283,0.024830104824568454,4.2424538359645405,1.487098679451802,0.5675145726613788,0.6030393465858399,0.03552477392446107,1.3432448229636713
startup_due_diligence_for_a_venture_capitalist_7.txt,text_eval_2,10,0.15500950163060967,0.6206327069347555,0.6016921013593673,0.054340309312645524,8.755630940081618,6.257988321730096,0.5817599913953725,0.6595054224741385,0.07774543107876597,3.147890014277525
final_grades_submission_process_6.txt,text_eval_2,10,0.07758146950176781,0.7247116280453545,0.7371831855603627,0.030924327504858774,4.26712174996638,0.5008153564629267,0.7025896968022552,0.7468335592884537,0.04424386248619849,1.6917854014166147
purchase_order_workflow_74.txt,text_eval_2,10,0.15830616014344356,0.6395117112568446,0.6869252792426518,0.06937740965335562,10.8484971318206,1.94556145411809,0.5898821021429608,0.6891413203707284,0.09925921822776762,6.9022889997703345
content_promotion_process_48.txt,text_eval_2,10,0.07978174516132908,0.636418735186259,0.6318757345279058,0.0283864335454613,4.460339078036965,4.046142751596235,0.6161123039136359,0.6567251664588821,0.04061286254524621,0.7189705839467697
order_fulfillment_process_90.txt,text_eval_2,10,0.16463429587227962,0.7110152802297048,0.7137745044061116,0.06918045312533154,9.729812431454594,9.558282473269438,0.6615265653283191,0.7605039951310906,0.09897742980277147,0.38656804906509096
budget_preparation_process_10.txt,text_eval_2,10,0.20928324171991053,0.6798041304855635,0.6967820294878699,0.0689735334574205,10.14608919898071,7.481961441784401,0.6304634369975991,0.729144823973528,0.09868138697592888,2.4366155101309137
customer_support_process_for_the_ticket_management_54.txt,text_eval_2,10,0.22068588222776142,0.7629273367779597,0.7680445121867316,0.07262681940014386,9.519493652811786,6.958168464954191,0.7109732399613825,0.8148814335945368,0.10390819363315429,0.6662602658539498
budget_preparation_process_54.txt,text_eval_2,10,0.05896769762039189,0.7931774383783341,0.8027645587921143,0.02240881856697603,2.8251961645292476,0.9582827473376753,0.7771471352618041,0.8092077414948641,0.03206060623305995,1.194263038742706
account_payable_process_171.txt,text_eval_2,10,0.20511069893836975,0.666055545529934,0.6574965996874703,0.0633706826242005,9.514324000377606,5.161027599453681,0.6207228900786369,0.711388200981231,0.09066531090259411,1.301747544630951
order_fulfillment_process_2.txt,text_eval_2,10,0.2695784436331854,0.6774330798122619,0.7160400483343337,0.10335675035077029,15.257115932309315,10.16606540159893,0.6034961146701524,0.7513700449543713,0.1478739302842189,5.3917331316705095
client_onboarding_process_for_a_marketing_agency_40.txt,text_eval_2,10,0.21036619941393542,0.789100926121076,0.8157004217306774,0.07188472428532995,9.109699647507483,0.6215554821563513,0.7376776921697681,0.8405241600723838,0.10284646790261576,3.260939298420989
client_onboarding_process_for_a_marketing_agency_102.txt,text_eval_2,10,0.23180091977119444,0.6432228722174962,0.6418311148881912,0.09059336340922372,14.084288249406487,12.051870985973737,0.5784162840675979,0.7080294603673944,0.12961317629979652,0.21684167330332899
loan_application_process_79.txt,text_eval_2,10,0.13667348821957903,0.6745102498928706,0.6787758320569992,0.04532434868770895,6.719593763757869,4.221986910527839,0.6420871640504955,0.7069333357352456,0.06484617168475015,0.628422810989306
budget_preparation_process_83.txt,text_eval_2,10,0.034944087266922,0.6773290352688895,0.6742868887053596,0.010485901198291828,1.5481251581262985,0.3449941138200653,0.6698278734313654,0.6848301971064137,0.015002323675048279,0.45116501810838006
final_grades_submission_process_63.txt,text_eval_2,10,0.18464308977127075,0.7334764212369919,0.7352311462163925,0.07714418517806221,10.517609420621897,11.812920036302003,0.6782907956143853,0.7886620468595984,0.11037125124521308,0.23866303657437926
account_payable_process_36.txt,text_eval_2,10,0.2840204693022228,0.7754205832878749,0.8190617923225676,0.09747417694946411,12.5704912985624,8.572030015946517,0.7056917576532692,0.8451494089224806,0.1394576512692114,5.328194947409496
customer_support_process_for_the_ticket_management_1.txt,text_eval_2,10,0.09586373567581186,0.6857266294956208,0.7014269262552262,0.03395736814469414,4.952027044606848,0.3812205482600192,0.6614349916847256,0.710018267306516,0.04858327562179032,2.238336763520903
churn_rate_prevention_process_29.txt,text_eval_2,10,0.054244387149810835,0.6410094058513641,0.6559772521257401,0.024968573010810485,3.895196042817528,0.20688344758460403,0.6231479647158481,0.6588708469868801,0.03572288227103204,2.2817630071578887
budget_preparation_process_73.txt,text_eval_2,10,0.06323349806997514,0.8333801709943348,0.8365563419130113,0.01740065439740308,2.0879611734272197,0.4832496063951726,0.8209324927027437,0.8458278492859259,0.024895356583182204,0.37967208657020424
project_management_process_45.txt,text_eval_2,10,0.2493936609138142,0.6577746961666988,0.6681382507849962,0.08881897897209182,13.502948576419934,11.53969487176065,0.5942374261777497,0.721311966155648,0.1270745399778983,1.5511093110028142
content_promotion_process_129.txt,text_eval_2,10,0.24567880375044693,0.6555648143802371,0.6381644223417555,0.07705189876015094,11.753513469601758,6.584070234288188,0.6004452064840106,0.7106844222764636,0.110239215792453,2.726631480744491
process_for_optimizing_a_process_27.txt,text_eval_2,10,0.10186218944462855,0.6518230572794422,0.6508124014644912,0.03187584973845385,4.890261150241637,1.945187258620961,0.6290204480353561,0.6746256665235284,0.04560521848817234,0.15529141925950535
process_for_optimizing_a_process_137.txt,text_eval_2,10,0.21667366226514173,0.6904532118485524,0.6627571483453114,0.06825765442252522,9.885920327574233,0.7172265788011897,0.6416246273720398,0.7392817963250649,0.09765716895302501,4.178915847590477
process_for_optimizing_a_process_0.txt,text_eval_2,10,0.09247415986928065,0.6586209974505686,0.6585839024998925,0.022121465438007287,3.3587549628141895,0.5596398422705848,0.6427962543792987,0.6744457405218385,0.03164948614253982,0.005632532246118668
purchase_order_workflow_190.txt,text_eval_2,10,0.34326955676078796,0.7034770829810036,0.7416946142911911,0.1159111891681553,16.47689625893404,8.70816762945636,0.6205592133302916,0.7863949526317157,0.16583573930142403,5.152731403707236
startup_due_diligence_for_a_venture_capitalist_92.txt,text_eval_2,10,0.19492388674707117,0.6455073171492779,0.6639783219857649,0.06226198123916579,9.645433844829258,5.960528709807421,0.6009677788904246,0.6900468554081312,0.08907907651770652,2.7818686581883627
order_fulfillment_process_1.txt,text_eval_2,10,0.02407783269882202,0.6699073604175022,0.6689595005341938,0.007270864949562096,1.0853537935500095,0.7257906267740055,0.664706096963453,0.6751086238715515,0.010402526908098508,0.14169166930904756
loan_application_process_6.txt,text_eval_2,10,0.20121455192565918,0.6950141403410169,0.671467050909996,0.05984933476255854,8.61123987106115,5.11022075540357,0.6522005054008705,0.7378277752811634,0.0856272698802929,3.5068123445683677
content_promotion_process_153.txt,text_eval_2,10,0.3132444659868877,0.7345030736355554,0.7886979043483735,0.1214975896909222,16.541467837506517,6.734693202016645,0.6475889337913641,0.8214172134797468,0.17382827968838277,6.871430799298765
loan_application_process_13.txt,text_eval_2,10,0.2522098124027252,0.7207959860563278,0.7137061804533005,0.07372875808950774,10.22879698496907,5.572015172620534,0.6680536097883579,0.7735383623242976,0.1054847525359397,0.9933787596632986
order_fulfillment_process_64.txt,text_eval_2,10,0.1141935057110256,0.7626444693406422,0.771993315882153,0.04605846016030543,6.039309535690475,4.930794680788422,0.729696231786593,0.7955927068946914,0.06589647510809837,1.211000969720563
accounts_receivable_process_41.txt,text_eval_2,10,0.1569523896489825,0.7568610331841878,0.7761871580566679,0.04975141493355357,6.573388343728641,0.3421622002955604,0.7212710149296583,0.7924510514387174,0.07118003650905913,2.4898794925784027
project_management_process_23.txt,text_eval_2,10,0.16101933519045508,0.6532782908942965,0.6276542080773247,0.058374957264491135,8.935695258536684,6.767328255129221,0.6115193620794003,0.6950372197091926,0.08351785762979236,4.0825158960481165
final_grades_submission_process_43.txt,text_eval_2,10,0.2397168113125695,0.695901366406017,0.7309550510512458,0.08504815540638305,12.221294498330174,7.390684778617104,0.6350615810959945,0.7567411517160394,0.12167957062004486,4.795600576918552
project_management_process_6.txt,text_eval_2,10,0.13450801372528076,0.6675730092657937,0.6636897176504135,0.04165668359772747,6.240019146900814,3.845607907556299,0.6377736129743244,0.6973724055572629,0.05959879258293843,0.5851064905943895
accounts_receivable_process_26.txt,text_eval_2,10,0.24893977812358314,0.7338701912334987,0.7155583735023225,0.08124061788666798,11.070161842943596,7.837142014973701,0.6757541541829469,0.7919862282840505,0.11623207410110359,2.5590948843975405
accounts_receivable_process_43.txt,text_eval_2,10,0.019968628883361816,0.6922943106719426,0.6901884249278477,0.006617409591066701,0.955866528015206,0.5190924476216355,0.6875605010213365,0.6970281203225487,0.009467619301212205,0.3051175111079297
final_grades_submission_process_68.txt,text_eval_2,10,0.22166357768906486,0.6576136234733794,0.6202126393715541,0.08264676610924873,12.567678521123934,8.917788956740054,0.598491688580986,0.7167355583657727,0.11824386978478674,6.030348581693323
employee_onboarding_process_93.txt,text_eval_2,10,0.28799586404453625,0.7286169009979325,0.75141146282355,0.08514199877431684,11.685427370364888,5.475579579200192,0.6677099841865791,0.7895238178092859,0.12181383362270681,3.033565889448
process_for_optimizing_a_process_99.txt,text_eval_2,10,0.18101985255877184,0.7569546973858124,0.745875671505928,0.0562865052854673,7.435914656432685,4.508970202689237,0.7166897571168991,0.7972196376547258,0.08052988053782673,1.485371664893665
purchase_order_workflow_169.txt,text_eval_2,10,0.07514935731887817,0.8227055877447128,0.8283062279224396,0.033779072864928886,4.105851882874363,3.483024443441406,0.7985414946934997,0.846869680795926,0.048328186102426285,0.6761557487952629
